mean_pps,mean_bps,total_packets,total_bytes,var_pps,label
0.5625007830759595,6.554457807782041,107,1303,0.4589010376626686,BENIGN
0.2081450733304404,13.3789483152701,319,32516,0.25163144502007184,BENIGN
0.002581160385179594,0.03311411735377193,4075,54517,2.7586842330280894e-05,BENIGN
0.0007464176707183665,0.008277504634786348,4893,61783,1.7737411490805765e-07,BENIGN
0.0008030678548919881,0.008682696455816997,4614,59217,2.6625871356820065e-07,BENIGN
0.0006992491087271437,0.008497043605645307,4858,62396,1.3416124153862108e-07,BENIGN
0.000778563669242425,0.008764035783325902,4335,57959,2.850755871165876e-07,BENIGN
0.0015521772488582461,0.020806045971559467,3397,43651,3.51005783013455e-05,BENIGN
0.044281807398362884,1.2061109350170185,231,5890,0.019444934687106022,BENIGN
0.004611110593709681,0.05913296117304801,400,26809,9.077243861938504e-05,BENIGN
0.00013080167770036024,0.0033021753785685694,116,3010,3.74573821341854e-07,BENIGN
0.0002865015219597944,0.008197909201138626,116,2961,1.0096199986931505e-06,BENIGN
0.00010356033028339016,0.0026303785939253595,114,2947,1.690912613705687e-07,BENIGN
0.00011721529519922694,0.002893461020847131,122,3127,3.242913632224612e-07,BENIGN
0.0009776465988943443,0.009161235095828866,4694,71311,1.1063031332061498e-05,BENIGN
0.0008860143375073,0.005783692182294152,1131,69493,1.2369966507555626e-05,BENIGN
0.004021188734632507,0.08440318293265563,910,67234,6.77627429753335e-05,BENIGN
0.010969125437541409,0.20870572769077542,240,5012,0.0001248514403221454,BENIGN
0.008325087592503793,0.14928785976344794,246,5096,0.00010094165908959477,BENIGN
0.0078059329561322175,0.16427935057491166,252,5568,0.00010876487277674632,BENIGN
0.00676673439112834,0.14076062418292576,264,6224,8.454216256740353e-05,BENIGN
0.00870876534457481,0.1780838658702264,256,5946,0.00010285730102334276,BENIGN
0.009495416153258184,0.18505869406101724,242,5114,0.00010912611040799584,BENIGN
0.009162878539399979,0.192149201714919,264,5922,0.0001086350779824068,BENIGN
0.010562170110683144,0.2012313038688579,254,5238,0.0001168982312937423,BENIGN
0.008170376167349846,0.1573345994729417,427,18540,0.00010584260692530046,BENIGN
0.0014738907892445855,0.009051794963582384,667,33353,2.3239641020297924e-05,BENIGN
0.00044161904932885505,0.0028654878485990976,879,43417,9.446034639050768e-06,BENIGN
0.00030840034713773453,0.006086641649322125,1292,90783,4.5881237342138784e-06,BENIGN
0.0004941022590519701,0.0023101238315668795,904,43649,5.646081613825491e-06,BENIGN
0.0009624646429243422,0.006052053776316678,697,28035,1.0550797736985386e-05,BENIGN
0.05551623736978715,0.7696799046270774,906,12984,0.02625571780206113,BENIGN
0.13444232175981974,3.0615579150268495,1195,1290879,0.11127844621890966,BENIGN
0.30773347494938547,3.594723274146091,108,764,0.30472045154707694,BENIGN
0.2826001745301234,2.7839021640431008,115,780,0.19958942958353287,BENIGN
0.24396054290725527,2.4941957457807,135,22902,0.2000233500864708,BENIGN
0.12612386475856754,0.5597757315075675,694,76590,0.05437358305536589,BENIGN
0.0008663909813299238,0.006198294397041368,1925,98272,3.4667159877091104e-05,BENIGN
0.006764358406958195,0.12657814437843168,226,5508,0.00010985790901538516,BENIGN
0.011423264527348724,0.23390821630814604,252,5656,0.00013486473803538468,BENIGN
0.010108735776943744,0.20437458568786163,250,5510,0.00012543578452019316,BENIGN
0.005283281654902822,0.10303086361906706,1795,23896,8.207055806929797e-05,BENIGN
0.016140861915096685,0.06804687175853733,497,21536,0.005004704111654004,BENIGN
0.007015786237794358,0.017765105829103584,951,59771,0.001636483478248246,BENIGN
0.01429458018239626,0.09295969858121435,843,40903,0.008877507044814428,BENIGN
0.014975913961086966,0.10925495488789289,1370,60713,0.00890943909852783,BENIGN
0.0026298423883605133,0.051629079968002305,543,55316,5.859485389435826e-05,BENIGN
0.010658853461339164,0.2151464723132581,200,3918,7.583913832552447e-05,BENIGN
0.008741995001071347,0.15316296664472914,200,3672,9.926276619790525e-05,BENIGN
0.008112100893903917,0.14780276921694283,200,3660,7.709828093438876e-05,BENIGN
0.005444927388817482,0.10074017483227644,204,3600,6.922014907004474e-05,BENIGN
0.0027490448582533173,0.041382658239725145,1229,10726,4.1098797059330205e-05,BENIGN
0.00234548405912707,0.03452807317002291,4425,136836,7.870831068026296e-05,BENIGN
0.00024511322291387284,0.0025204497016920297,2094,42944,1.8580624393474953e-07,BENIGN
0.04083706880624314,0.2451067144390896,903,43860,0.07996495871584697,BENIGN
0.0008012413542937513,0.002248350819701234,840,323510,1.572751624239899e-05,BENIGN
9.764696704861552e-05,0.0033691598725366133,871,58423,1.4243991766649382e-08,BENIGN
0.0503314369509979,0.3011549677254328,1247,116957,0.08415464879102236,BENIGN
0.01276237072057169,0.24280555002805582,509,13198,7.323873039782265e-05,BENIGN
0.013555156448720174,0.23096747151499095,200,3356,0.00011788288843352462,BENIGN
0.004802746503011824,0.08439768963256451,1165,35360,5.4729770087232966e-05,BENIGN
0.037876686719737665,0.22749396300554786,1195,49725,0.02185217848810346,BENIGN
0.05868800116408576,1.4752477111152538,444,14329,0.04092349796322965,BENIGN
0.0002678430817240099,0.007808372666054433,102,2731,9.122559474587479e-07,BENIGN
0.0001878448608162934,0.00502651205602857,104,2763,4.378029542118624e-07,BENIGN
0.0007389272472702422,0.01930171789538417,112,2775,2.2299346046749114e-06,BENIGN
0.0022125423365385866,0.02779337036902552,214,5730,5.1328145346280896e-05,BENIGN
0.05556176961480885,1.8191349319819397,234,10480,0.024403123229327032,BENIGN
0.040045044184096115,0.42727069391859696,303,12838,0.02284849177775992,BENIGN
0.03551630180346077,0.7375306404358614,494,460889,0.008986792845436244,BENIGN
0.14841972989557045,4.827386600674265,110,1301,0.05844794509181674,BENIGN
0.10943796170380977,10.496522058878018,106,5838,0.045470790985537655,BENIGN
0.19150106306948614,3.243627556075402,331,1127,0.07275125942822375,BENIGN
0.21202802216904781,1.765744654825271,177,2984,0.19324431543943182,BENIGN
0.00680194721364744,0.08050967082631894,967,15783,0.00011345286442961025,BENIGN
0.03770408016936637,0.9881232852828284,166,2677,0.017763905741303255,BENIGN
0.03513617161753896,2.680616271375769,327,10949,0.013582820906096993,BENIGN
0.06697563881438391,3.508672954185166,802,58748,0.032028309589980236,BENIGN
0.14136926048710785,3.5635346714001175,503,87057,0.1348006004379031,BENIGN
0.07427347232976966,21.060334321476034,862,37187,0.035192956801348756,BENIGN
0.24831215794615688,2.565920408984627,118,845,0.1436419118816329,BENIGN
0.1365107438308767,1.16518528854734,335,7910,0.091656847345129,BENIGN
0.02988583746582981,0.21041153663862325,669,43601,0.017304747571127925,BENIGN
0.004733305670178699,0.0808620613202109,200,3590,6.592478721297398e-05,BENIGN
0.0037457143183372366,0.06057704313631922,939,183617,4.160772228965477e-05,BENIGN
0.013356662615807344,0.08027467585729779,555,24841,0.00888825879450811,BENIGN
0.005197208276806594,0.11000002398288601,847,56343,5.553271388692566e-05,BENIGN
0.011929627293831619,0.20245199747320236,200,3426,9.801035927440971e-05,BENIGN
0.08754020545380743,12.73697056936652,569,35867,0.10119768798074513,BENIGN
0.011187959005206092,0.06710844393142934,1722,56207,0.004997996332001306,BENIGN
0.06549104356077634,6.190281491076172,383,29277,0.09818491277537776,BENIGN
0.0002157714876571285,0.005586587122821779,116,2968,8.268946962627151e-07,BENIGN
4.156898546813586e-05,0.0011143291730309223,112,2908,7.80924271634973e-10,BENIGN
0.0006536138423847093,0.022550965143407084,110,3023,2.065549146727581e-06,BENIGN
0.011726442789660441,2.285219333755184,131,5579,0.006381083176342014,BENIGN
0.006640884508010694,0.14202693429069657,477,15192,9.746508051958335e-05,BENIGN
0.0063878110238591666,0.13304672112216556,928,20843,9.087032567688634e-05,BENIGN
0.07518323644008945,0.2928350808425892,1552,65134,0.10163099061341209,BENIGN
0.000668009372993812,0.011043307338441997,1264,41289,1.0806834650621476e-05,BENIGN
0.012160320776618903,0.25488846976824314,200,3996,9.932154607407937e-05,BENIGN
0.009443316647557607,0.20735867592477958,204,4264,0.00011939182238400846,BENIGN
0.009931046372406343,0.2001167243340521,200,3984,0.00010074464097683875,BENIGN
0.010239980117691188,0.19402477035548873,200,3906,0.00010421742071604247,BENIGN
0.006176596420096568,0.0741028154897453,1715,59065,0.0005063612328311179,BENIGN
0.0016210415898161626,0.010111109878824114,877,27368,3.1572081498518426e-05,BENIGN
0.011368572484434045,0.02860060084375585,1070,63469,0.0049944556987021336,BENIGN
0.3109634701068677,4.830443464208131,144,1868,0.1697960725895208,BENIGN
0.17053185569181828,2.127363298655213,111,769,0.12994810827321873,BENIGN
0.24049631186415923,1.1052378915634202,221,1001,0.1923511967701369,BENIGN
0.22149327050732048,0.7429698104317507,161,1935,0.14946516669527307,BENIGN
0.04430847343794985,12.41494292639868,337,25768,0.07976547226744486,BENIGN
0.027863800082794342,2.948982904894363,1196,59949,0.014418122695038418,BENIGN
0.013199932293434852,0.2494986801915103,200,3646,8.498193069541866e-05,BENIGN
0.013538267454662323,0.23955393910589876,200,3500,8.583786600462531e-05,BENIGN
0.0036536422317944737,0.052741187508303644,1450,48805,4.01706860151195e-05,BENIGN
0.014052448539431914,0.08021316333971129,1379,47916,0.008877450364490782,BENIGN
0.0033666328083812327,0.06034790324510825,558,30592,4.1112702430171675e-05,BENIGN
0.00398898082851232,0.07369604717654815,200,3702,4.664511720237442e-05,BENIGN
0.0006879072252616649,0.010376927373979772,1678,25390,1.110814906771731e-05,BENIGN
0.013984149580605652,0.6638186226621734,651,33261,0.008445331024906393,BENIGN
0.0005104642251060787,0.013368941032979899,104,2632,1.700235718511809e-06,BENIGN
0.0004654611136052986,0.0117443558009352,625,19653,1.4828011282677815e-06,BENIGN
0.013512486710207655,0.25101499074843703,488,39463,0.00011831101255291315,BENIGN
0.0686879656044143,1.1709329684957763,1095,72573,0.0866753195201617,BENIGN
0.07140934749146108,0.2910654191163962,113,698,0.01705719653016124,BENIGN
0.11461649084243543,0.6667550544387167,111,643,0.04273284346836314,BENIGN
0.20469549867105566,26.62554363213374,238,24556,0.14514857427822386,BENIGN
0.034957219317927814,0.8297008501902012,836,213485,0.0172793240763489,BENIGN
0.02340473836615696,0.8382422010816488,205,4290,0.00745992414712699,BENIGN
0.06068395490011912,0.3951944253714475,568,25969,0.032693556510967225,BENIGN
0.023438003534716863,0.14246823790543175,261,10983,0.013612057490169959,BENIGN
0.00019240834699447442,0.004583246692517067,675,11933,6.470733221957625e-07,BENIGN
0.004550114473871294,0.08090417332997575,1302,54726,6.544504016170714e-05,BENIGN
0.010932222852722112,0.2467184861547418,244,5812,0.00012421990850738094,BENIGN
0.008280696252780917,0.14160329096194413,481,30016,0.00014310823502878617,BENIGN
0.2719120080547166,1.384771814949591,681,30421,0.2555639205457468,BENIGN
0.17227755049986823,2.1829405581217705,125,712,0.14427559970675122,BENIGN
0.263906481096526,10.373971093108599,335,3584,0.3196582979921012,BENIGN
0.05130712865186941,21.035492073935885,427,51423,0.03850122837216075,BENIGN
0.04952472176543586,1.1241719960855676,278,10747,0.029715632936996764,BENIGN
5.461085360662669e-05,0.0015126406064947446,112,3107,9.277304729127931e-10,BENIGN
0.00618164111593237,0.09970025516838552,727,47626,0.00010143851759449683,BENIGN
0.06466031893762972,1.2684797004600425,1601,91038,0.09157909314187514,BENIGN
0.0044657827383925534,0.06659912455415974,527,28334,6.55279339342448e-05,BENIGN
0.015835297860991075,0.32698667760993194,200,4038,6.325804950496315e-05,BENIGN
0.011418853689220899,0.22164634533318148,204,3924,0.00010224844845310656,BENIGN
0.009798574333410512,0.2246361054611679,200,4228,9.729075593179356e-05,BENIGN
0.0038355363296773298,0.06936943158023891,1270,26885,5.4233509181810465e-05,BENIGN
1.9825884217780803e-05,0.001010095882750009,791,29201,1.0996748560393566e-09,BENIGN
0.09286144476035252,1.0179498411156935,400,18482,0.09752753803230617,BENIGN
0.396332036049724,5.587556236525238,117,1796,0.32637787014898484,BENIGN
0.04668226423059589,1.0770071027919765,859,26145,0.025635251769470072,BENIGN
0.009276648631291124,0.1996888828150072,1135,21542,0.00010688644780894916,BENIGN
0.00623886431453208,0.24889871511624637,2126,187878,0.0009155882743151547,BENIGN
0.01348865531968154,0.24025959883282802,200,3582,6.718523903886408e-05,BENIGN
0.010915076913022561,0.19006251968712007,200,3480,9.914240980281395e-05,BENIGN
0.052570246751635456,0.3578399266872635,1114,34131,0.08395263626028894,BENIGN
0.12239247275721248,1.9041639995992745,1077,48282,0.1744033642582316,BENIGN
0.005235122154512915,0.033768167054817215,210,6145,0.0009829482043375959,BENIGN
3.773759773543058e-05,0.00106228554104827,114,3078,7.446836841102691e-10,BENIGN
4.4668994372839955e-05,0.0011862519034482773,100,2666,5.928767250801331e-10,BENIGN
7.87065622548004e-06,0.0002581109680748084,3337,98863,3.4952061390698354e-10,BENIGN
0.005237815870120952,0.10311704668665048,1650,64781,7.809843473073344e-05,BENIGN
0.008414183599148422,0.1925920601130227,252,6442,0.00011874776435312677,BENIGN
0.008641935867248396,0.18735149470009238,238,5774,0.0001062404447905488,BENIGN
0.029274687429479633,6.305212636297302,319,27467,0.01974687109197264,BENIGN
5.689823843286374e-06,0.0001033053156408157,2945,66972,8.102118025670644e-10,BENIGN
0.044664337461793525,0.3560916675021463,1301,235243,0.04436018941117912,BENIGN
0.09174289238980035,1.0689017715455673,383,12469,0.09689299553576357,BENIGN
0.10792777737564636,1.116378669003018,105,324,0.09101240696901564,BENIGN
0.26691081664618954,3.201212146753606,110,915,0.1749385108212573,BENIGN
0.021150694745752766,0.31506495413572344,822,27717,0.009071101824197845,BENIGN
0.010059670493171573,0.2040001134886942,236,5426,0.00011122951324720667,BENIGN
0.013086122633004769,0.2597491001231134,252,5184,0.0002075414265839435,BENIGN
0.005114491302868496,0.09077439204434436,494,24646,7.374650784926791e-05,BENIGN
0.0031803185944023443,0.019260597985479896,719,24106,5.800119950501547e-05,BENIGN
0.019113742702290947,0.3868924767227092,589,96394,0.005247327094332422,BENIGN
0.012476712054021864,0.19393309381778703,158,2754,0.00011969472073537367,BENIGN
5.369016379310018e-05,0.001218053421344666,217,10375,1.3770437172806364e-09,BENIGN
0.0002006001278057396,0.004913260268583583,108,2882,6.115271121167732e-07,BENIGN
0.00011861946369241136,0.003121512482269384,104,2792,2.888525607095477e-07,BENIGN
0.00217263572207724,0.007810511738936064,2585,55530,0.0001077342437175882,BENIGN
0.009091745826185256,0.16914656697733746,540,52864,0.0001247845541681485,BENIGN
0.011447840710236983,0.24666593812961754,262,6090,0.00013371234753996645,BENIGN
0.011498398764945622,0.24460398288066132,254,5876,0.00011089255472122063,BENIGN
0.012145851230125968,0.22821226124976288,260,6440,0.00013128340772628968,BENIGN
0.002169426756817123,0.008931211693325685,814,55325,8.064543023808107e-05,BENIGN
0.0005920920316455581,0.004025256253734371,901,112181,8.140199321418862e-06,BENIGN
0.07186431959817462,41.73639639732259,738,49188,0.09088091384640976,BENIGN
0.17277985530367587,2.3562949958391983,114,843,0.06998053001381377,BENIGN
0.20453030432607855,1.844724991895943,105,982,0.14271831116477035,BENIGN
0.16791011896246613,1.3603893447927748,268,1267,0.10161940028507266,BENIGN
0.012820616211915685,0.07215935028228752,1383,168359,0.0013094800498150096,BENIGN
0.01038807982797692,0.20260012998220708,480,10421,7.131224728966567e-05,BENIGN
0.009553900442705765,0.17240917299384267,535,34520,0.00010632587712011868,BENIGN
0.029829436820983986,0.3770749551589861,5090,85303,0.017287328641575797,BENIGN
0.07725760512953056,12.610298226888206,336,27798,0.10539631119805436,BENIGN
0.027778341208816847,0.4972947191628403,504,42913,0.01738697216489882,BENIGN
0.00921818125367993,0.17374082470214167,1365,65487,9.859316901322679e-05,BENIGN
0.012196224971087072,0.26478577197754666,242,5432,0.00012864398689826163,BENIGN
0.027900410968976653,0.4852848810419755,1006,168810,0.013472297879897104,BENIGN
0.14247634361980985,3.425263533864167,358,19183,0.17014654587729533,BENIGN
0.13885163081142213,0.661624339018844,104,414,0.04562729410495465,BENIGN
0.3642658838935249,3.974690932419969,142,2068,0.35158053377036586,BENIGN
0.04736013528994009,2.7475029879055506,459,17939,0.022527958172065404,BENIGN
0.010787169618010888,0.21063584892541254,250,5560,0.00010386477592058408,BENIGN
0.004724712211601192,0.08882972972252107,2210,40917,8.434041025096073e-05,BENIGN
0.035050703660720536,3.006329727506537,718,47616,0.024886732469919397,BENIGN
0.019709329224116008,0.728614090651722,828,22630,0.0062657438923418496,BENIGN
0.010556826373315106,0.18349696997961726,200,3370,0.0001052374860676339,BENIGN
0.033269155141616776,0.2977963855588604,803,29579,0.017135716202466414,BENIGN
0.026363421671021178,0.853036606265963,1670,42028,0.015501202618771845,BENIGN
0.0003085631131136953,0.007930259297086895,114,2980,1.1653382325027868e-06,BENIGN
0.00047561309274943986,0.013468494426211315,116,2954,1.482995623129095e-06,BENIGN
0.00020181055293607745,0.005924051915049192,130,3272,7.628754199547798e-07,BENIGN
0.05858762695575837,0.545630123782804,667,46928,0.09185500377959423,BENIGN
0.0019666607155537814,0.022615197633327675,866,70661,3.723437402391845e-05,BENIGN
0.011727182720616448,0.25855499053797404,250,5762,0.0001287500553795798,BENIGN
0.051557005803257505,1.8462807790420874,264,5970,0.07922023163529282,BENIGN
0.014445093794119337,0.3043238511532579,226,4750,8.774869015312485e-05,BENIGN
0.005822936156742504,0.12031827751922736,513,45386,7.418805880002011e-05,BENIGN
0.000858449136955991,0.00594731304071589,981,69096,1.6966498696311195e-05,BENIGN
0.020648382397271695,0.9085777106945536,504,49163,0.0050891400433047155,BENIGN
0.022475805261988523,0.39206510615878726,306,19046,0.0001201170838908531,BENIGN
0.007528676938365695,0.17723145181244118,3802,78038,0.00014857137284548125,BENIGN
0.0047396687153585275,0.100824476915315,587,19718,6.686784339468856e-05,BENIGN
0.011906808037031704,0.23622389294384166,200,4004,0.00010796160183290727,BENIGN
0.009066844238912077,0.13515528494103424,1370,26947,0.0004029358865814796,BENIGN
0.03869240231203192,0.4338679614118325,3087,68817,0.018066111756290467,BENIGN
0.1464229950757333,1.1358631598057247,114,701,0.11223295414564274,BENIGN
0.3897727926187992,5.546795378360448,290,5048,0.36233369396731635,BENIGN
0.4939681774891019,5.057499379005682,111,1045,0.40367535058710924,BENIGN
0.03964524934425617,0.4997442953665145,691,128504,0.017895677625893985,BENIGN
0.012408209120775669,0.2573124330734275,200,4052,6.303979119717943e-05,BENIGN
0.055625573979926866,0.3443716797813136,645,30238,0.029280129783600756,BENIGN
0.2762448035538394,2.1274060731038493,640,17207,0.39764558452867504,BENIGN
4.235175230587398e-05,0.0011191287767986023,110,2906,7.983173030233279e-10,BENIGN
0.00012349116938219427,0.0036916339855841383,1283,18355,3.9001619850978606e-07,BENIGN
0.007140491295081125,0.01697667941743096,1040,37281,0.0022248055904432913,BENIGN
0.010842744156716735,0.23401157476833842,234,5162,0.00011426973111557542,BENIGN
0.010627964987663283,0.22510665488518222,258,5900,0.00012739378445901788,BENIGN
0.009262384883783076,0.20020678035317727,248,5792,0.00012277991222616686,BENIGN
0.0070911186934124295,0.13604893670179952,277,10634,9.109491137203779e-05,BENIGN
0.00040207542184293667,0.0029179603947957046,701,44350,7.5306656392119075e-06,BENIGN
0.0026735286458489517,0.005784126648227833,534,40219,9.911427549601658e-05,BENIGN
0.03033871351562404,0.8226618920577762,4958,38698,0.01172452027530076,BENIGN
0.2879114284080478,19.720411739521623,273,34484,0.32981938561745633,BENIGN
0.05573250278119558,0.6411660606798444,149,3622,0.019484208630164583,BENIGN
0.17583826122758603,0.7296248127054293,851,34756,0.1932901674183515,BENIGN
0.00010608554146259779,0.001056940171931641,643,22092,9.022486681168444e-08,BENIGN
0.017319640663470776,0.7313209979212516,484,12746,0.008390232420636676,BENIGN
0.006835503921156854,0.12883182360919793,200,3632,9.288825813823866e-05,BENIGN
0.006902296601955021,0.13478161497941057,200,3698,7.512449200148658e-05,BENIGN
0.005667976881162269,0.1070248824027396,200,3854,6.155473121044086e-05,BENIGN
0.01724790306141723,0.1585941666324302,335,11230,0.008832905090622657,BENIGN
1.956083898251491e-05,0.0002475741197244155,1294,26759,1.2911811339952178e-09,BENIGN
0.013353011780387147,0.00038879576258823615,823,70983,0.008888357153021656,BENIGN
0.01026358768201508,0.270478768048102,645,71498,0.004996029578081722,BENIGN
0.037591034490901155,21.419172808904612,520,40553,0.026876933174769052,BENIGN
0.01986395181715568,0.3684111183367333,762,36876,0.004936460119661415,BENIGN
0.07860368913553926,13.381249725787477,254,27566,0.09534389436890352,BENIGN
0.0005234382222451216,0.01377726496271847,104,2618,1.737097872465774e-06,BENIGN
0.0005487385140427075,0.01720550552119748,104,2739,1.9998328384113597e-06,BENIGN
0.0321806736818374,0.7346461309658621,360,13305,0.013835092659698898,BENIGN
0.12293487626477495,1.304148175532848,491,25903,0.19092003640404548,BENIGN
0.3860382698601871,3.9373160102113833,111,991,0.399493733517591,BENIGN
0.31346201130112616,2.2157890715113804,329,90011,0.21231462400027631,BENIGN
0.2413388283094404,13.908825574407913,243,21762,0.31439171147618605,BENIGN
0.08224066713324893,6.3873875018919195,1468,169383,0.1044564013740804,BENIGN
0.09663839004324354,22.493967467943673,364,31676,0.10972106776624747,BENIGN
0.08540700405241866,0.5792233514345979,218,3862,0.049974374140820434,BENIGN
0.05666754011852681,5.008711731316775,501,19478,0.025974093050841328,BENIGN
0.048385511505176435,0.3963554062673513,534,22130,0.017113316847805867,BENIGN
0.09518170885708077,0.5326302896991606,806,40597,0.045055105565875275,BENIGN
0.03143651059352332,0.47139281257801435,392,26012,0.008722805918658027,BENIGN
0.015128398996540582,0.6928003706902601,2285,38283,0.008424435382469187,BENIGN
0.09509017182810352,2.3437373593987827,1947,52193,0.1334004585468975,BENIGN
0.008133415368595012,0.15286636556801264,210,4094,0.00010695903690505985,BENIGN
0.0030786407238897447,0.04160103223786975,5936,64144,5.9597945474114546e-05,BENIGN
0.04471692297003523,2.5003338434898796,1157,27242,0.0798384572856632,BENIGN
0.10709616652514581,0.868817356052829,370,8973,0.049624507335620106,BENIGN
0.02311743381074888,0.12677164952973705,807,43409,0.009415954965046044,BENIGN
0.005927743081185238,0.1107092036133413,590,18888,8.539225137050689e-05,BENIGN
0.009407295108340746,0.17787212515293455,250,5012,0.00012883001392757014,BENIGN
0.008622290568446536,0.16328564753758265,250,5428,0.00012192888379282826,BENIGN
0.013588815117637236,0.2444852293459779,236,4910,0.00010171124022202878,BENIGN
0.012063541100779037,0.21639982963523066,244,5206,0.0001207868093772563,BENIGN
0.011794323756056317,0.2178886231245101,234,5068,0.00011374471846544835,BENIGN
0.01238689768884786,0.24354340749154177,224,4890,0.00011129869029976591,BENIGN
0.004491602676027836,0.04895640589657892,956,18624,0.00014086641888906912,BENIGN
0.11681513308891855,15.856213581594375,639,83819,0.1639648536418413,BENIGN
0.0005180759085542753,0.012339197098056857,102,2523,1.6895757913494448e-06,BENIGN
2.1894700369340787e-05,0.0005113126273498881,102,2470,3.8297948383976156e-10,BENIGN
0.00013436562315953627,0.0030866914958604546,100,2540,4.1779876522785447e-07,BENIGN
0.05762610388069622,1.5872994573014705,330,19845,0.025667240548868125,BENIGN
0.1441553634049864,1.6128693384553117,531,43822,0.08567639375433676,BENIGN
0.14261866614248478,1.1007272988167318,334,28093,0.16662904035675855,BENIGN
0.022465171046583896,0.28737160674838264,762,21872,0.008735374687088258,BENIGN
0.24018641388502682,21.95820247188749,298,25297,0.26775448774602456,BENIGN
0.10366034473545616,0.45678162121628074,306,6695,0.04904314519948145,BENIGN
0.057500962474381294,21.541558030488567,526,34538,0.03374122977821371,BENIGN
0.017343848671176013,0.26612275121715123,854,32862,0.008933498947084548,BENIGN
0.005366139313125874,0.08995824002413101,200,3480,9.46525850800156e-05,BENIGN
0.0659664823420023,2.1746893008129753,2894,48143,0.03580586750036326,BENIGN
0.000994800040295274,0.024075662265265453,104,2546,3.4477911067988046e-06,BENIGN
0.22050331618439856,43.3639995456874,684,41621,0.4271402361379897,BENIGN
0.011910067049718894,0.12613598464321377,396,34982,0.00021819971223724935,BENIGN
0.038342780272549365,0.8010794085983329,977,35235,0.02054365714761012,BENIGN
0.06621642813391042,0.2965904464273097,3099,80643,0.09138690013584838,BENIGN
0.011020154001722944,0.6416030976477772,4750,37661,0.004997231814383164,BENIGN
0.04366759857439962,0.11593398635036525,336,14077,0.016837546464630895,BENIGN
0.13565380671381033,42.565471072434356,1933,75795,0.1151973281837638,BENIGN
0.05585691160925203,0.6446918868508378,385,24126,0.07882531416096057,BENIGN
0.022738376957039494,0.9085058127089569,321,37092,0.008864703418714264,BENIGN
0.12531167339521282,21.66232270312207,594,33413,0.17334554778580272,BENIGN
0.20054074605573718,2.6763583155306616,306,5926,0.20025761142428541,BENIGN
0.0006940214472924681,0.0029651965391734258,1260,29205,7.149188083517105e-06,BENIGN
0.0026670991499487457,0.04729692926128423,6624,77131,5.7598574352576404e-05,BENIGN
0.004459336275348821,0.08495930566238101,204,3752,4.712519632375832e-05,BENIGN
0.0019476572863675174,0.010039023538747438,388,21493,4.462178925785621e-05,BENIGN
0.004522902483491558,0.0005535550517199538,225,12222,2.449903949789947e-05,BENIGN
0.0026510453982749064,0.0006442754321805712,446,24574,1.807230511096785e-05,BENIGN
0.008547905401467727,0.16463743218524673,639,19946,0.0001238785815556362,BENIGN
0.007319828134847998,0.1790769513220274,250,6688,9.497769178658016e-05,BENIGN
0.0033095506562655303,0.033172496169574656,880,33318,6.083901046852488e-05,BENIGN
0.00036774507958403033,0.003087112996516785,1684,64546,5.011122356783019e-06,BENIGN
0.001242294038489513,0.014289791004557224,1131,32793,2.5555583699339898e-05,BENIGN
0.01058500382078184,0.2045726033090722,234,4826,9.250129795715373e-05,BENIGN
0.014502486184102683,0.29438688605380886,228,5002,0.0001949884647476179,BENIGN
0.008876225860302253,0.1804762913100825,244,5242,0.00010295014800289169,BENIGN
0.03284769746363509,0.3909202187469992,2749,75542,0.024463506980138376,BENIGN
0.003653669265342818,0.022838771107436293,870,28779,0.00011444854302158317,BENIGN
0.04423148301286611,12.437451377447173,4799,86216,0.07974989326351699,BENIGN
0.012146437840597702,0.6008249003376246,163,5440,0.006976683499552565,BENIGN
0.00016455214940386723,0.0035917596330943312,102,2356,5.123791499271997e-07,BENIGN
0.00012566337623711393,0.0033375026877502357,104,2753,3.573405189195174e-07,BENIGN
0.00011441030644478312,0.002801689444565509,100,2492,2.210563498930366e-07,BENIGN
0.1627369182910748,3.969346715076737,564,35935,0.19051706920574807,BENIGN
0.1346245180506042,3.404147714349404,143,3764,0.043872169803263514,BENIGN
0.10950584258076983,17.82616885368576,287,29743,0.10166044064943083,BENIGN
0.05313719472171148,1.32653036773228,332,13778,0.0219244205413845,BENIGN
0.156272166412181,2.4476298134365093,324,2811,0.13995777787077074,BENIGN
0.0007316902784785331,0.0014948919105424302,928,124652,9.022432449079145e-06,BENIGN
0.028124300569744375,0.8789212053602675,197,3518,0.0073316117126813974,BENIGN
0.01810002571507622,0.2942568176945777,200,3254,3.896965098674279e-05,BENIGN
0.01689291465218157,0.27459678929779663,200,3254,3.3320048724738694e-05,BENIGN
0.019151408532450665,0.3124095116205383,200,3250,2.45374428199039e-05,BENIGN
0.01965914736439936,0.32181934002249774,200,3280,1.8018075169979913e-05,BENIGN
0.014723910004985638,0.24786752473210605,200,3430,5.9924271676239527e-05,BENIGN
0.009562926668212951,0.14179679893053354,522,23493,7.197332451838055e-05,BENIGN
0.004900929662949697,0.0006795875048382535,233,15278,3.917964255092832e-05,BENIGN
0.0030861421079817273,0.008067561175743608,235,12883,1.8113729837907938e-05,BENIGN
0.14323340475474544,13.239443924650727,674,48907,0.23312978224426267,BENIGN
0.0002236277153358864,0.006342098410138997,106,2851,8.882885778860868e-07,BENIGN
0.12229418543091007,22.214767912122923,262,25361,0.1780404142684944,BENIGN
0.08431380301766885,1.2738500426143593,653,24981,0.10872385411822741,BENIGN
0.008003613623724697,0.1681361727766874,238,6179,0.00010386418968334221,BENIGN
0.006128138006406698,0.13792418409358834,200,4270,9.3423619766482e-05,BENIGN
0.002341476224021249,0.03266934861941924,4288,46131,4.464965555117917e-05,BENIGN
0.01338314793485095,0.07428535235301649,1025,28170,0.005017952414000314,BENIGN
0.4377613705661094,7.4110131237778525,119,3460,0.40693276098131226,BENIGN
0.29662296933297727,1.5619968097254608,212,3552,0.26301707741726255,BENIGN
0.036288376362591544,0.17111893551765828,414,9020,0.028198948075465143,BENIGN
0.00783982781351125,0.0881704213036163,319,7674,0.0001761748460889385,BENIGN
0.08522324151038255,1.76773917825181,160,2298,0.03694183028685955,BENIGN
0.01726615152170391,0.2555675133174814,606,37350,0.008877797072530577,BENIGN
0.014856667726704622,0.24193662845584352,364,6605,7.858528787952003e-05,BENIGN
0.018001907881023214,0.2987216154028431,200,3340,2.9147924292882016e-05,BENIGN
0.01751631408120531,0.28665400543598785,200,3270,8.282816320930821e-06,BENIGN
0.016088474660310038,0.2612724535283414,200,3246,3.9627052543466735e-05,BENIGN
0.016334287644629866,0.2661884928894482,200,3286,3.640872097334724e-05,BENIGN
0.011907212563708818,0.20118828408566913,281,5958,4.955675289445832e-05,BENIGN
0.0051175546214898325,0.0006885734591530058,854,114678,0.0001631401098826249,BENIGN
0.004667014470810924,0.0007373342092320895,226,15685,2.620027841047962e-05,BENIGN
0.0607527480725242,23.43297740109451,477,37085,0.040863162023146944,BENIGN
0.06212513028847815,1.9066198922122075,339,25546,0.023959907960506358,BENIGN
0.018915523951958942,0.42336722363958385,351,25178,0.00011227904576575378,BENIGN
0.1821545366668186,2.6479824999987494,304,1781,0.2478809842379987,DDoS
0.0001750321152358573,0.0005391910217799647,325,1292,1.5493944196431982e-07,DDoS
5.02403617993317e-05,0.00016267968198867397,317,1296,2.4629762759367836e-08,DDoS
0.00014901490537839763,0.0004748250571450995,319,1300,1.3662571802401379e-07,DDoS
2.5200158342065994e-05,7.909632327612737e-05,323,1292,1.673475459900651e-09,DDoS
4.07093761675116e-05,0.00012910771553643368,319,1316,6.278251537428693e-09,DDoS
3.516375248223532e-05,0.00011692085813520935,329,1342,5.822288281876268e-09,DDoS
0.00010749475841032716,0.00034060348219183846,328,1288,3.0463977785795155e-08,DDoS
0.010067515647444679,0.030277965074279982,332,1278,0.004998628579519441,DDoS
6.290124565925938e-06,2.136538938134221e-05,313,1336,5.4903009500390334e-11,DDoS
1.0822466819455859e-05,3.5061445532998266e-05,317,1292,1.6572321491132378e-10,DDoS
0.005008081185031172,0.02252737908435205,327,1260,0.0012499175798563538,DDoS
7.41140355569873e-06,2.4725334187289957e-05,324,1304,6.296917253049889e-11,DDoS
7.032308225513953e-06,2.4183476998130266e-05,348,1288,2.9707986674307387e-11,DDoS
3.0312223893516706e-05,9.1841810280756e-05,325,1298,3.6379922151549953e-09,DDoS
3.649353914049047e-05,0.0001177382174227389,324,1282,2.553328387051473e-08,DDoS
1.7280967883716114e-05,5.636078572598905e-05,318,1262,1.4084691403243182e-09,DDoS
6.87430243849168e-05,0.00022739135427854605,313,1254,2.3854674435789848e-08,DDoS
5.206172722755033e-05,0.00017683411024865922,306,1278,1.818121612126288e-08,DDoS
3.947062912531168e-05,0.0001247461909924208,317,1288,1.0441284883427392e-08,DDoS
1.51259424994878e-05,4.632134880607101e-05,323,1308,5.876390828560005e-10,DDoS
2.716562215061109e-05,8.512986544932367e-05,324,1290,2.794322438518282e-09,DDoS
1.1688116258026906e-05,3.7219782124760665e-05,320,1304,3.4984218182163177e-10,DDoS
3.9661753322167015e-05,0.00012527545256934086,322,1308,4.434742183339051e-09,DDoS
5.0584329473915004e-05,0.00017190287924378697,328,1318,7.622802788095824e-09,DDoS
6.498185147517694e-05,0.0002053703682321562,335,1314,1.3468820140108491e-08,DDoS
0.0011877634894081272,0.004743801898847667,323,1278,6.917732171784414e-05,DDoS
1.1602547657670632e-05,3.718983875972753e-05,342,1318,9.175165964823562e-11,DDoS
6.322495430069093e-06,2.0885731762675036e-05,327,1274,2.5903936080560154e-11,DDoS
8.036583350047626e-06,2.5405295562855255e-05,335,1322,7.528283356416111e-11,DDoS
6.5004468057975475e-06,2.073704260214497e-05,483,1756,2.6478610083478945e-11,DDoS
6.573526729442318e-06,2.0615025422819223e-05,554,2086,4.461104731566567e-10,DDoS
1.0349941441573316e-05,3.2214101830323274e-05,540,2068,6.211449558871234e-10,DDoS
2.3899252463132142e-05,7.186005423695657e-05,546,2074,2.1337767063255865e-09,DDoS
0.0003108408139349672,0.0009672800315991044,529,1936,4.224908226326869e-07,DDoS
2.2413070456980684e-05,6.81555624344943e-05,546,2074,1.030371554015341e-09,DDoS
0.00011029460253181747,0.0003535075316011908,548,2074,3.976911631579152e-08,DDoS
1.648050103484948e-05,4.983091933391365e-05,537,2104,7.165830608938397e-10,DDoS
2.7591446590913315e-05,8.977033642508828e-05,525,2026,4.01525546230296e-09,DDoS
4.369438458292212e-05,0.00014511274573029295,546,2128,1.4691085356245929e-08,DDoS
1.228404876141356e-05,3.8414009795744404e-05,538,2086,3.8440397364443814e-10,DDoS
1.999116621310642e-05,5.993178663482869e-05,541,2080,1.926460748280585e-09,DDoS
0.0001144802719361503,0.00035364879932082874,505,1840,2.1944610670555357e-08,DDoS
2.6450478398521074e-05,7.856999304100658e-05,542,2086,3.5629094024394833e-09,DDoS
3.956261660294424e-05,0.00011672110019155116,527,1984,7.808389516279056e-09,DDoS
1.7134587093531548e-05,5.484642040026616e-05,481,1774,4.070363258787493e-10,DDoS
4.773939096936201e-06,1.4735020436352768e-05,543,2068,3.8299058170967995e-11,DDoS
9.247904522210919e-06,2.904561169220405e-05,524,2044,9.36729777963434e-11,DDoS
5.986746341981805e-06,1.9999732841127588e-05,495,1876,2.4848158314475195e-11,DDoS
0.05803782132194305,0.3673827922619459,399,8263,0.033035456460962107,BENIGN
1.4507271211632737e-05,0.00031040897945315766,3020,71215,1.9057853956537078e-09,BENIGN
0.003866361186891546,0.07957574444743164,1695,93403,6.910796567750596e-05,BENIGN
0.008377479487266705,0.17314705377512937,260,5952,0.00011162340739929813,BENIGN
0.006830641339272916,0.16022907034228878,250,5890,0.00010036542857445927,BENIGN
0.005077249514036729,0.11524656595347726,272,6388,7.40079463788654e-05,BENIGN
0.007093975339498911,0.13256686511825608,272,5566,9.888807012141935e-05,BENIGN
0.00556822634265524,0.12959530382510892,280,6582,8.077010908729734e-05,BENIGN
0.005406795845337118,0.09229687516492105,828,101983,0.0001569442640629857,BENIGN
0.0007368546797572677,0.00462817563964748,1448,152778,1.3248893640979749e-05,BENIGN
7.756215951570306e-06,0.00022444815697133188,1417,113104,1.1228940883940858e-09,BENIGN
1.5527859799923233e-05,0.0005357560940917502,890,90027,4.582206319680128e-10,BENIGN
0.0067466465995143455,0.12703350145395656,775,33655,0.0001709162245295285,BENIGN
0.04347794707729858,5.555171248446141,517,37489,0.022522429494244472,BENIGN
0.00011507851925517289,0.0031521406015777415,116,3097,3.023737437407648e-07,BENIGN
3.833041467782379e-05,0.001037267785249283,110,2925,6.614496932525363e-10,BENIGN
0.00012511225992214084,0.003406730155320987,120,3005,3.7549463792969777e-07,BENIGN
0.13230529368423893,0.7130025483105658,198,32174,0.17946872862212898,BENIGN
3.715304575016125e-05,0.05142999087186434,524,410448,1.926566168530878e-08,BENIGN
6.169951505478578e-06,0.005874913162093982,523,280195,5.173484415352093e-10,BENIGN
2.29182368069544e-06,0.0007191994144671982,514,243951,1.43880765004121e-11,BENIGN
1.7993421218130568e-06,0.001943400155300809,361,82858,2.6315506079011568e-11,BENIGN
0.058652748707786806,21.962741052449932,567,67508,0.03478427873842431,BENIGN
0.2842090073789435,2.545342282584081,157,3003,0.21075018198126855,BENIGN
0.16609578062613356,2.3945710785340735,303,1454,0.07901515901037373,BENIGN
6.535614502068299e-06,2.259068590202691e-05,294,1270,6.476839768780024e-11,DDoS
8.73903049265987e-06,2.9767955025687278e-05,339,1310,3.899565290429988e-11,DDoS
7.200899252940259e-06,2.4779079285315056e-05,311,1298,6.221559818165506e-11,DDoS
9.204301721936116e-05,0.00029035378618421265,326,1264,4.696339434530987e-08,DDoS
1.7300695027402463e-05,6.425030739578784e-05,294,1280,1.8807579348415176e-09,DDoS
4.850473008426984e-05,0.00016586037652845494,316,1332,6.944662295776954e-09,DDoS
3.8326267114329325e-05,0.00016092553457935463,311,1300,3.4939430256620313e-09,DDoS
3.1699353064940805e-05,0.00010062645691040881,329,1310,4.91713099889966e-09,DDoS
7.734214732251818e-05,0.00024163277020249456,341,1316,1.0212718436132248e-08,DDoS
5.214604331193762e-06,1.7409392880030272e-05,327,1356,2.3611886930000578e-11,DDoS
6.36440758073954e-05,0.00020903966829705013,324,1332,7.650259286898545e-09,DDoS
2.602692879644055e-05,8.549475001218359e-05,344,1324,3.034597249892163e-09,DDoS
9.126708459693289e-06,3.1938113133461e-05,319,1346,7.773210303647069e-10,DDoS
5.033659350429614e-05,0.00017000369998729865,316,1340,5.692139346203015e-09,DDoS
0.0001333508274274162,0.0004314244683076376,338,1330,6.186258575271133e-08,DDoS
6.0318371082048865e-05,0.00018506931498657252,341,1306,1.0455599504125323e-08,DDoS
1.3048904186557256e-05,4.2018930907151274e-05,323,1344,1.198968777890557e-09,DDoS
6.938701031311724e-05,0.00023334293619615032,338,1322,8.95551305898866e-09,DDoS
5.863814638971236e-05,0.0002638854229698378,315,1320,2.4214717175010755e-09,DDoS
0.0001159371603370327,0.0003821872724870219,330,1326,1.0237693520486606e-08,DDoS
1.6105401706686103e-05,5.318155271511954e-05,302,1286,3.911978748126072e-09,DDoS
7.136838312982843e-05,0.0002240246016114,341,1300,9.185982900459677e-09,DDoS
3.729505454587362e-05,0.00012546166472166844,329,1308,3.752925842405851e-09,DDoS
0.0051019990746143705,0.022854099578387292,348,1290,0.0012489930723297497,DDoS
3.895180841243274e-05,0.00012635626422655445,317,1308,2.0570257745891292e-09,DDoS
2.5151981733536553e-05,8.41959423223434e-05,316,1338,1.943650794569614e-09,DDoS
2.15859817155804e-05,7.352356020879334e-05,315,1330,9.781921252866497e-10,DDoS
5.230833248313131e-05,0.00017509133603784983,330,1294,3.5945243025668455e-09,DDoS
2.2606698981088023e-05,7.916995519215463e-05,329,1316,1.2943715405778977e-09,DDoS
0.0016975860881092875,0.007605633752437279,324,1344,0.00013878499547938513,DDoS
1.9661890693385313e-05,6.864759022489138e-05,321,1334,1.7833127778453249e-09,DDoS
9.631972039917968e-06,3.4023460848593915e-05,314,1320,8.06552545467071e-10,DDoS
2.8492026812621172e-05,8.633107860955453e-05,352,1328,3.515330813827811e-09,DDoS
2.1447191274745557e-05,6.581588384017384e-05,347,1322,2.7292294581872256e-09,DDoS
1.055883241038024e-05,3.4557385637127064e-05,319,1318,1.4019358545868272e-10,DDoS
1.034211161505009e-05,3.7149733586698074e-05,323,1354,4.532812322620799e-10,DDoS
8.714215364597908e-06,3.0152521363119542e-05,324,1318,1.1672009702839254e-10,DDoS
2.8850354847753855e-05,8.8800838192379e-05,331,1316,2.795065362403967e-09,DDoS
1.773816101778083e-05,6.263296278368099e-05,346,1308,1.4601047906852265e-09,DDoS
2.6500168053672886e-05,0.0001222900819541608,337,1328,1.5107970972918774e-09,DDoS
9.883993496003197e-06,3.0198428603359405e-05,326,1340,3.947817148408148e-10,DDoS
1.2222708732866668e-05,3.895497212286897e-05,345,1334,1.1836855780348144e-10,DDoS
5.204703006335951e-06,1.7718616337987332e-05,313,1328,3.021195682063822e-11,DDoS
9.872435800084387e-06,3.3583975022329815e-05,325,1300,6.930642559032468e-11,DDoS
5.273325403737247e-06,1.77167275469329e-05,310,1292,2.7641027037227153e-11,DDoS
2.600943498227152e-05,8.283696404824427e-05,333,1306,2.638053290511197e-09,DDoS
9.775976347287051e-06,3.234403342791616e-05,324,1326,5.657910890939574e-10,DDoS
7.34635519458931e-06,2.5307708440718046e-05,320,1318,4.701028822707269e-11,DDoS
1.1702925801790915e-05,3.956618115354814e-05,326,1306,2.3774438037423943e-10,DDoS
9.262574494304835e-06,3.956963013034615e-05,329,1322,2.0401940274223276e-11,DDoS
3.0984425661971443e-05,0.0001158249954169148,354,1302,1.1631168227957213e-09,DDoS
7.264246910453661e-06,2.2830271823863938e-05,323,1300,1.359183361033594e-10,DDoS
1.373591616148096e-05,4.567444860167241e-05,327,1346,1.9717249801220638e-10,DDoS
8.899381613218257e-06,2.9308827575078952e-05,341,1334,9.293940871955005e-11,DDoS
1.5560061221570372e-05,4.9518487649148095e-05,345,1302,2.692535889801575e-10,DDoS
8.844386229687042e-06,3.033668348820121e-05,300,1340,9.499084379824382e-11,DDoS
6.669414908106849e-06,2.188020686623537e-05,336,1298,3.379246643514174e-11,DDoS
7.2766647526234164e-06,2.2767679439196078e-05,327,1278,6.626216363672692e-11,DDoS
8.221302643912958e-05,0.00027467181973585096,331,1332,2.034635407462052e-08,DDoS
8.943354000630812e-05,0.00028123976784708276,322,1306,5.357804863246834e-08,DDoS
3.986568361165666e-05,0.00012721756212744748,349,1308,7.251532426024417e-09,DDoS
1.34546826867446e-05,6.215625395130097e-05,323,1306,3.438777565762275e-10,DDoS
0.00011512160734491116,0.00047313314947066906,344,1324,1.3555097554190234e-08,DDoS
2.7566390441964208e-05,8.888971044544738e-05,333,1350,4.985959538731617e-09,DDoS
1.1260767746316251e-05,3.562907432169705e-05,332,1294,6.670934683885774e-10,DDoS
2.3567320042896332e-05,7.45067854173761e-05,325,1322,2.906464926248139e-09,DDoS
3.771469601077317e-05,0.00011635964450632231,332,1322,5.725066934199852e-09,DDoS
6.459475631262078e-05,0.00019835804139791565,348,1298,1.0165092978028684e-08,DDoS
7.509966827784302e-05,0.00023069752447744344,332,1288,2.3259614584562177e-08,DDoS
3.0665261664549734e-05,9.714548704253683e-05,331,1286,4.018168030218874e-09,DDoS
4.2347691380266155e-05,0.0001433931816520298,320,1310,4.517101842696682e-09,DDoS
2.7369725302333162e-05,8.914725009548782e-05,323,1322,2.4344505136076775e-09,DDoS
3.6419988580519927e-05,0.000132356241978149,329,1328,5.131380321635549e-09,DDoS
6.361548744411228e-05,0.0002661892788958689,314,1298,2.7865241942863286e-09,DDoS
0.00012203061183705626,0.00040070716328896214,326,1300,1.146079885815355e-08,DDoS
7.385263341797062e-05,0.00023235426216504642,324,1328,2.187377523957609e-08,DDoS
6.225389313056774e-05,0.0002093813770236692,324,1308,6.776711679783299e-09,DDoS
5.041979637074086e-05,0.0001706434993550863,308,1300,1.995413819823771e-08,DDoS
8.202868513072153e-05,0.00027226897986590466,337,1314,8.901149664774545e-09,DDoS
1.5065515762468689e-05,4.481145290087302e-05,330,1312,1.5300484047451785e-09,DDoS
4.614562365644393e-05,0.0001481386084339479,328,1322,2.6780735873397157e-09,DDoS
2.754282257683704e-05,8.630425048752918e-05,334,1314,2.6299798811613247e-09,DDoS
3.261567432788444e-05,0.00010552635106766918,322,1324,1.7957480555343962e-09,DDoS
0.0010909652175295137,0.004883103958171348,335,1286,5.683706793630312e-05,DDoS
1.040248522118334e-05,3.586668817536803e-05,318,1324,4.1086104319299197e-10,DDoS
5.1834919735042235e-05,0.0001658705463509849,328,1326,3.2262747037510173e-09,DDoS
0.0035531427406130488,0.014219445645834557,329,1286,0.0006226670862410514,DDoS
3.851650156703771e-05,0.00012683511019755217,343,1326,3.3659146534267725e-09,DDoS
5.9122453290078904e-06,2.0051075608515232e-05,322,1290,4.083620597079735e-11,DDoS
3.137750275441044e-05,9.923488468927814e-05,317,1322,4.671587641733674e-09,DDoS
4.1108748310814166e-05,0.00013062163467789686,328,1284,5.05255754679835e-09,DDoS
9.299408732027159e-06,3.096324771363162e-05,319,1300,1.2424317178590081e-10,DDoS
1.1295087310699787e-05,3.601834915409449e-05,336,1326,1.6320581270027512e-10,DDoS
7.287642389521052e-06,2.512874166819553e-05,312,1278,8.582183541358687e-11,DDoS
1.953756210162981e-05,6.534139981097676e-05,337,1318,9.6949587126511e-10,DDoS
1.1720016776161967e-05,3.7346101730997396e-05,323,1294,1.1790909429701714e-09,DDoS
1.9023404503352144e-05,6.412355175209567e-05,317,1342,1.2067171747290232e-09,DDoS
2.4770950125469954e-05,8.387473213896237e-05,340,1318,1.2069538430247385e-09,DDoS
1.310159382534888e-05,5.6065715425232524e-05,321,1320,4.951102764311925e-11,DDoS
1.0644220376678056e-05,3.5692414448756106e-05,327,1342,1.0501351004025396e-10,DDoS
6.9771113896706775e-06,2.267968121449834e-05,322,1286,7.191595504732331e-11,DDoS
7.749417484671382e-06,2.5227351668161033e-05,331,1344,7.139007322637847e-11,DDoS
2.767856910633261e-05,9.09933596976702e-05,324,1304,2.2632175881628643e-09,DDoS
6.45349152297003e-06,2.149767649141342e-05,331,1346,3.8513146668528474e-11,DDoS
2.3092100337019392e-05,7.657290822373388e-05,343,1316,1.4513688503993994e-09,DDoS
1.0624584787199537e-05,3.225872081431176e-05,331,1312,8.321809947936315e-10,DDoS
1.0625368615495767e-05,3.3821800968266986e-05,326,1336,4.295251543410186e-10,DDoS
2.4687561130366743e-06,1.138436406363851e-05,247,1326,9.48313499240022e-12,DDoS
6.608038577288565e-06,3.964823146373139e-05,232,1392,2.2238649658575355e-11,DDoS
6.720476727601602e-06,2.2071403932630412e-05,377,1660,1.0014788196414087e-10,DDoS
3.943436762764206e-06,1.2536661203089403e-05,539,2074,1.672990156715886e-11,DDoS
8.084460360456537e-06,2.6672975434069222e-05,520,2026,7.777467854141825e-11,DDoS
1.3006117958713781e-05,4.0299623337435814e-05,467,1720,1.4497420662930773e-09,DDoS
0.0001008910606629253,0.00031844390004690903,533,2050,2.7686550814127117e-08,DDoS
8.672124351953133e-06,3.0362840987387116e-05,532,2044,7.790809474131297e-10,DDoS
4.735538343799668e-05,0.00015587173365349147,526,2068,8.3803610415403e-09,DDoS
2.623008425565081e-05,7.936452246786776e-05,508,1894,3.161077853797179e-09,DDoS
4.906675680227621e-05,0.0001546494751638904,519,1918,8.720719695503454e-09,DDoS
4.468372530578329e-06,1.4236759679449134e-05,535,2032,2.0280683874006083e-11,DDoS
4.947473894055842e-05,0.00015687140500116585,507,1888,6.755943468749426e-09,DDoS
4.171958447834235e-05,0.00012629789175991503,498,1828,8.415363616197374e-09,DDoS
1.193275298544704e-05,3.5572655235977344e-05,539,2038,2.4500343256867553e-09,DDoS
7.492772942036659e-05,0.00024145023046720816,497,1906,1.3446081975380926e-08,DDoS
6.822862071165097e-05,0.00021726229893903221,529,2008,3.1668202081832264e-08,DDoS
4.125575995308439e-05,0.00013964369611281938,513,2008,4.244995699188688e-09,DDoS
4.673543354343244e-06,1.4055677606639261e-05,552,2068,4.249544869024488e-11,DDoS
4.9915629498685084e-05,0.00015753244750722962,533,2050,6.837693987489578e-09,DDoS
4.412004448592022e-06,1.3681085459533998e-05,530,2068,4.081251688792098e-11,DDoS
8.588908230209398e-05,0.0002790677678647657,494,1870,9.622432030069677e-09,DDoS
0.0001287777025782778,0.00040584156158365506,516,1942,2.2977430370934828e-08,DDoS
2.6777232777304808e-05,8.645274216402696e-05,500,1858,2.3487723638249515e-09,DDoS
8.392061807617726e-05,0.000291969075229802,510,2008,3.00928269697016e-08,DDoS
6.476659791004497e-05,0.00021117643887983372,495,1888,7.957591687014027e-09,DDoS
1.9285604694147235e-05,5.599764804300403e-05,531,1960,3.3276758850410964e-09,DDoS
4.3721093941203094e-05,0.00013357493278083477,540,2092,3.174860863516622e-09,DDoS
1.4587289975209403e-05,4.610551259995203e-05,489,1804,7.172953056143175e-10,DDoS
3.629951407171541e-05,0.00011690276104674293,514,1972,2.8138737033120372e-09,DDoS
3.4775056650543385e-05,0.00011169173275547572,495,1900,1.989263225507639e-09,DDoS
1.6735098838186203e-05,5.7225544864319e-05,510,1924,1.612661056656618e-09,DDoS
5.23263715316363e-05,0.00017138831089209198,501,1852,3.151308363301936e-09,DDoS
3.2259263773689195e-05,0.00010299337373766886,492,1810,3.872510600037722e-09,DDoS
4.805978655717933e-06,1.5080426526523928e-05,532,2014,2.3334788709836567e-11,DDoS
1.892153745285261e-05,6.006679918267612e-05,493,1840,2.014415002953859e-09,DDoS
6.709036634445506e-06,2.1534077373307266e-05,533,2014,5.92091562141404e-11,DDoS
1.0724319073277171e-05,3.659907261134172e-05,512,2002,1.633079021417115e-10,DDoS
3.122641021007697e-05,0.0001062081595993324,479,1828,2.9119870396196434e-09,DDoS
4.3727248686071495e-06,1.4040103171245343e-05,541,2074,1.99224066075003e-11,DDoS
1.3665065753869348e-05,4.3297108967888155e-05,502,1870,1.9361280693043906e-10,DDoS
5.946795747469839e-06,2.0194997084704512e-05,500,1894,4.324938191269212e-11,DDoS
1.0774274273912488e-05,3.563566190493508e-05,528,2056,1.6132086793693242e-10,DDoS
5.401029988627663e-06,1.854577991803457e-05,498,1960,2.2317433479220126e-11,DDoS
1.3551166359106176e-05,4.4228308203893604e-05,475,1756,1.1692480661253592e-10,DDoS
5.450052412901059e-06,1.7910464066723285e-05,529,2038,3.244153679965962e-11,DDoS
9.540316383844579e-06,3.1150006494511395e-05,474,1744,5.62102399556467e-11,DDoS
1.883367810894336e-05,6.176440798679844e-05,504,1912,6.625323774380391e-10,DDoS
5.244596785865545e-06,1.642663943784178e-05,549,2074,3.115225962864992e-11,DDoS
8.934019156059449e-06,2.939738287696253e-05,506,1948,1.0101050830006243e-10,DDoS
4.910923597922893e-06,1.5527561613266623e-05,537,2050,2.6369766537433793e-11,DDoS
1.1147803061875975e-05,3.578002529496137e-05,513,1960,1.89790145926975e-10,DDoS
8.887619250807795e-06,2.8809940020849156e-05,526,2014,4.4843791857700775e-10,DDoS
1.7006261319374708e-05,5.442169579307574e-05,524,2032,2.9926992257654105e-10,DDoS
5.293994052625475e-06,1.7029451901266193e-05,519,2002,6.021270506255404e-11,DDoS
1.426926508603323e-05,4.585904180472996e-05,518,1894,1.8408286268875414e-10,DDoS
8.266995507566838e-06,2.6732669233616455e-05,509,1918,7.070244996833538e-11,DDoS
0.1218663159910834,6.477112126935667,350,4976,0.11352255075601408,DDoS
0.0007611446235312844,0.0016432478422000593,892,122998,9.288346481239568e-06,BENIGN
0.011199721055273636,0.18978673137734664,188,2982,7.562973562526966e-05,BENIGN
0.017303727095295297,0.2799977205578277,200,3258,1.3209867801497832e-05,BENIGN
0.017976631476204034,0.29170663439205474,200,3248,5.912550189394708e-06,BENIGN
0.017867669390905793,0.28859211760248216,200,3236,7.889167934375643e-06,BENIGN
0.01688006228827157,0.2722736801768872,200,3244,1.4969850676550562e-05,BENIGN
0.017882265728114622,0.29049174454134147,200,3244,7.585182099416267e-06,BENIGN
0.01822767462340899,0.2965243346387744,200,3260,1.3726633912153284e-05,BENIGN
0.01802786326694948,0.29135854414210755,200,3230,7.806041190792159e-06,BENIGN
0.013820515522663048,0.22989704836170607,200,3330,4.096385233696191e-05,BENIGN
0.04434680698370837,12.406256049871121,467,42908,0.07974208098662648,BENIGN
0.003136192587553757,0.0007881804822748536,231,16725,1.5256412600068582e-05,BENIGN
0.008070660625596235,0.12947099605137422,402,12469,7.945801824773359e-05,BENIGN
0.0061004341675124675,0.07693075587944082,1609,192273,9.120761170499843e-05,BENIGN
0.002396968399270413,0.0170331420748177,509,36336,6.227582924433808e-05,BENIGN
0.013839268831266911,0.18881377090098725,2069,41897,0.0004210295146486346,BENIGN
0.006265090405702065,0.11284657393238925,1747,29845,8.298776850715797e-05,BENIGN
0.01888706261735567,0.1791655597840246,1568,24344,0.008797000752863089,BENIGN
0.0001145587646902387,0.002961823700905673,126,3249,3.4713002307079304e-07,BENIGN
0.007397736091811709,1.0715327046645529,513,249037,0.0013163878906976901,BENIGN
2.176804266389915e-06,0.001978345705293395,359,82864,1.585960486539556e-11,BENIGN
1.7785445559883726e-06,0.0012268191977239005,498,285581,1.4381507967987478e-11,BENIGN
3.5965139590561364e-06,0.0004466452008470505,449,191416,1.1428537651045035e-11,BENIGN
9.082657395465872e-07,0.0009102571287364552,421,166166,5.612440514059422e-12,BENIGN
6.420386268510034e-07,0.00025949050168671997,465,185297,6.035640819404587e-13,BENIGN
1.3400105551393824e-06,0.001225855216970838,487,245314,7.2346990852680794e-12,BENIGN
7.910604121198803e-06,0.009400212825454758,440,201005,2.3823722988543423e-09,BENIGN
5.5739017781776495e-06,0.006490216230074841,390,134119,4.666203641836665e-10,BENIGN
9.60665119160455e-06,0.011492432333657352,469,260331,9.0897873446872e-10,BENIGN
3.638467869319195e-05,0.015615720618827393,490,259010,3.543425872952917e-09,BENIGN
4.5723100859304506e-07,7.253974715344343e-05,485,222832,3.553010459006221e-14,BENIGN
3.2040638717274512e-06,0.003324119252072313,383,104054,1.6877878970819017e-10,BENIGN
6.524411293132438e-07,0.00019948745584902626,497,258290,3.2629595018214363e-13,BENIGN
4.8694373211490275e-06,0.005581624418471216,460,230296,2.3342756593449685e-10,BENIGN
4.166782637882848e-06,0.0049604336252571215,510,290319,1.8522746385353482e-10,BENIGN
6.252883017730064e-06,0.0016305655720180218,503,261082,6.326914727311995e-11,BENIGN
4.683697965478173e-06,0.004780810326336289,459,222874,3.4055187487675346e-10,BENIGN
2.3767978258737203e-06,0.0028629913778937875,426,183940,5.3363312485400126e-11,BENIGN
1.1395878579379543e-06,0.0008497233885061618,463,222231,1.2895793357490327e-11,BENIGN
4.713284452764465e-06,0.005650747724503984,470,229701,5.232551759184178e-10,BENIGN
2.0453123522435436e-06,0.0004947934559142815,442,186011,3.927517653954425e-12,BENIGN
3.800613553604066e-06,0.0006515931726539133,423,142268,8.699759624589333e-12,BENIGN
2.343531250299402e-06,0.0009586420737812694,499,263347,5.156757684881967e-11,BENIGN
1.2173864926621141e-06,0.000989194355864774,560,327944,2.944822935942988e-11,BENIGN
1.472962156527436e-06,0.001372433629589917,426,183916,1.4816408666590532e-11,BENIGN
6.8451395584083e-06,0.008050377032256629,434,211231,6.9297270444331e-10,BENIGN
5.467321360579394e-06,0.0008717378522696445,425,155256,7.538323342036642e-11,BENIGN
1.0604019970780397e-06,0.00014161912794017945,573,320450,9.032762135582704e-12,BENIGN
0.03560637582135252,0.25432191552550437,445,21569,0.01620930470526474,BENIGN
0.1499424055803357,1.09579416987427,120,5813,0.1684407000263948,BENIGN
0.0837239513744173,1.004546535454887,197,1041,0.06680858381522259,BENIGN
4.638375558492328e-06,1.5562981468638686e-05,332,1360,1.5513269719529677e-11,DDoS
1.9967495209301944e-05,6.288240855248702e-05,350,1310,1.917960601116853e-09,DDoS
0.0013741749474930184,0.005489810116361657,345,1320,9.294603038393072e-05,DDoS
1.605697783974799e-05,5.183543087823403e-05,320,1316,2.7864277439212262e-09,DDoS
0.008025648616167707,0.024082801093317105,337,1288,0.003199583744377701,DDoS
6.281571170158355e-06,1.9850820829896523e-05,335,1312,2.9584583594143153e-11,DDoS
5.984775617304783e-06,2.013635862991493e-05,326,1320,2.442411802187769e-11,DDoS
1.5241095230750183e-05,4.797643922488159e-05,335,1324,1.7507137716467856e-09,DDoS
2.1567188016050315e-05,6.621956394628545e-05,336,1320,2.5675267166437358e-09,DDoS
7.133007798892545e-05,0.00023121057831530713,350,1306,8.313433616747248e-09,DDoS
3.656383420222217e-05,0.00011087125265405435,318,1278,1.3265670352696842e-08,DDoS
2.5083716278883872e-05,8.538330259394494e-05,313,1294,1.8382256328207698e-09,DDoS
5.2062795632769265e-06,1.907536275208558e-05,311,1286,1.764206300523627e-11,DDoS
5.0288027625963735e-05,0.00017300903993075478,330,1316,7.728072223915406e-09,DDoS
8.489369053349062e-05,0.0003128927357156713,337,1276,7.555945566673028e-09,DDoS
9.474371160572474e-05,0.00029498196794510144,325,1304,3.113637778730871e-08,DDoS
4.886593279676236e-05,0.00014908975541108818,329,1322,5.450303118273994e-09,DDoS
4.2248599831930415e-06,1.4323535981895461e-05,307,1286,3.1728414085298986e-11,DDoS
4.7259939784427344e-05,0.0001601602481264823,320,1284,3.886838497521375e-09,DDoS
5.444675243244301e-06,1.768392022885642e-05,328,1296,1.9781025522514954e-11,DDoS
8.591796168865025e-05,0.0002581976456966338,344,1304,1.9847102782699758e-08,DDoS
4.441790554053625e-06,1.6041663702685785e-05,322,1342,1.076821245983691e-11,DDoS
5.013149580281254e-05,0.0001625689168321337,334,1332,1.0099905087475019e-08,DDoS
1.6582270498465154e-05,5.693401450480395e-05,321,1274,1.0929195486700225e-09,DDoS
5.421168876530562e-05,0.00025971663197007437,328,1316,5.721680498408916e-09,DDoS
2.4026813176850356e-05,7.960999563053498e-05,327,1338,3.8929145067293225e-09,DDoS
2.448004330805432e-05,7.90867383981072e-05,319,1296,3.926915993195695e-09,DDoS
9.748405228576384e-06,3.185659149702962e-05,318,1308,2.5293285298711313e-10,DDoS
7.1984540070804905e-06,2.332083093899056e-05,334,1310,7.154551252999334e-11,DDoS
4.49900730688096e-05,0.00014795816958923532,336,1314,8.333822945866009e-09,DDoS
3.408598064937747e-05,0.0001121593519884608,320,1306,5.7614014756667204e-09,DDoS
5.543288050682367e-05,0.00017641966965376552,339,1332,1.2194034762901083e-08,DDoS
7.502446973573775e-06,2.6645801374499274e-05,310,1298,9.254553060586155e-11,DDoS
2.41336998647486e-05,8.028955423293295e-05,335,1332,3.959223368850687e-09,DDoS
1.0444699282608095e-05,4.0885792462519683e-05,319,1284,7.310315356313154e-11,DDoS
6.942603114392676e-06,2.3917067051400136e-05,318,1312,4.43195887035522e-11,DDoS
5.890130540192907e-06,1.9541546395154404e-05,322,1330,3.523377427999852e-11,DDoS
6.639309652281437e-06,2.2083685422184486e-05,330,1330,4.358385033618118e-11,DDoS
7.438115241522761e-06,2.5693424420622737e-05,315,1342,5.105050510022811e-11,DDoS
1.8101974598088117e-05,5.763178777462624e-05,341,1322,6.390097967994769e-10,DDoS
6.698428526559588e-06,2.2541885114888365e-05,355,1338,1.5750483667737887e-11,DDoS
2.9026123721957944e-05,9.185989540913096e-05,350,1336,9.400076089364042e-10,DDoS
5.353478695248844e-06,2.0085785564243628e-05,328,1350,8.675961930129737e-12,DDoS
1.536026005737843e-05,5.549284590989285e-05,340,1356,1.9207549908083017e-10,DDoS
1.04159093312805e-05,3.304036165684184e-05,336,1336,1.6501166519398616e-10,DDoS
8.078801219697587e-06,2.5937336198188808e-05,321,1334,1.360412970144397e-10,DDoS
1.1569024974990015e-05,3.6003030509609556e-05,335,1318,1.618478681904876e-10,DDoS
7.4470419490484465e-06,2.408194993638515e-05,315,1310,7.695078944587312e-11,DDoS
6.412430019913427e-06,2.198393652021364e-05,332,1338,3.6929588671438204e-11,DDoS
1.1290827228183789e-05,3.668987961238464e-05,325,1346,1.2417156287564317e-10,DDoS
7.422330010619557e-06,2.5200170278679096e-05,336,1310,2.5045685574675062e-11,DDoS
9.932422518011673e-06,3.222388173261598e-05,370,1284,2.4959582511841486e-11,DDoS
5.365178567779625e-07,2.908102525076549e-06,228,1346,5.494753726772018e-13,DDoS
5.897927971995657e-07,3.5387567831973938e-06,226,1356,8.589186473457381e-15,DDoS
8.747314611021824e-07,5.248388766613094e-06,218,1308,1.996469447931221e-14,DDoS
0.00067975384266183,0.0020446247508862335,229,1368,2.297942862066406e-05,DDoS
2.140171045365711e-05,0.00012841026272194267,227,1362,7.619101694615854e-10,DDoS
4.0679908202995185e-07,2.4407944921797107e-06,225,1350,2.8848604094466614e-15,DDoS
6.040042442071979e-07,3.6240254652431877e-06,225,1350,1.2579299448915323e-14,DDoS
8.132862463192333e-07,4.879717477915399e-06,230,1380,1.2941161994061976e-14,DDoS
1.480351655107854e-06,8.882109930647126e-06,227,1362,2.3508354908485665e-13,DDoS
2.8994056978715542e-05,0.0001739643418722933,231,1386,2.570234349923361e-09,DDoS
3.889504396679232e-07,2.3337026380075393e-06,226,1356,2.565468844583171e-15,DDoS
4.992082981317018e-07,2.9952497887902113e-06,228,1368,5.5802965314293964e-15,DDoS
6.671842120518336e-07,4.003105272311001e-06,232,1392,1.483796809948063e-14,DDoS
1.0574805820084436e-06,6.344883492050663e-06,220,1320,6.71195798231967e-14,DDoS
2.7453048272819057e-06,1.6471828963691438e-05,232,1392,1.5738093778591584e-12,DDoS
1.6445230783933863e-05,9.867138470360318e-05,224,1344,1.832553558906646e-09,DDoS
5.611399366424646e-07,3.366839619854787e-06,218,1308,8.255006384801158e-15,DDoS
0.0011680432749991566,0.003506604745923075,222,1308,3.888863890883174e-05,DDoS
1.7108015415131467e-06,1.026480924907888e-05,223,1338,2.7280708266239414e-13,DDoS
3.0679175312640825e-06,1.770598459064682e-05,329,1708,2.2258530705308756e-11,DDoS
5.528702424522124e-07,3.3172214547132757e-06,240,1440,7.428285881292434e-15,DDoS
7.323858591676523e-07,4.394315155005914e-06,227,1362,1.497546608978272e-14,DDoS
1.2062576649505382e-06,7.237545989703228e-06,229,1374,8.273548254874977e-14,DDoS
2.1606901626152547e-06,1.188338726381129e-05,376,1832,9.243325341661253e-13,DDoS
9.499572134279927e-07,4.017453755624243e-06,327,1670,6.395671686984612e-12,DDoS
4.500587249319885e-06,1.4576393963708763e-05,528,2032,1.8923181817620707e-11,DDoS
1.1140749714714943e-05,3.5519444794441686e-05,509,1906,1.9572963503402704e-10,DDoS
5.6642193003324994e-06,1.8705625992756466e-05,529,2050,5.3501030869108093e-11,DDoS
1.104009586641719e-05,3.5106111199032166e-05,515,1972,2.5688131426537646e-10,DDoS
2.4807180875007986e-05,8.010259429986142e-05,499,1858,3.0685074172410957e-09,DDoS
1.857965261868472e-05,5.773303019492018e-05,528,2020,2.5919871198822416e-09,DDoS
6.892416971196e-06,2.2479949896956136e-05,491,1846,3.37996003283719e-11,DDoS
2.5721966890235486e-05,8.41781378664624e-05,521,1972,5.242040111843007e-09,DDoS
2.380872799220762e-05,7.853266901677567e-05,485,1810,3.631272912128067e-09,DDoS
2.9033613513398956e-05,9.461097521902097e-05,514,1996,2.2117623031566918e-09,DDoS
4.999788166298813e-05,0.00014989378420523166,532,1972,1.0862765953187957e-08,DDoS
6.902618849413648e-05,0.00022442460928273646,480,1816,1.1515710731170572e-08,DDoS
8.472192631149775e-06,2.7597807504377896e-05,511,1978,7.623717817787251e-10,DDoS
6.407113313875984e-05,0.0002105800523224372,491,1816,5.829012184474905e-09,DDoS
2.0902324271934253e-05,6.909268147672829e-05,510,1918,1.6839350470318369e-09,DDoS
0.00015151394862139241,0.0004717403386522152,496,1840,3.02078505254033e-08,DDoS
2.2417222496269932e-05,6.807043860396711e-05,518,1924,1.6224287288167414e-09,DDoS
4.318938220778017e-05,0.00014390230917757184,538,2008,6.34690329912504e-09,DDoS
6.50921789770179e-05,0.00020880236041752095,496,1870,7.624203151462664e-09,DDoS
6.785435086812324e-06,2.0544195341771057e-05,520,1924,7.124774178534844e-11,DDoS
9.188208894914926e-05,0.0002759122295785461,515,1918,2.82965575477464e-08,DDoS
2.3580789621906795e-05,7.831075247377809e-05,542,2038,4.754185679335811e-09,DDoS
7.894291232265449e-05,0.0002504265976199784,501,1852,1.7933481414193917e-08,DDoS
3.7828580318215963e-06,1.2391811539004987e-05,529,2020,1.4138556977954953e-11,DDoS
7.88420667486814e-05,0.0002602698681881742,504,1894,1.7666011411779536e-08,DDoS
4.36577616074807e-05,0.00014178077705336584,514,1900,1.760327500891994e-08,DDoS
1.2707043016335194e-05,3.993741793475981e-05,524,1990,8.530729148501521e-10,DDoS
2.879280935982916e-05,9.075232584021255e-05,504,1834,5.891040653241156e-09,DDoS
8.131850996799915e-06,2.5020991600999748e-05,539,2044,1.6055255458272084e-10,DDoS
9.961664809433956e-05,0.0003220123583483141,500,1858,4.072765503481312e-08,DDoS
4.4611131243285815e-05,0.00014222440304618541,521,1972,1.2857217698718053e-08,DDoS
0.00017744630760628083,0.0005595432141720824,477,1738,1.5319543070438277e-07,DDoS
0.0018843273125798666,0.007472843285806362,496,1784,0.00016507161980075424,DDoS
6.690563506468385e-06,2.1760793865410717e-05,519,1942,9.163073470353162e-11,DDoS
5.572704984211991e-05,0.00018450140836145948,497,1858,1.109867117225984e-08,DDoS
9.339623711081361e-06,2.8992928613947364e-05,518,1894,6.154020155865532e-11,DDoS
6.277337739868161e-06,2.0301133060548403e-05,524,2062,5.1759548661320245e-11,DDoS
8.014421242747069e-06,2.627736370981105e-05,519,1966,5.890903473183063e-11,DDoS
5.130482985054693e-06,1.5880851516655978e-05,546,2068,2.9513286969343634e-11,DDoS
1.0520480495954313e-05,3.4126506890650024e-05,484,1774,6.067224694337573e-11,DDoS
1.5319069221842302e-05,4.7714131268329374e-05,505,1882,4.671843641116099e-10,DDoS
7.0244712075813565e-06,2.270958159289393e-05,489,1780,2.432435844003096e-11,DDoS
3.4792298093769e-05,0.00010947532172803819,516,1906,1.2236012665826237e-09,DDoS
5.353111999467422e-06,1.700555543524268e-05,518,1930,2.4908373095497115e-11,DDoS
2.0620405089955973e-05,6.451135971967112e-05,528,1930,6.538839708474149e-10,DDoS
1.0550529146607931e-05,3.2966464300621e-05,519,1900,1.8578214721966433e-10,DDoS
1.0771027919254733e-05,3.322617045338187e-05,541,2032,1.8979611246882052e-10,DDoS
1.2013191573914889e-05,3.844068092529173e-05,504,1912,2.4457809768078146e-10,DDoS
1.123610585539073e-05,3.7213246327289306e-05,510,1834,1.6026405716334372e-10,DDoS
1.2401678680181893e-05,3.9132896936760125e-05,526,2020,1.4606028917288464e-10,DDoS
6.319291726377505e-06,2.107209429387009e-05,518,1972,5.5915670901023653e-11,DDoS
1.0253062819808024e-05,3.463042945765279e-05,535,2068,1.1297590049336935e-10,DDoS
8.194883509685019e-06,2.4879686996569848e-05,513,1888,5.007978494724318e-11,DDoS
7.111114034241804e-06,2.3088296932049583e-05,492,1846,3.15404882476788e-11,DDoS
0.09948595951490839,2.052705688964474,526,10701,0.0430243871039916,BENIGN
0.009674859863707943,0.08644399130489099,1865,41224,0.001278671025427619,BENIGN
0.045233088480698534,0.3165889604421768,1291,60335,0.07966127348967536,BENIGN
0.008988274370453181,0.17713737685514236,491,60521,0.00010710584463311783,BENIGN
0.010503357533879812,0.03475020119173258,713,55486,0.004994707269126706,BENIGN
0.014179593111451526,0.08831579311952611,934,83392,0.008876313812635933,BENIGN
0.024169331810187475,0.14501802834512875,3932,47163,0.013611688349825474,BENIGN
0.0208143502840059,0.8267879122852002,1006,36416,0.014038493189756479,BENIGN
0.004251671084915641,0.08223626019320221,200,3796,5.117374854342811e-05,BENIGN
0.008071766636128113,0.13974227797367603,200,3682,9.12170996302187e-05,BENIGN
0.002526951033173914,0.04697374891311961,200,3536,3.982557989826853e-05,BENIGN
0.0030865208669519566,0.05419437449137551,200,3450,5.0782819095552225e-05,BENIGN
0.004470935270991545,0.07247691783156518,200,3454,5.1994014603251683e-05,BENIGN
0.0016188815342766437,0.030643954867070736,200,3462,2.8536308130545065e-05,BENIGN
0.0030258320203059895,0.05413730366454758,200,3706,4.2573764089690635e-05,BENIGN
0.001856689053473628,0.031388667759864125,306,11611,2.82739729565047e-05,BENIGN
0.023672126819108134,0.06041559066916473,1150,61252,0.013605926885374988,BENIGN
0.06768196323863716,0.4052241607052753,746,36975,0.09513572842480895,BENIGN
0.007101313817976256,0.0006932565407004293,698,34485,0.0022202875319509065,BENIGN
0.013345617243231125,0.08026363530398868,664,53591,0.008888555151430364,BENIGN
0.0019862937166223453,0.007968431106704716,382,32470,4.23111445841812e-05,BENIGN
0.00026637233680330775,0.002918231766106568,595,27525,5.386390798699117e-07,BENIGN
0.035595558807243396,3.3617992501876754,694,45563,0.016816852121175754,BENIGN
0.0004629450417705903,0.0114911075090056,126,3096,1.4434365797810989e-06,BENIGN
0.0006358753550209695,0.017270107843698545,130,3414,2.127844020007282e-06,BENIGN
0.0006093040399167131,0.016509262826661913,112,2843,2.159447953424948e-06,BENIGN
0.00047712483734615855,0.014323479272436483,116,2896,1.8050370178075076e-06,BENIGN
0.00036798898091393523,0.011471333426369922,106,2635,1.3478430895081244e-06,BENIGN
0.00029971336248944396,0.010822884522608045,106,2667,8.390983075276446e-07,BENIGN
0.00036377086945015637,0.013258154278304244,372,167381,1.405726047923159e-06,BENIGN
1.0710425681145778e-06,0.0005412909740574171,458,188023,4.9000580562804465e-12,BENIGN
1.4734985370474358e-06,0.0008975646034827012,457,226945,5.8953420880101905e-12,BENIGN
3.3988560063885027e-06,0.00191061411805385,447,195547,3.427544441105815e-11,BENIGN
2.4796467287170643e-06,0.0010377858564010075,503,263742,1.4022174813554326e-11,BENIGN
1.1459261013148874e-05,0.014697718916008587,555,334243,1.838479363400879e-09,BENIGN
1.3550969511628432e-05,0.0008917013986106016,453,163482,1.1733714913837165e-09,BENIGN
7.931563111513701e-07,0.00041993897356241435,473,239903,1.25616206809645e-12,BENIGN
5.26909251093275e-06,0.006328700703522331,541,341598,8.68299540743773e-10,BENIGN
1.9749537052199285e-06,0.0012125166243563935,553,322527,3.3523908457562715e-11,BENIGN
3.1419260716421995e-05,0.004482427049805144,471,212175,2.2442300955247447e-09,BENIGN
7.04370936128291e-06,0.009126804816899536,488,246070,7.76482431616939e-10,BENIGN
1.8298861474045866e-06,0.00018048495373404228,479,222850,5.757680755610423e-12,BENIGN
7.202561887210374e-07,7.418351853991117e-05,465,185339,2.7577962181038045e-13,BENIGN
2.8724292596667162e-05,0.03990387136189858,456,237826,8.54527688595636e-09,BENIGN
6.70879080350927e-07,0.0003652157792734812,524,279516,1.2360324065994593e-12,BENIGN
1.0238199070980485e-06,0.0002961958208592969,413,149107,1.2285551404926346e-12,BENIGN
8.29475976967609e-06,0.011495271526979222,472,229484,1.3356304152840929e-09,BENIGN
2.800390251858129e-06,0.0013546725746204774,590,358015,4.360025315266176e-11,BENIGN
1.2149508632566424e-05,0.007468658136640314,507,262560,2.537902223048755e-09,BENIGN
1.4787476385080768e-06,0.0003103963402103219,472,217422,3.4295888517790574e-12,BENIGN
4.97406877880137e-07,0.0001063051684207554,489,237921,1.006785988387564e-13,BENIGN
8.205293186649988e-07,0.00014431183216938982,495,245451,3.330328973202138e-13,BENIGN
1.562368070488676e-06,0.0005863957691834394,529,269290,8.562441700971068e-12,BENIGN
1.4158000696303346e-06,0.0008776235827711083,641,435103,5.949991246665647e-12,BENIGN
2.590560926773056e-06,0.0020778328608951767,421,142351,5.322314787792871e-11,BENIGN
1.4268464912353416e-06,8.6724925542886e-05,566,303391,3.371647230327143e-12,BENIGN
7.624451773510264e-07,0.000297660189387191,515,269296,8.758165218886364e-13,BENIGN
8.856791101318235e-07,0.00026265436208077115,524,281588,1.0984613861562594e-12,BENIGN
1.8165242239000229e-06,4.7956145275522656e-05,433,153881,4.090259530243963e-12,BENIGN
0.053056580553826393,2.8200477349196666,308,16011,0.03197023176764061,BENIGN
0.08843186850169137,0.7536046676187005,125,1315,0.03340598459082594,BENIGN
0.21431993425388374,1.9378388595460807,112,552,0.13975485603143314,BENIGN
0.21699641884077583,1.9885889804685812,328,1184,0.14831217162119203,BENIGN
1.6336981536521793e-05,6.978681381611297e-05,352,1298,2.37171768450075e-10,DDoS
1.257052115242873e-05,3.983005251066155e-05,341,1300,2.632681467004372e-10,DDoS
6.5146587148042176e-06,2.081168053497747e-05,323,1336,6.248762922550276e-11,DDoS
1.286813348057485e-05,4.246701519436263e-05,338,1308,1.6847747775372928e-10,DDoS
3.1242946274847796e-05,9.620596955652944e-05,344,1324,7.561233903070029e-09,DDoS
6.010084655777047e-06,2.0160935073851347e-05,325,1326,2.8020655224216175e-11,DDoS
5.3455913043543484e-05,0.00017028326742724636,348,1332,8.4861252600072e-09,DDoS
5.590882468676317e-06,1.9161135064748636e-05,324,1306,2.1677294323266944e-11,DDoS
7.248650030261592e-06,2.710575144938423e-05,307,1288,2.486225896517144e-11,DDoS
1.5113265151683261e-05,7.574448600864559e-05,318,1298,1.0273826619550036e-09,DDoS
0.0005440218486824512,0.0016832887541643879,338,1298,1.1561593400812159e-05,DDoS
0.010005260730345916,0.0300169853599487,331,1290,0.004999892660855725,DDoS
3.4153363923717994e-05,0.00010902553430529159,331,1300,4.765534894565117e-09,DDoS
1.2041112341384627e-05,4.126706730768764e-05,330,1308,1.1096788637079228e-09,DDoS
4.683232258250731e-05,0.00014984044848906727,320,1322,5.08867602556406e-09,DDoS
1.7180871528500343e-05,5.1463515656480825e-05,339,1300,2.4064787006876234e-09,DDoS
1.480965766825902e-05,4.947711551123039e-05,308,1300,7.704178490326258e-10,DDoS
1.1426780228077474e-05,4.286515067730239e-05,319,1302,5.358038025739215e-10,DDoS
4.6400767596898454e-05,0.00018249291875795885,352,1326,6.907493774892163e-09,DDoS
4.3202509211180516e-05,0.00014672966213397694,318,1334,1.1267571001426714e-08,DDoS
7.271099841293996e-06,2.2593019522329505e-05,348,1320,4.1893805811930664e-10,DDoS
3.904057066187802e-05,0.00012235315943067213,327,1358,8.44999639826037e-09,DDoS
7.221238856634264e-05,0.00022680435223408586,325,1310,1.63676723618583e-08,DDoS
8.795217634951915e-05,0.00027024622392994195,319,1346,2.666227767554926e-08,DDoS
1.523801248598045e-05,4.884324025948395e-05,347,1314,4.4044842582728507e-10,DDoS
1.378508733068559e-05,4.64737172697835e-05,314,1316,5.879199771318215e-10,DDoS
2.6515299806813872e-05,8.942886822197786e-05,324,1332,1.0604379660574043e-09,DDoS
1.4930020568557428e-05,5.7405861195419465e-05,332,1298,6.830542332539375e-10,DDoS
9.005717420605345e-05,0.0003354829823701314,318,1298,1.47126802288726e-08,DDoS
2.3581087051217085e-05,8.206842847752462e-05,315,1340,3.6191433185608938e-09,DDoS
3.576864156256696e-06,1.1451671319550611e-05,308,1264,4.297889799537193e-11,DDoS
7.210238614768382e-05,0.00023864762369366248,325,1306,8.98724734299759e-09,DDoS
4.5455729567331994e-05,0.00014364309539255867,342,1308,7.98340924141085e-09,DDoS
3.80429878052758e-05,0.00012021239476121881,323,1346,1.4868740334573844e-09,DDoS
5.1910117972064995e-05,0.00017205236325705105,355,1322,6.448770547883413e-09,DDoS
4.553797976043223e-05,0.00015047514480585682,334,1300,3.009828698449725e-09,DDoS
1.128745406935174e-05,3.950856548137379e-05,308,1270,2.469110405730168e-10,DDoS
4.542310709772638e-05,0.0002306429081585558,330,1342,1.9004293963205088e-09,DDoS
8.377825084229172e-05,0.00026217000594376175,333,1312,8.543286677492177e-09,DDoS
0.040035106518916085,0.18011483676599693,301,1284,0.07999713651056184,DDoS
1.3973971835311976e-05,4.077867837371526e-05,331,1300,7.671167504835413e-10,DDoS
4.171535181485931e-05,0.00013755871377104588,327,1322,2.087285541977759e-09,DDoS
2.372186170472031e-05,7.664793382866923e-05,339,1288,1.8513998539113138e-09,DDoS
5.349001218011973e-05,0.00017234860760308147,334,1296,6.643142470740988e-09,DDoS
2.3384265451743813e-05,7.789575694088372e-05,339,1292,1.5179902253873425e-09,DDoS
5.588323621640971e-06,2.0848536044068892e-05,304,1298,2.6528194353543626e-11,DDoS
4.495024137376954e-05,0.00014420669871160306,333,1324,4.797614518500317e-09,DDoS
0.00011027157794106091,0.000440424817255405,339,1338,2.822489375138069e-08,DDoS
3.510790441218614e-05,0.00011972504116596675,273,1280,4.7019679693361205e-09,DDoS
6.182428909562495e-07,3.7094573457374967e-06,224,1344,9.569402518353654e-15,DDoS
1.020180529275634e-06,6.121083175653804e-06,230,1380,5.819957442559212e-14,DDoS
1.879985544909897e-06,1.1116818985448044e-05,245,1410,8.937667847659814e-13,DDoS
9.785771794462463e-07,4.7504049651650185e-06,388,1894,2.8308266589488895e-13,DDoS
4.682218833141963e-07,2.809331299885178e-06,239,1434,5.310205893187689e-15,DDoS
5.765484107533096e-07,3.4592904645198574e-06,224,1344,6.940111152732132e-15,DDoS
8.179226398823082e-07,4.90753583929385e-06,221,1326,2.6775045358344234e-14,DDoS
0.0026103994037074297,0.010444930203543258,237,1388,0.0003402555802576541,DDoS
9.861165931970852e-07,4.579480087537023e-06,411,1944,3.703144784207558e-13,DDoS
6.889439675030591e-07,3.4644934973291003e-06,322,1666,2.62745408495019e-13,DDoS
5.095915867047457e-07,3.0575495202284753e-06,221,1326,5.535995538222986e-15,DDoS
7.185788994986971e-07,4.311473396992181e-06,223,1338,2.1373266190369747e-14,DDoS
0.00045585841606567905,0.001371514132757711,225,1344,1.0329360747317375e-05,DDoS
1.396668008242601e-06,7.001138027873823e-06,431,2048,6.110715049939941e-13,DDoS
4.700538212815081e-07,2.8203229276890488e-06,220,1320,5.3072039375777766e-15,DDoS
7.102851505417529e-07,4.261710903250518e-06,222,1332,2.3245970185650767e-14,DDoS
1.4462882065365988e-06,8.677729239219591e-06,226,1356,1.9096236218179363e-13,DDoS
6.43956190983245e-06,3.8405430982072264e-05,256,1444,4.481411797993689e-11,DDoS
8.590632434401326e-07,4.2150488428945534e-06,370,1848,2.7222262859049026e-13,DDoS
5.146645143165417e-07,3.08798708589925e-06,223,1338,8.37493798710279e-15,DDoS
7.196510497216132e-07,4.317906298329679e-06,220,1320,1.6653827289864225e-14,DDoS
0.005080543727060694,0.021753103632205437,224,1332,0.0006421070637762244,DDoS
3.824051340170552e-06,2.227497062951433e-05,309,1622,4.794465814004666e-11,DDoS
5.286589775951845e-07,2.976995597767792e-06,251,1428,7.63762110743969e-14,DDoS
6.458306394226216e-07,3.874983836535729e-06,223,1338,1.3309958512709894e-14,DDoS
2.320565941445404e-06,9.359982599795718e-06,373,1752,1.373131071998874e-11,DDoS
8.205928257252683e-06,2.5417682793281974e-05,527,1984,8.431159009919801e-11,DDoS
1.0029291131548295e-05,3.262115055605537e-05,514,1960,1.7812590579104406e-10,DDoS
1.295356390169869e-05,4.362864930751392e-05,480,1780,1.9250463687759732e-10,DDoS
9.032383191417764e-06,2.6949301647019567e-05,527,2002,2.623392314320076e-10,DDoS
1.197549878040962e-05,3.848034591283642e-05,515,1948,2.39066697663238e-10,DDoS
4.221968503721032e-05,0.000135068284328549,499,1930,9.638901505448815e-09,DDoS
7.161430317463229e-06,2.316657325539872e-05,495,1822,2.9792331169414567e-11,DDoS
9.377495952252523e-06,2.9593610091981037e-05,507,1870,5.898045364542494e-11,DDoS
6.207723154218261e-06,1.9676235093111505e-05,547,2104,4.2398401363181743e-11,DDoS
8.248328460560838e-06,2.6979208109934346e-05,498,1894,4.2823570124887535e-11,DDoS
5.522818059628742e-06,1.7549421541881934e-05,533,2056,2.980617625280701e-11,DDoS
0.00010635857036409478,0.00034133759926525747,503,1870,3.493545375038499e-08,DDoS
1.623909412333053e-05,5.220867932624719e-05,536,2116,3.6709528258400533e-09,DDoS
8.23186907591905e-05,0.0002754619226068756,498,1876,2.4683879927028925e-08,DDoS
4.800001949519095e-06,1.5681753505046875e-05,540,2056,3.008666163743041e-11,DDoS
0.0010013901342011426,0.003927070485389008,507,1928,4.117077740511142e-05,DDoS
4.991130352112504e-06,1.552797614644003e-05,532,2008,3.290442294155045e-11,DDoS
6.74869692666938e-05,0.00021116490329667117,514,1948,7.864736530797721e-09,DDoS
2.3533727428281195e-05,7.449416559526674e-05,526,1984,4.1084781344999684e-09,DDoS
8.70414753362721e-06,2.9387738590592713e-05,512,1996,1.180697401403491e-10,DDoS
1.241295883592543e-05,4.3171676803746074e-05,505,1984,1.3324629248562032e-09,DDoS
1.7705492647864178e-05,5.8638713001743675e-05,528,2056,7.951041185095943e-10,DDoS
9.098004499380813e-05,0.000290105655799769,496,1864,2.1320427594467464e-08,DDoS
2.2333327775016846e-05,6.962851962510953e-05,540,2056,6.900362130135929e-09,DDoS
5.096476565946088e-05,0.0001596203928208424,485,1768,1.0519532943074035e-08,DDoS
5.03079553725881e-06,1.5835484663079476e-05,534,2008,2.883949661202607e-11,DDoS
6.764995085907436e-05,0.00020969456331108738,545,2038,1.0736106424628137e-08,DDoS
3.1861782030330764e-05,9.500800087770395e-05,507,1846,8.246469440421859e-09,DDoS
0.00013507024400838145,0.0004496517113683192,523,2056,3.331951358028987e-08,DDoS
1.2344505873053917e-05,4.1726059218740046e-05,514,1906,3.999927772970681e-10,DDoS
3.0565895005836136e-05,9.933326321413474e-05,547,2134,1.7424215277012178e-09,DDoS
1.5324267650038045e-05,5.0146843434134435e-05,502,1888,5.213153444882666e-10,DDoS
2.0863340400163982e-05,6.846383103889547e-05,532,2110,1.385246736711843e-09,DDoS
2.6674827814777632e-05,8.476697559418223e-05,510,1954,2.525979728787299e-09,DDoS
0.00013394712441331243,0.0004386095798710743,480,1822,3.523855598701047e-08,DDoS
4.573580714553406e-05,0.000151087643181214,501,1864,7.194840447819555e-09,DDoS
3.6559135546895296e-05,0.00012743698412849065,497,1960,5.938056108049727e-09,DDoS
0.00011772781141226299,0.0003964264417459755,490,1822,2.847843715868321e-08,DDoS
1.7460472315639215e-05,5.527962447685957e-05,536,2044,2.63889743433244e-09,DDoS
7.390881664043771e-05,0.00023626626276077186,519,1930,6.5708571092345655e-09,DDoS
4.1341019621786756e-05,0.00013039784751799047,505,1864,2.5269593546628055e-09,DDoS
1.997710457089731e-05,6.651882814247762e-05,517,2026,6.205620960670257e-10,DDoS
2.7439077297018327e-05,9.154819320080395e-05,473,1780,1.546755349291871e-09,DDoS
3.5202947210973664e-05,0.00011495284425151679,516,1960,1.1819277997565018e-09,DDoS
3.635410969302524e-05,0.00011501002737339145,483,1720,3.125582328628819e-09,DDoS
5.3413774798840434e-05,0.0001711392439180043,532,2056,3.6128936678905037e-09,DDoS
1.9922891105761087e-05,6.503844472220039e-05,523,1906,1.563911667934736e-09,DDoS
4.399494470509243e-05,0.000141535066306547,522,1996,1.9766845101451597e-09,DDoS
2.6068641665349837e-05,8.224502429493067e-05,526,2014,3.436733615946867e-09,DDoS
3.994048398074474e-05,0.00012619464048822015,537,2038,2.286129192162273e-09,DDoS
5.899646787748908e-05,0.00019807973314919485,480,1756,6.334893332819146e-09,DDoS
1.2762161728673328e-05,3.7220662649141646e-05,539,2068,1.355269322246575e-09,DDoS
4.66323287157123e-05,0.00014501322116547698,505,1912,4.917114376362144e-09,DDoS
6.6728860870409855e-06,2.1256444870573943e-05,533,2050,6.375667104831447e-11,DDoS
4.029257336243296e-05,0.000136441540518628,498,1912,2.879954841239135e-09,DDoS
4.52409533242986e-06,1.455944945900962e-05,539,2086,2.343818340363492e-11,DDoS
0.0009413225667795236,0.0028396312511515774,487,1790,3.607322768428667e-05,DDoS
0.20441994318078785,1.3212913434992861,233,6947,0.1860368675652483,BENIGN
0.0005180658820215577,0.0012592401289984259,1096,121728,4.19306160099722e-06,BENIGN
0.010499981595475277,0.1787298618180281,184,2868,7.902972487737226e-05,BENIGN
0.01852769026456791,0.305757683937398,200,3302,1.0679082597421255e-05,BENIGN
0.019079982804659362,0.3101476877184385,200,3244,8.252876761862544e-06,BENIGN
0.018727464505542895,0.30352937870492963,200,3238,6.3044136640719704e-06,BENIGN
0.019045933849557387,0.30808851742090965,200,3232,6.167445351513486e-06,BENIGN
0.01791918367662227,0.28881050394263835,200,3220,8.117032500498415e-06,BENIGN
0.018249349285690927,0.2952058832938723,200,3230,5.75110597710572e-06,BENIGN
0.017984275177749948,0.28871694023479383,200,3210,6.766674078899934e-06,BENIGN
0.014838247702374099,0.24234787896213666,200,3338,4.739716106663114e-05,BENIGN
0.005333061977094656,0.02436961035211769,273,21617,4.836677848838072e-05,BENIGN
0.005000819976129396,0.0007228457201481399,221,15510,3.172618287907048e-05,BENIGN
0.0029808479291559414,0.022067973423324984,2678,85709,8.266687940745988e-05,BENIGN
0.003020902799973779,0.0436613063111615,820,25449,5.012811313335469e-05,BENIGN
0.010108392311728028,0.1988073305921109,216,4128,0.00010227525336585092,BENIGN
0.008294887391642617,0.18176919648254458,216,4552,0.00010141759019309329,BENIGN
0.01043277906400755,0.20600138954465666,297,6862,8.741799444075166e-05,BENIGN
0.01398545134771374,0.08213157350428997,1024,38977,0.008881462064845592,BENIGN
0.0016070087328838327,0.013751296925053476,727,43648,1.9431638225081793e-05,BENIGN
0.0022195362527630594,0.04999821720926168,274,7025,8.586129261922297e-05,BENIGN
0.09023804548547602,0.5455407826837678,142,3646,0.16005895214366583,BENIGN
0.0002696782772470047,0.006814570994884218,114,2903,8.488776224986675e-07,BENIGN
0.06096071235421576,20.96920992603712,376,184674,0.09829095630040388,BENIGN
3.2687869774695316e-06,0.00013402971195269949,403,123215,2.360745728607843e-11,BENIGN
2.4438147984246315e-06,0.0012720909978938626,522,268558,3.673133992294022e-11,BENIGN
1.4270795516214258e-06,0.001042716631808871,463,198934,1.6919499145991455e-11,BENIGN
1.1114521472755096e-06,0.00014538204222853385,480,220767,7.178081200045277e-13,BENIGN
1.0251397225051919e-06,0.0005883289845505535,580,368271,1.4089136016244546e-12,BENIGN
1.0468475204646836e-06,0.0004406875809490049,545,315652,4.163760780649264e-12,BENIGN
6.5106962385261916e-06,0.008850372961116102,503,284266,1.396382740431026e-09,BENIGN
6.097934951201919e-06,0.007305774924244957,407,131405,1.1660355858741849e-09,BENIGN
1.6221576803098592e-06,0.0013828471903733013,551,361431,8.402301592861936e-12,BENIGN
6.960118247992893e-07,9.696439719619628e-05,515,272076,3.5533438098079867e-13,BENIGN
1.5735499307541335e-06,0.0005618578539826435,441,186672,3.722183951380291e-12,BENIGN
5.100374910682015e-07,6.079449861616914e-05,489,217386,1.7181001773175787e-13,BENIGN
1.1842062169394691e-06,0.00067584429294439,438,190047,4.967497835443086e-12,BENIGN
3.9538791033503545e-06,0.0038817368690851678,493,268588,2.498826919101543e-10,BENIGN
3.33418157015047e-06,0.0036294428362422825,457,188726,2.3452812834055783e-10,BENIGN
7.757095727188187e-07,6.98187541654565e-05,512,254957,4.1604087676416623e-13,BENIGN
9.46936431079165e-06,6.215733277329294e-05,406,138911,2.3270768009883533e-10,BENIGN
9.214612845528386e-06,0.01060626521011547,521,271350,3.3184934107329088e-09,BENIGN
4.4806480203636804e-06,0.0005106525271869888,535,274010,9.946226759263342e-11,BENIGN
3.985733939766512e-06,0.004510965485563997,504,273998,1.720094596827888e-10,BENIGN
9.537856213074447e-07,8.837632627770677e-05,514,240636,4.7538072204871e-13,BENIGN
1.2432232817727239e-06,7.08378983835413e-05,500,235106,1.6161954571021828e-12,BENIGN
3.921327377930087e-06,0.00021153041380459877,524,272635,4.927326647527456e-10,BENIGN
2.1329626226696574e-06,0.001160470255802353,541,304117,3.82145076764821e-11,BENIGN
3.4342239551266143e-06,0.0032503319769678217,418,193317,8.58632345156834e-11,BENIGN
4.087982054019798e-06,0.0038419671399639406,494,275288,1.033881459910253e-10,BENIGN
1.0384451109079784e-05,0.012575003046646983,401,140262,2.0339203599281183e-09,BENIGN
0.08835604808487721,0.5047017574066869,786,39213,0.18644201997849733,BENIGN
0.02014412096130014,0.12445746555743603,5856,86145,0.00900215150427007,BENIGN
0.014197540920197616,0.25130944522147486,259,4665,0.0006759175786363146,BENIGN
0.011223377079739185,0.2204273317498584,334,14741,0.00011336665755041262,BENIGN
0.19554475093488713,13.599236051728678,601,45362,0.24448287736263824,BENIGN
0.20614552051020305,2.6243713205892716,121,2411,0.21234971425163662,BENIGN
0.364633929225191,5.1267005250050985,133,1119,0.374980415246332,BENIGN
5.9595183902667855e-05,0.00019404064251363508,335,1314,6.687582119534257e-09,DDoS
1.2445278242084184e-05,3.736239928647387e-05,336,1290,1.5138670562068853e-09,DDoS
4.0784343674662874e-05,0.00013298917760965953,319,1306,4.018287362396318e-09,DDoS
0.00013513490747531969,0.0004451807511957035,331,1326,3.1251764694110756e-08,DDoS
1.5831779350992953e-05,4.782927640763432e-05,331,1320,3.281175548237353e-09,DDoS
5.5285287183034145e-05,0.00018161740320848428,321,1298,1.0345637645331523e-08,DDoS
3.29735610063429e-05,0.00010391030500131899,349,1330,6.251075989989483e-09,DDoS
6.561372344156342e-05,0.0002128848014514616,335,1322,1.4878140928240591e-08,DDoS
3.32772622567243e-05,0.00011119213836603025,339,1312,4.231681421297662e-09,DDoS
6.836589096982273e-06,2.2672466665820383e-05,323,1326,3.905698112209392e-11,DDoS
5.4570682708313435e-06,1.8117026630583873e-05,319,1296,4.8012874800421794e-11,DDoS
2.2890607781648173e-05,7.572325717860799e-05,338,1316,1.932139406079708e-09,DDoS
2.6457529740454333e-05,8.52896271555641e-05,365,1318,5.367495491530678e-10,DDoS
8.392389902208935e-06,2.6481042585447192e-05,329,1292,1.530697514960232e-10,DDoS
1.617566154079731e-05,5.314236947533372e-05,327,1318,2.5163312139599987e-10,DDoS
7.656043156881812e-06,2.7176505600235228e-05,330,1326,8.052261015121296e-11,DDoS
2.0892481633475885e-05,8.16720631594342e-05,337,1306,2.444252673480969e-10,DDoS
1.9266429748318415e-05,6.656309761155947e-05,369,1298,7.771656853876385e-10,DDoS
2.715176200919028e-05,9.009755016334995e-05,317,1298,2.2541657855046997e-09,DDoS
0.0009039367875064777,0.002721585376840311,334,1282,3.613646554780459e-05,DDoS
1.561012702773081e-05,4.898888068661202e-05,343,1286,1.8652469430787528e-10,DDoS
0.0017274267756730655,0.007742985656953132,335,1282,0.00014477460948831083,DDoS
1.0731484275765156e-05,3.66757961869142e-05,341,1346,1.7332484803201976e-10,DDoS
1.7534665449576778e-05,4.984222891909474e-05,327,1314,2.273607992288216e-09,DDoS
2.483547422240772e-05,7.799098856136851e-05,333,1308,1.9569756359056996e-09,DDoS
2.5438833384989015e-05,0.0001297963426207603,334,1296,2.5816993379063573e-09,DDoS
1.3564363955123039e-05,4.403007232600673e-05,344,1346,1.8598811042113058e-10,DDoS
1.1659331918577324e-05,3.746815665909709e-05,334,1348,1.3107627533190496e-10,DDoS
6.211501858629616e-06,1.9390969134143767e-05,329,1310,6.286204238745665e-11,DDoS
1.437202523997436e-05,4.759427353724294e-05,319,1306,2.3363808161150335e-10,DDoS
0.00013523685733879312,0.00044399088829834743,355,1352,3.2358110500667324e-08,DDoS
1.6286603084316535e-05,5.505898810827371e-05,317,1334,1.8718671490658124e-09,DDoS
6.636312184723361e-05,0.00022388981573682014,318,1294,1.1203283922690203e-08,DDoS
1.0845946865053714e-05,3.66911266619932e-05,304,1298,1.5425395293304332e-09,DDoS
6.479908868074324e-05,0.0002088347074088094,333,1318,7.7912469605878e-09,DDoS
4.4314128549887325e-05,0.0002547367555319394,315,1310,4.694843071182488e-09,DDoS
6.576536193147281e-05,0.00032167325891317337,309,1322,1.3825768174160937e-08,DDoS
6.096392548199891e-05,0.00020530136564791114,318,1328,7.3383869982031265e-09,DDoS
2.045259458271497e-05,6.377251372188935e-05,320,1302,3.0234121125849143e-09,DDoS
5.270424209549774e-05,0.0001779737722300303,311,1312,6.352469902659982e-09,DDoS
4.181106728923483e-05,0.00013436164501703305,335,1326,5.17025497983516e-09,DDoS
0.00011399997681783803,0.000360996958708672,318,1312,1.824454986553325e-08,DDoS
8.092959796855691e-06,2.836753511335961e-05,324,1322,3.9832511290914856e-10,DDoS
6.0754085202382396e-05,0.00019364930611667165,330,1332,8.070655735420547e-09,DDoS
2.3687607561766836e-05,8.545320501432073e-05,314,1286,2.0316014637403227e-09,DDoS
2.8297287991160576e-05,0.00010190111943048313,312,1306,4.553828686649339e-09,DDoS
6.284734722488573e-05,0.0002020659278520483,365,1310,6.146270148682905e-09,DDoS
3.0222662040955626e-05,9.099851989522076e-05,332,1340,7.128214441861987e-09,DDoS
2.3504983005308674e-05,7.196715849511911e-05,340,1296,1.9814979958664937e-09,DDoS
1.4634903818865267e-05,4.5367298062241515e-05,345,1318,5.191949897546666e-10,DDoS
2.2520392668684825e-06,9.208018949046295e-06,264,1318,6.107880226670496e-12,DDoS
3.997618744872595e-06,2.352373819269266e-05,274,1490,7.797635948767464e-12,DDoS
9.611185521503157e-07,4.73773068110506e-06,361,1802,1.4428183908251598e-12,DDoS
5.204235682421847e-07,3.1225414094531083e-06,223,1338,7.806402595946182e-15,DDoS
8.039724825158146e-07,4.8238348950948875e-06,221,1326,2.936205176791608e-14,DDoS
1.6341965852596888e-06,9.805179511558133e-06,221,1326,4.711817392425077e-13,DDoS
1.3102717045446124e-06,6.612534186287406e-06,374,1798,8.475766718333468e-13,DDoS
4.814662624114621e-07,2.888797574468773e-06,229,1374,5.867275699758165e-15,DDoS
6.353379359306546e-07,3.812027615583929e-06,223,1338,1.074106476849309e-14,DDoS
1.2005198657031415e-06,7.203119194218848e-06,224,1344,1.375734301814796e-13,DDoS
0.0006657489046427806,0.0026756399486758697,229,1362,2.1727914674580143e-05,DDoS
2.136334513399918e-06,1.2543508451514953e-05,265,1486,3.9829870944387914e-11,DDoS
5.521795898076012e-07,3.313077538845607e-06,233,1398,9.074468118406218e-15,DDoS
7.925818746849165e-07,4.755491248109499e-06,227,1362,1.3263654766206759e-14,DDoS
1.8424463068744766e-06,1.1054677841246857e-05,224,1344,7.506369329619161e-13,DDoS
1.2470506686561114e-06,6.746312635751437e-06,317,1654,1.7941424854617338e-12,DDoS
5.241753013407471e-07,3.145051808044483e-06,224,1344,7.459615744545453e-15,DDoS
8.309052213342265e-07,4.985431328005359e-06,233,1398,3.171962308577469e-14,DDoS
1.4136515863555989e-06,8.481909518133595e-06,224,1344,1.5024580259493297e-13,DDoS
1.168179204594844e-05,6.985566620411084e-05,244,1392,2.1674523876292898e-10,DDoS
2.6667358322733776e-05,0.00015981245279355163,244,1392,5.650979799630627e-09,DDoS
5.166504688209169e-07,3.099902812925502e-06,219,1314,1.0794020896067299e-14,DDoS
7.668886779649315e-07,4.601332067789589e-06,221,1326,2.888571233534937e-14,DDoS
1.6007658140800125e-06,9.604594884480074e-06,226,1356,2.647437202462175e-13,DDoS
3.740794298065615e-06,2.071253318069526e-05,428,1964,3.3482838942093216e-11,DDoS
6.798575623096107e-05,0.00020671942243339454,532,1990,1.109650983053408e-08,DDoS
2.2773457888546043e-05,7.524058363582527e-05,531,2080,2.9317946549774953e-09,DDoS
8.78581920951049e-05,0.00027701664024084097,495,1858,1.4138098174804251e-08,DDoS
4.2725382154314475e-05,0.00013117213632349908,507,1888,6.360751401654327e-09,DDoS
0.00013789593257407048,0.0004357600445312334,534,2038,4.483488571459817e-08,DDoS
3.857549173369697e-05,0.00011659645226781678,508,1882,8.613510599596812e-09,DDoS
8.030173070224996e-05,0.00027305165733855773,525,2020,2.2295123815974193e-08,DDoS
6.80834493085363e-05,0.00021311311935208135,508,1840,1.7140554736066302e-08,DDoS
1.90042748559539e-05,6.182992129065118e-05,535,2062,2.9846897995079366e-09,DDoS
0.00011195363986352516,0.0003785596321702859,514,1954,2.1945231035414533e-08,DDoS
7.4851479872505085e-06,2.4412942984762598e-05,503,1900,4.576612122352236e-11,DDoS
3.555004080094681e-05,0.00011206783361897976,530,2020,4.532688721103915e-09,DDoS
6.696813153009321e-06,2.0868449801000107e-05,521,1948,3.8626459692156714e-11,DDoS
7.364818808457688e-06,2.4588568680845255e-05,501,1948,3.957807504950318e-11,DDoS
7.784121316875962e-06,2.4415846914365758e-05,521,1990,8.835987555077669e-11,DDoS
1.8423879336115366e-05,6.226864472434305e-05,519,2020,3.209236118237932e-10,DDoS
8.233990947181038e-06,2.608766532001757e-05,508,1954,1.3974921283159333e-10,DDoS
1.8302558984440433e-05,5.998070924034679e-05,485,1792,2.850412018303944e-10,DDoS
1.6186715261452396e-05,5.152309782862053e-05,503,1870,7.149808884526159e-10,DDoS
1.1596597398314225e-05,3.685825176508194e-05,542,2092,3.8213196561882764e-10,DDoS
0.008612314263550726,0.042986717920729584,507,1916,0.00367275955972542,DDoS
8.579766363918894e-06,2.5069078736780442e-05,538,1972,1.3229132904194605e-10,DDoS
7.761012942828078e-05,0.0002569477209423645,491,1804,4.0371990683353627e-08,DDoS
3.199966191458758e-05,9.401356963348343e-05,500,1828,7.750271828310154e-09,DDoS
1.6435564954873564e-05,5.098123870790163e-05,540,2056,3.347889797053681e-10,DDoS
2.45392396457745e-05,7.59993509254002e-05,497,1798,4.899530438119322e-10,DDoS
1.2248130703657782e-05,3.586276560809236e-05,543,2068,1.3929044038669157e-09,DDoS
1.8647211334129002e-05,6.3479034126111e-05,468,1720,3.666702315079384e-10,DDoS
7.430013461044859e-06,2.4885819586216612e-05,517,1972,9.350637984286062e-11,DDoS
1.022291843639583e-05,3.254595267636157e-05,529,1960,2.635517052987729e-10,DDoS
1.749906103804667e-05,5.504789449230582e-05,485,1702,1.7306690770424817e-10,DDoS
7.147978523019672e-06,2.2961786009934076e-05,516,1954,9.501415033456748e-11,DDoS
1.2621167657621886e-05,4.215482322064804e-05,510,1948,2.0555684453266422e-10,DDoS
1.0813124389003044e-05,3.471230685863418e-05,499,1852,1.1978493300832288e-10,DDoS
2.4676477164914994e-05,7.185024016174257e-05,509,1906,3.824309912548613e-09,DDoS
9.270245494362018e-05,0.00028979045836658937,524,1978,2.2845413441225262e-08,DDoS
4.256040250334547e-06,1.3056103352860672e-05,557,2128,3.117801438366306e-11,DDoS
7.320351171965764e-05,0.0002365737368390672,502,1858,1.0260309327609136e-08,DDoS
3.644895896204603e-06,1.17262954841347e-05,538,2092,1.313449839909605e-11,DDoS
3.7171669371231654e-05,0.00012400018793599254,525,2002,4.302194544192453e-09,DDoS
5.58087483339829e-05,0.00018106309228903606,502,1900,8.238108327421906e-09,DDoS
0.00013860464134567353,0.00045764979584136034,514,1954,3.848379273544501e-08,DDoS
2.86887429626687e-05,9.237602385049821e-05,527,1996,3.1110854300852136e-09,DDoS
5.127906663253985e-05,0.0001614594116351754,535,2032,9.253474053165332e-09,DDoS
4.680609529197909e-05,0.00015333474720810757,517,1972,5.557092994277328e-09,DDoS
6.532023351980333e-05,0.00021812439234361958,485,1798,1.3863777974389824e-08,DDoS
0.00015073685322461005,0.0004868073294745662,485,1828,2.5540727994206384e-08,DDoS
8.7073621709794e-06,2.731792605107292e-05,518,1918,1.6303379930105417e-10,DDoS
4.18248288513375e-05,0.0001425061366226254,490,1894,5.9294776412736116e-09,DDoS
8.370265817303465e-05,0.0002618594157160283,460,1630,1.182963315515862e-08,DDoS
4.8167182885312974e-06,1.627716363836865e-05,511,1996,2.778993562740883e-11,DDoS
5.930656444876822e-05,0.0001875480261051472,510,1912,8.011434579233604e-09,DDoS
4.095876685133554e-05,0.00012712662825119556,494,1834,3.911343400367318e-09,DDoS
7.653980990060054e-06,2.3986310910380917e-05,501,1924,1.3640044392785324e-10,DDoS
2.467612586552573e-05,7.929280661772754e-05,490,1840,1.2723715343480656e-09,DDoS
0.03146415300286878,0.001304567601201906,331,1980,0.01357332921183149,DDoS
0.04001881825951531,0.45225662505099146,886,44208,0.0217218876500329,BENIGN
0.0010932234779550696,0.008163224762723185,1697,54317,3.630223619025233e-05,BENIGN
0.017213637524496794,0.1429675941399221,287,10496,0.008858499024492037,BENIGN
0.008524830006602438,0.16747118080667608,200,3996,8.225125294419087e-05,BENIGN
0.00510993994879476,0.09121242097025642,200,3840,5.877707439643596e-05,BENIGN
0.00501874575830352,0.0853760075822826,200,3464,7.43753495147536e-05,BENIGN
0.006558708698665899,0.08189752217682553,704,19154,0.00011815504760383203,BENIGN
0.0015871360926185676,0.008378934699008635,770,35116,1.9615872795158478e-05,BENIGN
0.010563510088807413,0.2660555098054112,1615,43671,0.00499470935656195,BENIGN
0.01621449252498576,0.28814292174822503,1242,102263,0.008854583962931466,BENIGN
0.18710499491496793,0.8684888340307805,274,6609,0.1752878274441862,BENIGN
0.2613814938164154,25.963045210887586,423,50342,0.3391412994861116,BENIGN
0.000748007010109632,0.021891059830916736,114,2933,2.267896699035814e-06,BENIGN
0.0008361668998319281,0.02586970042591183,110,2935,2.9609175255772528e-06,BENIGN
0.0003567129478743826,0.011636618944512431,106,2636,1.2197759850492253e-06,BENIGN
0.007409190629416115,0.14844226405359565,927,32430,0.00010304990916024624,BENIGN
0.011710935924341066,0.20479416560713978,800,15698,0.00012815277586695077,BENIGN
2.368735404406081e-05,0.006934231529492867,1531,126665,4.903413958231953e-09,BENIGN
2.6909177086377423e-06,0.002452727824242504,581,402317,5.088596997168229e-11,BENIGN
1.0884343253598294e-05,0.015219853460912182,509,272647,2.4901365483497465e-09,BENIGN
4.774696493542252e-06,0.005323264004721857,487,216011,8.264462189372404e-10,BENIGN
2.2041574515032184e-06,0.0009491369112244033,403,162833,9.789723808300476e-12,BENIGN
3.5573522660977936e-06,0.0001774717016493367,414,146482,2.0999212111107513e-11,BENIGN
2.3769831192067e-06,0.0019088102868479709,457,224201,4.399715168233928e-11,BENIGN
3.389858712529317e-06,0.0033356663186542746,549,338164,1.0067226288339872e-10,BENIGN
8.803433382150293e-07,1.9914464390434276e-05,320,5776,7.04388821207233e-14,BENIGN
7.443179676841071e-07,0.000247888596367214,578,363389,8.83564200957409e-13,BENIGN
1.867869655910709e-06,0.0001429399764256975,457,185351,2.4548987686317227e-12,BENIGN
2.2620631773062135e-06,0.0019357164059521925,385,105441,8.164707730658538e-11,BENIGN
8.926862461042435e-07,0.00023873917999647667,519,265207,1.0126744493699025e-12,BENIGN
1.2444750760756071e-06,0.0004914301076306166,622,410556,4.706639578061547e-12,BENIGN
2.3163866627806045e-06,0.0003904239662134032,357,74745,8.901520109242994e-12,BENIGN
1.4863952886639323e-06,0.0016009952147843958,566,368181,8.02544238571411e-12,BENIGN
2.2974623167296487e-06,0.001939016324971938,476,258980,1.763034498078223e-11,BENIGN
2.352948536986631e-06,0.0021050399013552265,449,207100,4.749954851784281e-11,BENIGN
7.080441287419403e-07,5.838869445455656e-05,483,223505,4.2941294257894633e-13,BENIGN
1.302467834835214e-06,0.0009731474642669475,561,329277,8.95272768348539e-12,BENIGN
5.311676232793197e-06,0.005955362669472687,497,289706,6.862573660328511e-10,BENIGN
6.837104676165754e-07,5.425848262330335e-05,414,130048,9.878369475438021e-14,BENIGN
1.3383639012074083e-06,0.0002358557388794368,401,124548,1.3035376744270344e-12,BENIGN
8.346801588449156e-06,0.009619356071112932,536,297884,2.6296686543907145e-09,BENIGN
1.2395510367743676e-05,0.01145543014466305,562,362056,2.160164400884386e-09,BENIGN
2.1353247494022466e-06,0.00017419424106230648,617,425591,1.6316857242288378e-11,BENIGN
1.0005678125649696e-06,0.0008124867794178981,516,304135,5.639564519202744e-12,BENIGN
8.073564967902592e-07,0.0004892361052776125,565,347771,3.746223336279945e-12,BENIGN
1.9635946794414986e-06,0.0010248102288327853,484,248790,1.0528703119192211e-11,BENIGN
1.8598978093696346e-06,0.0001954243642840913,530,278183,3.4658601057097733e-12,BENIGN
1.6341454255106515e-06,0.0005889690268848808,468,191416,9.077760472551907e-12,BENIGN
0.07052590524006763,0.9334679286057042,285,61121,0.08304517527925986,BENIGN
0.15550339426211982,2.029657007910552,116,667,0.11879594849899734,BENIGN
0.22682392216984135,0.5340384367164135,243,894,0.2018768927850331,BENIGN
0.07017855670304597,0.39922840280313515,209,1011,0.028084916741836594,DDoS
4.7123547676800323e-05,0.00015883924797579604,328,1306,7.270930415895345e-09,DDoS
4.055677706567739e-05,0.00012923008883283126,328,1284,6.011904956940176e-09,DDoS
3.308045614417015e-05,0.00010445937557238203,306,1320,8.244951155226877e-09,DDoS
3.824012584708481e-05,0.0001317409333522133,328,1318,7.065416131623655e-09,DDoS
6.7396277273276655e-06,2.796985499607392e-05,313,1288,1.8309497018913278e-11,DDoS
4.892387144710401e-05,0.00016702449553870717,357,1300,6.703297672377917e-09,DDoS
9.445488242331502e-06,3.134224507607509e-05,319,1322,1.7651347110345428e-10,DDoS
6.852819658351969e-06,2.231369217413958e-05,339,1332,3.696226424198618e-11,DDoS
8.348816954378131e-06,2.7815508413798577e-05,308,1294,1.12062373568445e-10,DDoS
5.102034835758849e-05,0.00016320717231244956,336,1302,4.283078495711214e-09,DDoS
8.352549160376793e-05,0.000277265061690903,310,1326,2.3001496869321598e-08,DDoS
2.2875596384201593e-05,7.0981444483585e-05,317,1314,4.04442832290711e-09,DDoS
6.601586236873259e-05,0.0002149665505473677,314,1328,1.1369996356279752e-08,DDoS
3.160817664296698e-05,0.00010740646677466918,310,1294,5.173450339416079e-09,DDoS
4.697693749585926e-05,0.000152480153637754,324,1334,1.181886714306238e-08,DDoS
5.617930111597428e-05,0.00017230011832855405,338,1322,1.0368321165615229e-08,DDoS
7.190252161817649e-05,0.0003216643455285995,318,1346,8.126771667849757e-09,DDoS
0.0001522405331512002,0.000568020888282458,309,1286,2.9557660167056566e-08,DDoS
6.569893871426061e-05,0.00021994370228542229,312,1310,2.1944091962332e-08,DDoS
7.671668969697812e-05,0.0002591682734096426,327,1336,1.1670863095457743e-08,DDoS
1.7770168106821826e-05,5.297586173341191e-05,326,1314,3.1356452632537083e-09,DDoS
0.00012156094022439015,0.00038216076555055376,338,1336,1.73983290582642e-08,DDoS
2.453724072859119e-05,7.271569237442416e-05,332,1326,4.677773578783005e-09,DDoS
9.247441815278313e-05,0.0002927563316392768,323,1334,1.1647809145297171e-08,DDoS
1.0710119502145414e-05,3.6962170853285055e-05,325,1296,6.887691760712068e-10,DDoS
6.131935254868516e-05,0.00019126140874477189,313,1318,6.324940670852481e-09,DDoS
3.409310856533114e-05,0.00011743105284734524,326,1334,5.311460591898734e-09,DDoS
4.9869507486101095e-05,0.00017150190598071976,325,1352,4.911869131447333e-09,DDoS
0.0001080455354837091,0.00045076644906286075,323,1304,2.1326415472380522e-08,DDoS
7.043408209886218e-05,0.00021444780102488202,314,1314,1.6316701630489395e-08,DDoS
8.75202849217887e-05,0.0002807201761090071,330,1308,1.1532397870620022e-08,DDoS
2.7177425995292126e-05,9.181903302532726e-05,333,1286,2.5524999940737336e-09,DDoS
0.0008298471966138618,0.0033224618473347016,340,1282,1.3449544905972152e-05,DDoS
1.6399467743794682e-05,5.4834687658534726e-05,321,1312,1.6094086878493154e-09,DDoS
0.0001897789635243798,0.0006449247162970926,336,1314,4.338232637296584e-08,DDoS
4.63858058894056e-05,0.0001520023197258028,332,1310,5.585688625267589e-09,DDoS
5.547238983218028e-05,0.00018908100680536103,321,1322,1.709417693263093e-08,DDoS
0.00016195005875869784,0.0005462636199019838,331,1318,2.7364877587567248e-08,DDoS
2.0204959203284633e-05,6.98581910309524e-05,311,1322,2.1234599489900886e-09,DDoS
9.190158086187974e-05,0.0003094402989404719,317,1346,1.426293420462014e-08,DDoS
4.697294067524021e-06,1.5732004780394774e-05,325,1362,1.838431818452968e-11,DDoS
3.634522993183952e-05,0.00011668643729516013,319,1346,2.2548432249886972e-09,DDoS
1.891901637564634e-05,6.022597701674647e-05,340,1318,1.7020742986326463e-09,DDoS
6.643619293721063e-05,0.0002228963176266871,336,1342,4.771004714378564e-09,DDoS
0.00010295478374808731,0.00033453568987719124,319,1346,2.434653367721286e-08,DDoS
4.662207190115236e-05,0.00016024181616325624,337,1348,5.444423036508842e-09,DDoS
8.519434429090789e-05,0.0002697717223390244,323,1310,6.808559474079153e-08,DDoS
0.00010308945696977524,0.00033585484019976936,338,1346,1.6208266758293167e-08,DDoS
2.4797673243915274e-05,8.317625408284446e-05,325,1306,2.7954219454713405e-09,DDoS
3.1222335010571835e-05,0.00011666131057119926,315,1334,6.281416995992973e-09,DDoS
0.00017301786801576365,0.0005840994480489449,356,1314,5.6373830774788837e-08,DDoS
8.955620661343946e-06,2.9824721218878965e-05,347,1330,8.376595658352185e-11,DDoS
1.4038495116711309e-05,4.430776580846011e-05,346,1334,4.236629976000826e-10,DDoS
0.00010500307592042358,0.0003196254080667465,336,1336,3.462348048367909e-08,DDoS
6.257851358099102e-05,0.00019371902226565925,335,1308,1.834216836772485e-08,DDoS
0.0006136529295502241,0.0018599148871261554,318,1476,1.8356243747208908e-05,DDoS
5.490750796885995e-07,3.2944504781315973e-06,234,1404,7.28589519784535e-15,DDoS
0.0004034670430934501,0.001615433131043922,227,1356,8.107099886494548e-06,DDoS
1.4595486706982843e-06,8.757292024189706e-06,221,1326,1.1956311498181588e-13,DDoS
2.076610446477297e-05,0.0001245966267886378,226,1356,8.376697035808219e-10,DDoS
4.2925775530047666e-07,2.5755465318028603e-06,224,1344,4.2249518247899695e-15,DDoS
6.002212731408244e-07,3.6013276388449465e-06,236,1416,9.022877982736945e-15,DDoS
8.456391090346568e-07,5.073834654207941e-06,225,1350,2.7514170468144643e-14,DDoS
1.5600133226716126e-06,9.360079936029675e-06,222,1332,3.0247159964570143e-13,DDoS
9.880764291169287e-06,5.928458574701573e-05,225,1350,8.643113549747065e-10,DDoS
4.1825793776434074e-07,2.509547626586044e-06,222,1332,2.0385048018037516e-15,DDoS
5.40859886269206e-07,3.2451593176152356e-06,227,1362,7.787584217806042e-15,DDoS
7.411625027805212e-07,4.446975016683126e-06,224,1344,9.070938192993313e-15,DDoS
1.244936520107259e-06,7.469619120643553e-06,216,1296,1.6535855421914552e-13,DDoS
4.264886616784701e-05,0.000255893197007082,230,1380,3.3773159112431493e-09,DDoS
0.0008514604452227358,0.0025555593706604583,227,1350,3.621479325711634e-05,DDoS
5.178859874575258e-07,3.1073159247451553e-06,223,1338,5.1536803111935415e-15,DDoS
8.676115370688467e-07,5.205669222413081e-06,226,1356,4.369088839883341e-14,DDoS
2.0433787914035168e-06,1.2260272748421102e-05,228,1368,8.51747480573499e-13,DDoS
2.1052533984595776e-05,0.0001258642892094363,276,1518,2.982858770721311e-10,DDoS
4.583680785094568e-07,2.750208471056741e-06,223,1338,5.575678974189264e-15,DDoS
6.80515272974227e-07,4.083091637845362e-06,228,1368,1.3526202867305244e-14,DDoS
1.1378260314958396e-06,6.826956188975037e-06,224,1344,5.426985044071983e-14,DDoS
2.247601795867993e-06,1.3249161671880215e-05,253,1446,5.423505840571044e-13,DDoS
4.6138249221910095e-06,1.4372892213691268e-05,270,1458,5.235749361830574e-10,DDoS
7.620986922522315e-05,0.00023162576633015085,520,1924,1.2402862977860133e-08,DDoS
2.0803604064536934e-05,6.736797760575799e-05,526,1984,3.146322018673317e-09,DDoS
5.894679798648978e-05,0.00018810707359953038,517,1924,9.530400136985685e-09,DDoS
3.313310782073759e-05,0.00010010209155001278,486,1762,5.799640595575139e-09,DDoS
5.879418871172479e-05,0.00019523676547953956,527,2020,1.4847379495393662e-08,DDoS
5.277399441055751e-05,0.0001761272684353252,481,1870,9.209743577375004e-09,DDoS
4.56215275215971e-05,0.00014632274495838862,506,1858,1.445480062150053e-08,DDoS
1.0705705111850238e-05,3.497886447944599e-05,522,1996,2.6274221072156907e-10,DDoS
6.027035682177115e-06,1.9135093623627513e-05,522,2002,3.630686953216514e-11,DDoS
1.59451722838409e-05,5.1158584307981916e-05,511,1888,3.262842096666039e-10,DDoS
9.660914993604564e-05,0.0003075882594528291,477,1696,1.0514415172314934e-08,DDoS
0.0001293399326482403,0.00039976190724881036,538,2044,3.4671492447426365e-08,DDoS
4.863759928610216e-05,0.00016358231051568075,523,2026,9.875438650913759e-09,DDoS
5.3938172991641287e-05,0.00018132221659689955,537,2062,1.0031547420334182e-08,DDoS
4.0841497900956715e-05,0.0001280157312802421,532,1990,5.8913917241634276e-09,DDoS
3.992548406780119e-05,0.00013029446286581277,530,2080,6.76177821145121e-09,DDoS
6.790013601920839e-05,0.000225674731945402,507,1984,1.228835125959284e-08,DDoS
1.6274721407274094e-05,4.894406746564777e-05,548,2050,2.8440795934003964e-09,DDoS
0.00011989390538872203,0.00037868751281527695,493,1828,2.5756048308970175e-08,DDoS
4.635792400470159e-05,0.0001478417693836202,529,2086,1.4832601971986495e-08,DDoS
7.430161857790954e-05,0.00023849557066948094,537,2104,1.3654522024938057e-08,DDoS
3.997658473016887e-05,0.00012833057579010346,519,1996,8.811591515844915e-09,DDoS
0.0001347130185511849,0.00043787511659660515,503,1918,2.4450366956379992e-08,DDoS
2.3375768775744825e-05,7.269386837441626e-05,519,1924,1.664066058222042e-09,DDoS
8.253418932684543e-05,0.00026375562653755595,541,2062,1.3045135556099175e-08,DDoS
1.199909342631385e-05,3.7812255240709966e-05,528,2062,7.493150413650798e-10,DDoS
8.535305070987546e-05,0.0002710328639501165,534,2050,1.2555698100499782e-08,DDoS
1.6930098434166934e-05,5.10464635688241e-05,527,1966,8.899468243439534e-10,DDoS
9.449700528433096e-05,0.0003098523655703236,532,2032,1.2148299556877464e-08,DDoS
1.236669407600247e-05,3.766081111918403e-05,542,2086,9.305352565857022e-10,DDoS
0.00016738989538938166,0.0005317150635486903,524,2044,3.4723261308404855e-08,DDoS
2.521622726648605e-05,8.02583556598381e-05,523,2008,3.1840832623864314e-09,DDoS
0.00013078805173215638,0.0004145169527036471,503,1894,1.6373844582240788e-08,DDoS
4.934428684172673e-05,0.00015342807491643893,514,1870,1.1684598890299538e-08,DDoS
0.0005569567733431451,0.0022158578727806857,499,1940,5.303415434822413e-06,DDoS
4.3922680866457206e-05,0.0001302126843176925,538,2050,1.1318705375223999e-08,DDoS
0.0023036994286679256,0.010195259592933027,512,1928,0.00023315534338090363,DDoS
4.5199464478551655e-05,0.0001457874466253694,528,2038,1.0321321764435535e-08,DDoS
0.00015232213284458463,0.000500808839215356,507,1966,2.7705812210934825e-08,DDoS
2.2979177770034446e-05,7.407577435270929e-05,522,2050,3.0804310157216993e-09,DDoS
0.00015194009466574907,0.00047172605013474624,529,1984,2.490755320676379e-08,DDoS
4.4530994710619614e-05,0.0001404714292785548,515,1984,1.204506171604793e-08,DDoS
0.0001205670967598285,0.0004080543431950305,522,1978,1.9701346124718594e-08,DDoS
3.416329823454208e-06,1.1332338731392534e-05,532,2080,1.2901034168988522e-11,DDoS
5.30683700745301e-05,0.00017032748982515522,526,2038,4.443159618353303e-09,DDoS
1.0059641757182375e-05,3.318291358236883e-05,484,1810,5.572560612718871e-10,DDoS
9.50369062638559e-05,0.00029430576073441835,521,1918,2.7287667083750918e-08,DDoS
0.00021704852862813512,0.000705346842148096,515,1948,1.8765470309065752e-07,DDoS
5.461184809343197e-05,0.00017882248213779483,507,1924,9.01009753922409e-09,DDoS
0.0001131129551673035,0.00037403677240294684,508,1960,6.956499728361182e-08,DDoS
0.00018737835857512611,0.0006335255227080356,472,1738,7.539199921732897e-08,DDoS
1.289909971445748e-05,4.1910720691875234e-05,494,1846,3.861407056855192e-10,DDoS
0.00012581276942538242,0.00040188538617943705,511,1960,4.596739610537896e-08,DDoS
7.417582067999678e-05,0.00024687081573101594,490,1852,1.5393435411764802e-08,DDoS
5.346757190248581e-05,0.0001901203195703649,504,1918,1.83128184159819e-08,DDoS
4.043664497613044e-05,0.00013426543156516414,517,1954,5.54993235847908e-09,DDoS
1.083594472049377e-05,3.349195030930562e-05,530,1996,4.5379252502640156e-10,DDoS
7.292685908530532e-05,0.0002311584310850356,499,1888,9.739183648090654e-09,DDoS
6.267120636574917e-05,0.00020100247589773548,483,1744,1.4663770696839637e-08,DDoS
0.11143444370006472,0.177269463395743,423,32905,0.056554406121756565,BENIGN
0.008001745817213858,0.1321207886820959,677,94873,9.0379689037494e-05,BENIGN
0.014782939946886566,0.2439529802075431,200,3308,3.9853886281456644e-05,BENIGN
0.018128196025947275,0.2954488876472536,200,3254,4.274714584696828e-06,BENIGN
0.017503479461113955,0.2843642751022641,200,3244,8.181949599324365e-06,BENIGN
0.017502339501964715,0.2832705342780283,200,3230,6.555785004239618e-06,BENIGN
0.01875972214844774,0.305019201554919,200,3246,8.913557688783736e-06,BENIGN
0.018737622226059285,0.30999116797798204,200,3320,1.8876454729419884e-05,BENIGN
0.018377418252096725,0.3035016545264274,200,3336,2.787399128648562e-05,BENIGN
0.012920894445156818,0.21270933707847026,198,3292,4.4587380956484666e-05,BENIGN
0.00031797704355136325,0.0005953461604752569,387,23296,3.4411458731678885e-06,BENIGN
0.00010013127793457742,0.0006855025645577362,212,14693,8.211536760522182e-09,BENIGN
0.026362763676848786,0.31665225913111944,1118,42941,0.013539814394538077,BENIGN
0.012948941814053521,0.23666341714250108,228,4366,0.00011178305844496024,BENIGN
0.019165406943079114,0.5191703573123309,769,97424,0.008816137037930835,BENIGN
0.016106618165010366,0.2988396693565991,1136,81297,0.009065178852503828,BENIGN
0.07233043584332031,13.41517073446681,450,32059,0.09136896141275633,BENIGN
0.00028870879804468024,0.01936058454575021,141,50253,9.915782152246048e-07,BENIGN
8.366823187281564e-07,0.0002833477729416687,470,222850,3.560504966021169e-13,BENIGN
7.159823020538299e-07,0.00019544611837128041,499,243975,5.056037267662669e-13,BENIGN
7.446060630584142e-07,8.410842270230709e-05,579,325194,5.67287158991849e-13,BENIGN
1.1602700991305079e-06,7.508684145146396e-05,484,224880,3.3069956261258476e-12,BENIGN
2.650679500496675e-06,0.000280635322405858,411,137512,9.995538534973021e-12,BENIGN
1.615520483041513e-06,0.0004173144406119441,651,433674,9.930144539009884e-12,BENIGN
1.560956549916835e-05,0.0020064132817385885,387,128625,1.3000303847610222e-09,BENIGN
1.44999418929177e-05,0.017485279754688818,467,232344,4.5098586614679244e-09,BENIGN
1.1017157604147941e-06,0.0001722742741871476,460,197613,1.1603567764538427e-12,BENIGN
3.7709562871297963e-06,0.004150981093671104,440,177095,4.10757818311287e-10,BENIGN
8.601090866448305e-06,0.011607737131288803,527,305456,9.979130098718109e-10,BENIGN
4.949256621389664e-05,0.0493597294851059,417,224171,9.383037109124506e-09,BENIGN
1.1654338678265488e-05,0.0001056634817407247,561,318462,1.9924756479325894e-09,BENIGN
6.614972645245955e-07,6.760632191349692e-05,363,72721,2.5883676174109544e-14,BENIGN
9.54194130250977e-07,0.00026348624474101327,406,145785,4.352637832243526e-13,BENIGN
1.4424528899272273e-06,0.0002963109844928501,403,132089,6.852182527223357e-13,BENIGN
1.5357222764266311e-06,0.0004582823590458891,438,179922,3.404550600388825e-12,BENIGN
4.659083141207249e-06,0.0028748603700222463,542,327313,1.6694495205553867e-10,BENIGN
1.10501182936803e-05,0.013123333558786263,481,248638,4.055449606965242e-09,BENIGN
6.258072356402609e-07,0.00020185485647959166,465,211219,4.2746495700882024e-13,BENIGN
2.139917535317441e-06,0.001228044145736287,522,273494,5.923005225238608e-11,BENIGN
1.073689390293812e-05,0.015601893106613059,524,336092,2.1291934558287915e-09,BENIGN
9.745001786696125e-07,8.690076194183814e-05,510,253540,6.863224111123553e-13,BENIGN
1.0556490773823099e-05,0.0019830417255231082,337,40009,6.076313007318556e-11,BENIGN
1.6511451394316477e-06,5.475664641969093e-05,443,172357,3.2424668362959027e-12,BENIGN
0.03216266491963494,1.6897243495216607,447,163119,0.01726205921876121,BENIGN
0.1275685983456719,2.3275349121719597,281,15320,0.067051120273981,BENIGN
0.14629586500595912,1.4041751382487635,120,3559,0.05347686331700101,BENIGN
0.010090666178597083,0.060294198868780464,281,1262,0.004998166434609656,DDoS
6.761260811955692e-06,2.2396374762903517e-05,322,1290,2.1254512621794909e-10,DDoS
8.56763007815246e-05,0.00029149891251315017,312,1302,8.424988550728165e-09,DDoS
4.2091291065982826e-05,0.00013067163862446333,339,1316,5.743349930453164e-09,DDoS
3.1932035124006485e-05,0.00011542819977781198,313,1332,3.4754681242654314e-09,DDoS
6.847208666611915e-05,0.0002608333308632152,331,1320,4.706946933822665e-09,DDoS
6.359428069086132e-05,0.00024059241055565905,334,1290,3.2597762208970064e-09,DDoS
1.8953518696345288e-05,6.0757847104417016e-05,318,1318,1.415911515262143e-09,DDoS
1.9589566746324236e-05,6.590384982901927e-05,333,1308,7.17712670911834e-10,DDoS
0.0018286815645032028,0.007583254157203658,315,1246,7.659134890751361e-05,DDoS
9.143363372254698e-05,0.00029061098818474043,315,1300,1.6214891886853857e-08,DDoS
2.4737868579744262e-05,7.897635805467197e-05,331,1334,1.9063719215170742e-09,DDoS
6.129358374055184e-05,0.00018175722514421572,333,1280,7.606688939245953e-09,DDoS
7.130448135624399e-05,0.00022571820281472578,346,1330,7.78683713210981e-09,DDoS
1.519900290033437e-05,5.322952598607664e-05,323,1342,9.584579652246266e-10,DDoS
3.806156525784147e-05,0.00013594394522290016,314,1316,1.8626437593101457e-09,DDoS
7.892689453187716e-05,0.0002966572394252829,339,1294,5.425696036312011e-09,DDoS
0.00011379284371222974,0.00037727867255457533,343,1318,1.4509439400851677e-08,DDoS
2.0396264422458307e-05,6.802166798170277e-05,312,1318,9.583111710978383e-10,DDoS
0.0003411742130706657,0.0014792979477956823,322,1292,4.400999304701941e-06,DDoS
0.00012478748931866036,0.0003818905860919427,335,1338,5.46354879127238e-08,DDoS
0.00016719940968866291,0.0005339902017589231,313,1316,3.437997814346317e-08,DDoS
6.331565210150939e-05,0.00020371804455626824,316,1298,2.3578314490942138e-08,DDoS
7.507515040580251e-05,0.00023655850134583658,322,1308,8.6063306457445e-09,DDoS
1.2902375578033883e-05,4.2116481163958044e-05,320,1302,1.0625192007471645e-09,DDoS
0.00010217523716892914,0.00034433975968407263,312,1324,1.4209961460102115e-08,DDoS
1.6745780286889802e-05,5.9572137791129043e-05,317,1318,2.4607558075229244e-09,DDoS
3.3909296346221864e-05,0.0001469080139988375,312,1304,4.073508269029096e-09,DDoS
0.00012094213397993493,0.00048725567807730326,318,1324,1.0205367690007217e-08,DDoS
0.0001489474694232435,0.00047355044370803233,333,1340,3.438172318277966e-08,DDoS
6.800775975008801e-05,0.00021526024476265114,330,1300,1.0343689065507478e-08,DDoS
3.6940076059466385e-05,0.00011589806534685435,318,1310,9.646991838569267e-09,DDoS
0.00021854309533015411,0.0006842194342438132,344,1312,5.360800681064692e-08,DDoS
7.365690675149369e-05,0.0002329738971982302,324,1308,8.656053690672467e-09,DDoS
2.9662970150482557e-05,9.028090879881882e-05,319,1310,1.9001450365942887e-09,DDoS
2.7287821690966545e-05,9.306821968115334e-05,318,1310,1.8771575776495036e-09,DDoS
3.83594731222778e-05,0.00012161442650087987,316,1310,2.125808362402745e-09,DDoS
2.216439267635819e-05,7.554490189786003e-05,330,1342,1.7089830154452574e-09,DDoS
4.2120324552282066e-05,0.00014917504200930758,334,1312,2.9453320097405158e-09,DDoS
6.531652701250178e-05,0.0002733979589673321,324,1318,1.4472097480324332e-09,DDoS
0.00010973197634417843,0.0003677427172288576,335,1304,1.5698869871273093e-08,DDoS
5.519007157763458e-05,0.00017593214368658876,343,1302,5.778731463626248e-09,DDoS
0.0014298263148873184,0.006397984333077434,315,1310,9.842209241709856e-05,DDoS
0.0018116194300510753,0.006419638371290445,325,1310,7.302406836381367e-05,DDoS
1.9731273741704344e-05,6.431319314312718e-05,337,1326,9.203036362982501e-10,DDoS
1.7576705881433646e-05,5.6766535300716715e-05,318,1304,7.754018053754983e-10,DDoS
6.294088316873993e-06,2.137999851702242e-05,339,1318,1.7378601554711315e-11,DDoS
1.8970691859523122e-05,6.253952976089644e-05,313,1292,7.281642665320007e-10,DDoS
6.260467771089289e-06,2.2057255453035294e-05,342,1310,1.2417590679811049e-11,DDoS
7.40066189205821e-05,0.00042080296846391726,327,1310,1.3242995038773249e-08,DDoS
9.157685521654387e-05,0.0003030072882862705,321,1330,1.4933139915298463e-08,DDoS
8.962576277021323e-06,2.6644609855317563e-05,350,1348,7.753061555544218e-10,DDoS
4.0254567404365596e-05,0.0001282519923024913,324,1326,3.179801375282543e-09,DDoS
5.9941778671304384e-05,0.00017032449510304,337,1296,1.2750496091643688e-08,DDoS
3.0449747909997757e-05,9.574362390835778e-05,347,1328,3.1145740789996064e-09,DDoS
4.6879462645582914e-07,2.8127677587349744e-06,218,1308,2.5244161976091227e-15,DDoS
6.252194263928858e-07,3.751316558357314e-06,218,1308,6.793995124078602e-15,DDoS
1.0315828053550692e-06,6.189496832130415e-06,231,1386,4.516974801955863e-14,DDoS
2.1590534222484183e-06,1.2954320533490509e-05,226,1356,2.496351854870184e-13,DDoS
1.538614363107861e-05,9.143233339114832e-05,307,1568,9.649423921174757e-10,DDoS
4.827863516748426e-07,2.8967181100490567e-06,229,1374,5.976646832757446e-15,DDoS
6.730141019314648e-07,4.038084611588789e-06,228,1368,2.949596960177e-14,DDoS
1.1267961885983537e-06,6.760777131590122e-06,228,1368,1.678987141828367e-14,DDoS
2.0555866790915667e-06,1.2333520074549399e-05,227,1362,2.4322652544486426e-13,DDoS
5.908510471228341e-06,3.418551745048603e-05,360,1772,1.8919431120649102e-10,DDoS
4.035176543680605e-07,2.4211059262083626e-06,224,1344,2.2245810801229706e-15,DDoS
5.241404534033523e-07,3.144842720420114e-06,218,1308,6.983495179110771e-15,DDoS
7.86683747011893e-07,4.720102482071358e-06,222,1332,1.8112706418919945e-14,DDoS
1.355923406010523e-06,8.135540436063137e-06,229,1374,2.053837452531161e-13,DDoS
9.130001122780004e-06,5.4123784596031086e-05,302,1610,5.441825990047619e-10,DDoS
5.861558550202951e-07,3.2641943735368332e-06,241,1368,3.080236505290399e-13,DDoS
2.498293551140226e-06,9.582562358787334e-06,233,1376,1.911873806266467e-10,DDoS
8.402866147937129e-07,5.041719688762277e-06,229,1374,3.2210271224261913e-14,DDoS
1.4598418883523696e-06,8.759051330114216e-06,218,1308,1.894566113681552e-13,DDoS
0.00037516004573855317,0.001504800538670546,332,1676,6.942284301031113e-06,DDoS
0.0002264181765884591,0.0006804330205167828,232,1348,2.553346634679399e-06,DDoS
5.061655956003315e-07,3.036993573601988e-06,225,1350,5.911478180725587e-15,DDoS
7.571963349347651e-07,4.543178009608591e-06,229,1374,1.6300886965287064e-14,DDoS
1.3215664828316035e-06,7.929398896989623e-06,222,1332,1.945208264606985e-13,DDoS
1.3116047296214687e-06,6.291591935272415e-06,442,2006,5.670233683659387e-13,DDoS
4.6315635361007295e-05,0.00016028410267648473,521,2210,8.16759891843057e-09,DDoS
5.1211893214593714e-05,0.000157375589492392,531,1990,5.538159334346319e-09,DDoS
7.35366496484093e-05,0.0002368612773964329,502,1870,1.1549153292289183e-08,DDoS
2.5786242557725102e-05,9.291050146384814e-05,549,2092,8.126047981964193e-09,DDoS
8.712820154627324e-05,0.00028799928678190025,492,1900,1.8354873481331012e-08,DDoS
4.8777322621281264e-05,0.00015485619655393815,489,1780,1.1146480739849627e-08,DDoS
7.799784520238397e-05,0.00025053563632819,517,1984,1.2264264712028341e-08,DDoS
1.5686735528765836e-05,5.138437523683364e-05,513,1918,7.015717995924915e-10,DDoS
3.190462837065905e-05,0.00010371773488891107,499,1900,1.2620715164281881e-09,DDoS
0.0007687236389812513,0.0023080192468167018,523,2012,2.8459536535406733e-05,DDoS
0.0001321459265052867,0.0004158659473585952,505,1882,1.4811514114939614e-08,DDoS
3.364298465396845e-05,0.00010730157770608846,542,2074,6.464446552322347e-09,DDoS
6.533823852065963e-05,0.00021103524863374975,517,1942,5.483194141636645e-09,DDoS
1.889367566252253e-05,6.432411523200004e-05,529,2044,1.5390877579454178e-09,DDoS
8.502344742746957e-05,0.000272423963906574,502,1906,7.578206267336217e-09,DDoS
1.2849173958353763e-05,3.9555647053958404e-05,524,2038,6.424811067479903e-10,DDoS
8.461830429211721e-05,0.0002697021907228998,514,1966,7.07025452188328e-09,DDoS
3.840071084370794e-05,0.00012311168627592549,509,1942,5.4811487869553575e-09,DDoS
0.000152631745262532,0.0004777744189383041,476,1684,1.774374934081958e-08,DDoS
2.6430530162327558e-05,8.299758034721392e-05,523,2014,1.899738269072063e-09,DDoS
6.086073418743355e-05,0.00018686334895658845,512,1900,6.815177628125797e-09,DDoS
9.367032017842235e-05,0.00030250398257286045,526,2014,3.5002952200977946e-08,DDoS
0.0002068181731614862,0.0006349728813698718,525,1960,4.716518090970154e-08,DDoS
2.6244203311517417e-05,7.832169818598185e-05,550,2074,9.310562402954301e-09,DDoS
0.0001168225265220524,0.00037957565200736417,512,1984,1.7759546292366e-08,DDoS
3.695137499875323e-05,0.00011332196845710739,528,1942,5.931856887619917e-09,DDoS
6.459286891246728e-05,0.00020715006061510288,542,2110,6.531926360223382e-09,DDoS
2.1289661901433442e-05,6.780983917719746e-05,529,1990,1.6419992291120404e-09,DDoS
0.00012257526497816488,0.0004058785207559286,510,1906,2.1971607370666786e-08,DDoS
5.409154838079777e-05,0.00017756429028094984,519,2002,6.190663520187127e-09,DDoS
0.00014227268288245586,0.00045644362110560196,538,2044,2.567147281266083e-08,DDoS
1.3731990863697215e-05,4.416954747674557e-05,527,2050,1.0026914347295703e-09,DDoS
0.00013929372907464118,0.0004343852861527256,514,1870,2.252634409735911e-08,DDoS
5.8283543504986043e-05,0.00017874796257389314,523,1966,1.8894422824840584e-08,DDoS
0.00011240216228194525,0.0003624814668326064,534,2062,1.727805799245438e-08,DDoS
3.478126459246743e-05,0.00010709930614973078,522,1984,5.000396874948136e-09,DDoS
5.6287744429352456e-05,0.00017548365092042657,531,2008,3.6218540356437696e-09,DDoS
4.55717559960447e-05,0.00014942317921156397,478,1726,4.322092577945923e-09,DDoS
3.737904591866458e-05,0.00011793153418717416,528,2032,2.36402412691888e-09,DDoS
3.582058165769034e-05,0.00011125576487587584,532,2032,2.9061389304546913e-09,DDoS
5.466758370375648e-05,0.0001811665049443264,468,1684,3.835909144175761e-09,DDoS
5.536609533344912e-05,0.00017706905734635536,513,1954,3.252696713917616e-09,DDoS
7.015929418879602e-05,0.0002289100945321872,520,2032,1.2818327630072847e-08,DDoS
6.455143105909118e-05,0.0002008975114547316,500,1816,6.698231335637318e-09,DDoS
4.8036766324467464e-05,0.00014000195082706517,513,1960,1.7747742553203337e-08,DDoS
0.00014584458982901615,0.00047501323263938496,496,1876,3.6787056053057226e-08,DDoS
5.604952492553628e-06,1.905086208060448e-05,498,1900,2.2264420764418534e-11,DDoS
1.6043660574928838e-05,5.0969185185611765e-05,547,2122,6.411439207555901e-10,DDoS
4.530431924637474e-06,1.4174449645748923e-05,522,2008,1.854416430172775e-11,DDoS
2.4525741170940105e-05,7.737063447390625e-05,514,1930,1.056963323959697e-09,DDoS
1.0408448217256117e-05,3.141549800331937e-05,513,1894,3.5438423772957005e-10,DDoS
1.2546622627135433e-05,3.9606357093811565e-05,520,1984,3.885746972817146e-10,DDoS
8.213818763386494e-05,0.0002602070443465838,522,1924,2.0626485466420017e-08,DDoS
3.141004871192108e-05,9.185889667836445e-05,540,2068,7.886865458570406e-09,DDoS
3.92598079948843e-05,0.0001299968648285487,530,2068,5.735544687662094e-09,DDoS
2.868060328009127e-05,9.619571622635218e-05,504,1882,2.914378977279575e-09,DDoS
8.222751029101735e-05,0.0002461336271906946,523,1900,1.8235041504387643e-08,DDoS
0.025653485895201795,0.12873481626829023,386,1382,0.019946333428686545,DDoS
0.32212836012159923,22.84529675565661,203,22350,0.21186895110404422,BENIGN
0.007317201713949649,0.10081974657676396,287,5435,0.000453132685701715,BENIGN
0.008621349186654624,0.03514802656241661,362,155064,0.0012768158603303494,BENIGN
5.425230772339121e-06,0.006447676163397667,473,246665,7.894476200830195e-10,BENIGN
1.7739359297918558e-06,0.0001513140499923095,608,390866,2.962873991608947e-11,BENIGN
7.952556035940628e-06,0.003241614114434274,441,189410,3.1805111278143264e-10,BENIGN
1.963725156658658e-06,0.000913899350207673,457,198018,3.926484592523465e-11,BENIGN
5.69296105460929e-07,7.83185417394135e-05,428,141085,4.477598741496729e-14,BENIGN
4.754182084067726e-06,0.00696090112826669,466,227546,3.9963406562355853e-10,BENIGN
1.35689684075708e-06,0.0001870967016973512,406,125893,8.803407719801697e-13,BENIGN
6.223423507774632e-06,0.00639790837580673,637,430335,7.44910746122771e-10,BENIGN
2.890985109659132e-05,0.0006662690281374875,441,177845,2.9285446289605574e-09,BENIGN
1.4395680799903018e-05,0.01887164318012645,530,324640,4.31434696724182e-09,BENIGN
2.9237540654156268e-06,0.0032785974195220446,441,177839,2.4216160326633416e-10,BENIGN
1.0731555454861081e-06,0.00026713722454920364,500,278188,9.836698255648437e-13,BENIGN
1.7048221176292352e-05,0.016285004880992316,458,256885,1.6397182836618053e-09,BENIGN
5.351813818697473e-07,7.012726744176341e-05,408,130732,4.2768506214762056e-14,BENIGN
5.644161420762189e-07,7.389329098583354e-05,479,211279,8.961587766357555e-14,BENIGN
2.2168304754758968e-06,0.002657607544565462,522,267885,1.1542514686401847e-10,BENIGN
1.1858434224959269e-06,0.00045874891380451245,565,340241,1.915485118748667e-12,BENIGN
3.601026905981546e-06,0.002836720377260347,456,162744,2.1404865530212398e-10,BENIGN
9.889653591064714e-07,0.00038802249099827624,553,313575,3.751978617891691e-12,BENIGN
5.131354174981861e-07,7.575887882814039e-05,469,213993,7.295327819860912e-14,BENIGN
2.7884056621563973e-06,0.0027827427342268373,426,159369,1.4308222895414705e-10,BENIGN
1.3076681641538622e-06,0.00037285835670823814,508,255618,2.707076556961692e-12,BENIGN
8.249101596901585e-06,0.009526535771451291,420,146417,1.0272714129283308e-09,BENIGN
4.910341061438095e-06,0.005413349519935849,583,330634,8.31278190414469e-10,BENIGN
0.08686127591190386,0.36645348908296654,508,26619,0.127384996806883,BENIGN
0.24786992893983123,1.1349173353584743,179,11168,0.17122816220700124,BENIGN
0.0390601197587658,0.6665264462188436,369,1350,0.02818390023095962,DDoS
2.657177924482682e-05,8.881746833962657e-05,318,1324,1.9737892263174636e-09,DDoS
6.2763181989439146e-06,2.1337735191432492e-05,339,1324,1.9363977130315766e-11,DDoS
1.5065480395671247e-05,4.702841493011472e-05,337,1322,1.1483772520664298e-09,DDoS
8.665303680073453e-06,3.764369549062227e-05,314,1308,6.922947632655055e-11,DDoS
6.03727122050557e-05,0.0002623056055725464,330,1330,3.089218803877208e-09,DDoS
2.93180706664401e-05,9.28492945673127e-05,337,1326,2.113748689800557e-09,DDoS
1.874825526831265e-05,5.750170133218535e-05,338,1312,9.630674026788365e-10,DDoS
1.0923283882064242e-05,3.4528634239904017e-05,330,1346,7.225076960165033e-10,DDoS
9.50078209900135e-05,0.0002982933358542705,353,1326,1.5852184839650613e-08,DDoS
4.090132061373122e-06,1.4088991376229679e-05,315,1316,1.4292187999507687e-11,DDoS
0.00012255566148556082,0.00037809287763057765,341,1294,2.282998570141134e-08,DDoS
1.8144664424407706e-05,6.685784543731033e-05,314,1318,3.2479741687840677e-09,DDoS
5.698293849238344e-05,0.00018242404187762204,325,1292,6.094930598819799e-09,DDoS
1.1819908463807953e-05,4.2753747912435104e-05,313,1280,1.8000467546607769e-09,DDoS
8.721670544884501e-05,0.0003662298459595275,306,1264,3.8531475512734476e-09,DDoS
0.00019832202440377326,0.0006725871114383352,329,1316,6.141669170558328e-08,DDoS
3.365813169244897e-05,0.0001133708197807137,315,1336,3.1210421415853717e-09,DDoS
8.77764557756198e-05,0.0002923524101506068,347,1342,2.015047508434088e-08,DDoS
3.209414028178579e-05,0.00010139508117653092,326,1314,1.4535926075435387e-09,DDoS
1.6634204677527372e-05,5.382886342132632e-05,336,1334,1.185687927772026e-09,DDoS
5.423264320512057e-05,0.00017446142921076786,307,1274,1.0670116119534158e-08,DDoS
0.00013069900983573744,0.00044279238962248246,327,1320,6.695275249989524e-08,DDoS
6.768743941614701e-05,0.0002270350385722038,323,1300,8.654821444957135e-09,DDoS
5.156350051465161e-06,2.4286951279289347e-05,322,1348,2.7556832050945857e-11,DDoS
6.378856705762734e-05,0.0002727253716949642,323,1332,2.445319297167254e-09,DDoS
0.00011267636205794129,0.00039071931076653776,323,1322,1.9180720730770474e-08,DDoS
2.17280479457696e-05,6.87147685122858e-05,331,1306,9.9135413908996e-10,DDoS
7.370110474280989e-05,0.00024345330741098792,320,1320,6.774246623707376e-09,DDoS
6.779112499817312e-06,2.274454227046416e-05,323,1348,1.0896133005012677e-10,DDoS
4.9294161216787213e-05,0.00016231664385549298,321,1296,4.133211879495749e-09,DDoS
1.4334148146362977e-05,4.7919802586013063e-05,306,1298,6.699832353173207e-10,DDoS
0.00010151272522303398,0.000339847299814068,323,1354,1.4079363827406942e-08,DDoS
2.0420101864333196e-05,6.172109627789703e-05,323,1352,6.548956787842338e-09,DDoS
0.00010005189542448668,0.0003509205174853251,334,1324,1.1233221214634803e-08,DDoS
1.4579326015144831e-05,5.2229401833755565e-05,337,1338,4.5452626380697016e-10,DDoS
1.3170052609652379e-05,4.143987418134086e-05,319,1290,4.88719868024347e-10,DDoS
2.9787723945459906e-05,9.573986553263027e-05,334,1298,1.2532069967045841e-09,DDoS
3.33578275229143e-05,0.00010329263665919174,335,1314,2.917383676914346e-09,DDoS
4.301277324622793e-05,0.00013606866023471476,339,1324,4.5162054322921756e-09,DDoS
2.8692295106289268e-05,9.635237264449653e-05,322,1314,3.419491485968402e-09,DDoS
0.0001068458559501093,0.00034390855994869573,345,1316,1.6990652900725556e-08,DDoS
1.196248288912927e-05,3.84276677879966e-05,339,1296,5.372673236825111e-10,DDoS
0.00011416323033222362,0.0003671263198762481,326,1326,1.3992256307912827e-08,DDoS
1.9983708648148288e-05,6.867623445135021e-05,324,1328,1.7546864326433742e-09,DDoS
3.669588580262223e-05,0.00012185991889985047,333,1336,3.398082927506903e-09,DDoS
3.138167517493771e-05,0.00010373148179443089,336,1320,1.5103322894329904e-09,DDoS
1.4672822615370749e-05,4.652982725805247e-05,329,1334,3.9234686333619557e-10,DDoS
1.8067164674807497e-05,6.125245615366997e-05,307,1304,5.678514852196672e-10,DDoS
1.003995796212083e-05,3.2521895103071066e-05,340,1346,2.492063640343474e-10,DDoS
1.0217677130849788e-06,6.130606278509873e-06,229,1374,2.6615645965365484e-12,DDoS
5.563276018058514e-07,3.337965610835109e-06,232,1392,7.020713708956921e-15,DDoS
7.86320387186567e-07,4.717922323119403e-06,225,1350,2.7218265662736445e-14,DDoS
1.4590463362463395e-06,8.754278017478037e-06,221,1326,2.2367853596449825e-13,DDoS
5.499422936996269e-06,3.202944245938218e-05,356,1762,7.804190970000819e-11,DDoS
0.012007064843813284,0.04804203620398472,275,1502,0.007199827219122487,DDoS
4.801418753387333e-07,2.8808512520323994e-06,222,1332,5.1662996090571736e-15,DDoS
6.598446284221577e-07,3.959067770532947e-06,225,1350,1.2790917378442417e-14,DDoS
0.009524715897139194,0.03286258109712089,217,1290,0.002591495179096627,DDoS
1.70494563865509e-06,9.86676058792211e-06,273,1492,3.173647567126598e-13,DDoS
0.00046342888581991487,0.001400128283161484,392,1878,1.0566018220898996e-05,DDoS
4.6376718743342844e-07,2.7826031246005702e-06,218,1308,5.5871541900916334e-15,DDoS
5.497637806384899e-07,3.298582683830939e-06,214,1284,9.468107664779793e-15,DDoS
8.194466233970191e-07,4.916679740382113e-06,215,1290,4.123930863739298e-14,DDoS
1.5756188512764706e-06,9.453713107658824e-06,224,1344,2.905053133609348e-13,DDoS
1.94100554273093e-06,1.0690333432659957e-05,354,1740,1.2091797156156922e-13,DDoS
2.0252018198120997e-06,1.080842802790506e-05,423,1996,3.6562795494922866e-13,DDoS
7.180419638355882e-07,3.986642964349066e-06,283,1568,3.997808068042915e-13,DDoS
5.394462542786176e-07,3.236677525671706e-06,225,1350,6.3885271502044414e-15,DDoS
8.359466080342117e-07,5.015679648205271e-06,223,1338,3.6806272205621157e-14,DDoS
1.5842914570245488e-06,9.505748742147293e-06,221,1326,2.396376090725769e-13,DDoS
1.9696750279420816e-06,1.0790124994849777e-05,366,1784,2.317812342790676e-13,DDoS
5.93601497497083e-07,3.1530398045047894e-06,287,1558,1.7771160609330792e-13,DDoS
5.251636217023133e-07,3.15098173021388e-06,219,1314,5.5099552664294635e-15,DDoS
7.534635569232193e-07,4.520781341539317e-06,220,1320,2.94629981197955e-14,DDoS
0.0010185501428559612,0.004077362672114556,230,1358,5.170595658503162e-05,DDoS
0.000626020055660621,0.0018795907333611756,443,2036,1.9529949280802625e-05,DDoS
4.281786842259586e-07,2.5636518991250346e-06,233,1376,4.270323616687606e-15,DDoS
5.830151513061981e-06,1.8420536223044737e-05,542,2098,3.988135622362044e-11,DDoS
6.266841458008202e-06,2.0628435502444155e-05,503,2002,5.3611806018468156e-11,DDoS
3.748306980074203e-05,0.00011703433246904965,537,2086,4.2291417815296855e-09,DDoS
8.19410054625102e-06,2.6118449938916335e-05,498,1864,1.7764750603016753e-10,DDoS
1.3199920139102817e-05,3.943319268443731e-05,546,2146,1.1683972321573159e-09,DDoS
6.354747636679404e-06,2.0427283511455485e-05,488,1870,4.261852593326484e-11,DDoS
6.639749283176408e-05,0.00020695580814636912,522,1972,4.495929391486029e-09,DDoS
5.335639505491196e-06,1.788343883453181e-05,527,2026,1.0274114234690453e-10,DDoS
2.8048104802704116e-05,9.247219335039503e-05,494,1858,1.1190048927316317e-09,DDoS
5.6373199080338415e-06,1.8293518056846102e-05,512,1930,2.2605268233844184e-11,DDoS
8.247117149953958e-05,0.0002480121138876358,520,1948,1.5047202002649162e-08,DDoS
3.0100321182914367e-05,9.985982380346003e-05,499,1918,3.880740510260087e-09,DDoS
0.00019632327225136884,0.0006413540876616868,518,2020,6.734098998980007e-08,DDoS
3.3837749416289242e-06,1.0574660212056768e-05,552,2074,1.3267014439131225e-11,DDoS
0.00012270747460682292,0.00039751646935366357,534,2032,2.4459979375691066e-08,DDoS
7.482316915184822e-06,2.328186124801923e-05,518,2008,3.3065436804133657e-10,DDoS
0.00010408741305950917,0.0003463760298930792,521,2020,2.2343017146275386e-08,DDoS
8.772216919043378e-06,2.7937013765755944e-05,548,2164,3.6521853659770255e-10,DDoS
0.0001460424506332189,0.0004538002731206192,535,2050,3.2378051447755546e-08,DDoS
2.8579643772113128e-05,9.280441540644274e-05,525,2050,7.889824353740958e-09,DDoS
0.00158450615249805,0.006092135495148562,510,1908,5.70898032935352e-05,DDoS
1.701669845026759e-05,5.6883190432715425e-05,518,1960,1.9716088167656114e-09,DDoS
3.700854055850076e-05,0.0001207555917441124,518,2032,1.4375984073087052e-09,DDoS
2.0366741717631593e-05,6.976973196680744e-05,501,1900,1.3672696422497677e-09,DDoS
5.602892164640355e-05,0.00018087678801737345,528,2056,5.943839738153032e-09,DDoS
5.628010504336719e-05,0.000194223231364388,514,1984,2.102861830308105e-08,DDoS
4.286122845651421e-05,0.00013576630685795685,513,1966,4.698003968498314e-09,DDoS
7.5111239849622325e-06,2.478829787619682e-05,513,2014,1.9232711126919382e-10,DDoS
6.841181528438164e-05,0.00021676875144139635,490,1750,8.63173639672267e-09,DDoS
1.211092233743364e-05,3.951880466986466e-05,529,2062,3.086603399206156e-10,DDoS
0.00010867901577172364,0.00034360909267385295,504,1918,1.6064794356356312e-08,DDoS
7.853960409063739e-06,2.533600564639457e-05,531,2062,1.7186401107701944e-10,DDoS
7.956941648756512e-05,0.00026245684186560923,509,1924,7.0373675216727815e-09,DDoS
3.8555500121781403e-05,0.00013205583827259094,509,1984,6.871575127845197e-09,DDoS
5.2654868663607036e-05,0.00017131754009326854,487,1846,2.854788972152014e-09,DDoS
6.755261663106386e-06,2.204581797920146e-05,529,2062,1.3550188094090448e-10,DDoS
7.352498676486904e-05,0.0002325258429078319,499,1924,6.3483919916936476e-09,DDoS
3.89748340096636e-05,0.0001225121886977943,540,2086,8.957269978293085e-09,DDoS
5.219870624734125e-05,0.0001725753799618467,517,2026,5.3764367870306376e-09,DDoS
6.122904840344246e-05,0.0002059246509716365,528,2074,1.8434512336484165e-08,DDoS
8.970005338267885e-05,0.00030271856538119417,469,1792,1.9870593487693985e-08,DDoS
2.1376998262716403e-05,6.606422266821287e-05,507,1900,1.3734928203175672e-09,DDoS
1.6969449190708192e-05,5.384635014052567e-05,526,2032,5.047273926517078e-10,DDoS
2.3307118095299194e-05,7.359103414289917e-05,499,1858,9.258057043797086e-10,DDoS
7.90857644824303e-05,0.0002541329136464675,490,1864,1.4648767809317048e-08,DDoS
5.1823288003886766e-05,0.000164573363628887,486,1834,1.0034051310450096e-08,DDoS
1.2767912499717368e-05,4.047546004898986e-05,522,2050,1.4602634252428428e-09,DDoS
0.00010155973778652821,0.0003124002166918139,507,1864,1.5796863474199926e-08,DDoS
2.8348457572242554e-05,8.933971355649413e-05,526,2092,6.9059861529221715e-09,DDoS
0.00010796213801620809,0.0003418804444709965,503,1882,2.189842313613006e-08,DDoS
1.1516919673541133e-05,3.814065675507515e-05,533,2080,9.389769255017577e-10,DDoS
0.00013387573859493512,0.00041899507198477195,509,1864,3.478176667002845e-08,DDoS
2.7337570266793767e-05,8.315217665862515e-05,515,1888,3.4152901357522562e-09,DDoS
2.757078006979015e-05,8.990943355853294e-05,520,2008,2.5426541980771486e-09,DDoS
5.064425477993059e-05,0.00016228398108395964,485,1786,4.549342955762251e-09,DDoS
1.6598339296385143e-05,5.372188330002928e-05,510,2002,5.153778354200065e-10,DDoS
2.826447013867697e-05,9.286689081484317e-05,502,1888,1.0115558319646818e-09,DDoS
0.11667838740548786,0.28105054501576165,389,1380,0.11450972989919798,DDoS
0.12049559504097163,0.2350767823679708,429,36058,0.12136659264574508,BENIGN
0.02081805538505728,0.7042691817523778,248,6469,0.005743912392931375,BENIGN
0.015426817796761859,0.25459153889873337,208,3444,5.5378806746640585e-05,BENIGN
0.01794787163613202,0.2898077140323735,200,3226,6.228597467300845e-06,BENIGN
0.016982267284907794,0.27245247287754315,200,3206,8.16999660017171e-06,BENIGN
0.01793372891308244,0.28925859973874923,200,3226,8.639197189695338e-06,BENIGN
0.01839810956680959,0.2975278372264871,200,3228,8.604502165401553e-06,BENIGN
0.019023006244652297,0.31381458133964274,200,3304,7.935998200743549e-06,BENIGN
0.01870200956482172,0.30809036249751126,200,3300,1.2858405051253002e-05,BENIGN
0.014167643334443758,0.23684275506543415,200,3344,4.920357112164458e-05,BENIGN
0.0030412912007301072,0.021382905302072715,768,103559,3.692451731727896e-05,BENIGN
0.003277725337980546,0.0007971047149404306,238,17064,1.7153838632951942e-05,BENIGN
0.023277997878760656,20.73267463107837,377,62586,0.019954586893957075,BENIGN
0.03497653560356894,1.3339034848319598,303,9228,0.014064267644546512,BENIGN
3.294556438845497e-06,0.0003241899490922768,499,254977,2.7926644491586544e-10,BENIGN
7.546742064049353e-07,7.045965833116115e-05,458,205731,2.2777625784811125e-13,BENIGN
5.9347746434091905e-06,0.004270292458264608,474,234409,5.391469252830549e-10,BENIGN
2.41888700961284e-06,0.002190750316525689,485,254302,7.99028880270967e-11,BENIGN
2.1958187979256752e-05,0.03116847070290206,584,383211,5.265869035195519e-09,BENIGN
4.675425785852636e-07,5.816659612319327e-05,489,235118,6.252923145118453e-14,BENIGN
3.3682982864805933e-06,0.0036285401772581695,357,82870,1.9337931265842817e-10,BENIGN
1.3714951621470654e-05,7.53132968131208e-05,390,113673,1.540007677833956e-09,BENIGN
7.199563098238962e-06,0.007228432297732643,567,383907,7.175498979589505e-10,BENIGN
9.408886810129501e-06,0.013926256326445426,519,308224,1.1416852330260919e-09,BENIGN
9.945592421010925e-07,4.0602378865262956e-05,376,87019,1.4436453709522875e-13,BENIGN
9.519338206112052e-06,0.012819785031517983,594,438585,8.433979326632878e-10,BENIGN
2.6719112636084205e-05,0.00017508343492205782,483,232487,2.976810777560209e-09,BENIGN
2.400965781408645e-06,0.002721518368057932,567,347753,1.108895461142113e-10,BENIGN
2.350917340359566e-06,0.002904060443342484,448,211981,1.1520198743324802e-10,BENIGN
1.1855015668739043e-06,0.00017148965809331206,397,110227,4.294702219727269e-13,BENIGN
1.3430215890404437e-06,0.0003716746885340791,589,362717,2.0159138845987333e-12,BENIGN
2.095883170033212e-06,0.0014621234368401058,504,275421,2.3399562250384903e-11,BENIGN
4.372341486907157e-07,6.660133753547729e-05,507,248112,4.876469784084011e-14,BENIGN
4.0544988302512606e-06,0.004703865465140173,530,291814,6.081555942222369e-10,BENIGN
7.614034118390576e-07,6.636126464909502e-05,473,205833,1.9293144950740288e-13,BENIGN
1.4555191848551825e-06,0.0005140297810203539,438,195559,1.6564527378141827e-12,BENIGN
1.9999091888145967e-06,0.00014083892705274954,474,191440,1.6912181467197824e-12,BENIGN
2.469987397485265e-06,0.002910822885770976,565,340247,1.6255154285361614e-10,BENIGN
4.941271666916025e-07,9.391607436961022e-05,454,200386,4.414881637876466e-14,BENIGN
0.3133867366802762,6.891790800521802,311,26331,0.3910758042244356,BENIGN
0.0011945189880898687,0.003592269526382185,276,1350,6.916158887277354e-05,DDoS
9.203255891717636e-05,0.0002934151934435249,328,1324,1.7446943602693137e-08,DDoS
2.676229658026623e-05,9.119734901144198e-05,331,1334,6.065261751872482e-09,DDoS
3.672059072317448e-05,0.00012079516658615509,316,1290,3.5926840427820113e-09,DDoS
4.5893612745102964e-05,0.00018547686343392097,333,1322,4.970355391725794e-09,DDoS
3.899152255570274e-05,0.00012221649427392802,327,1292,2.952796118911239e-09,DDoS
2.0552343074419106e-05,6.990515923002159e-05,316,1304,1.440707005490431e-09,DDoS
5.6953162175954884e-05,0.00018279519367464525,345,1330,2.518282041113991e-09,DDoS
7.998594926713593e-06,2.5720554099935952e-05,327,1352,2.3843157558074925e-10,DDoS
3.923656963671683e-05,0.00012513634935842102,333,1324,1.7015124120579443e-09,DDoS
0.00010062272842395184,0.00031271384644620425,346,1280,2.3089380528063912e-08,DDoS
4.0589275035673686e-05,0.00012493566195099652,328,1300,4.250538217896627e-09,DDoS
4.449588285291781e-05,0.0001450482318319346,322,1312,4.7436611834452875e-09,DDoS
2.230423852124392e-05,7.119251698905103e-05,337,1334,2.088724526980062e-09,DDoS
1.3243269502588584e-05,4.46467773661568e-05,315,1346,4.1054885187038295e-10,DDoS
1.1342564232339122e-05,3.6172115255310665e-05,347,1336,2.6452326466225786e-10,DDoS
3.3131221472592204e-05,0.00010460399085906697,333,1322,2.401273263653703e-09,DDoS
4.180991707985078e-06,1.4752288190812477e-05,312,1312,2.2393152559960627e-11,DDoS
2.955982849283949e-05,9.657664231098689e-05,309,1306,1.32287542262938e-09,DDoS
2.9276691712767304e-05,9.824065489992321e-05,322,1284,5.409215483933438e-09,DDoS
7.363669863325983e-06,2.550574790432318e-05,313,1334,1.017102121870018e-10,DDoS
4.077008050361391e-05,0.00014108376720098345,330,1292,6.657817961408857e-09,DDoS
7.885995282957563e-06,2.6310685419398912e-05,329,1308,1.1735217542726126e-10,DDoS
2.074027049612625e-05,6.700174587299546e-05,324,1314,1.0106466689416409e-09,DDoS
0.01000812296736101,0.030026398197963218,329,1250,0.004999834448598586,DDoS
0.001288620485124053,0.005676645953009544,322,1286,7.107750348030775e-05,DDoS
0.0006942054569825781,0.0020838467699787633,324,1302,2.3774828355203353e-05,DDoS
5.27121839500105e-05,0.00017012884609445868,343,1308,8.139417125966359e-09,DDoS
7.97152455145668e-06,2.6703352489353093e-05,321,1288,5.0046047121523705e-11,DDoS
1.240450989229344e-05,3.9579084947727226e-05,335,1294,2.8870397180919765e-10,DDoS
9.736426281219277e-06,3.2187362705144235e-05,324,1284,1.4567851709009868e-10,DDoS
1.5237851472776062e-05,4.730051113378153e-05,324,1318,4.445029017029162e-10,DDoS
5.030526787646431e-06,1.6527833009760687e-05,310,1292,3.675184525961703e-11,DDoS
0.00010911252189275032,0.00035061702758196737,333,1308,5.6010202361726666e-08,DDoS
3.226769632761359e-05,9.511558356130616e-05,324,1328,3.2986939691250724e-08,DDoS
3.005525993889358e-05,9.918068259392676e-05,335,1360,3.122045690026381e-09,DDoS
7.183868286661588e-06,2.4209172184560438e-05,338,1340,3.4730037295524996e-11,DDoS
1.1510927911718415e-05,3.773473162755837e-05,331,1334,1.924080778591532e-10,DDoS
5.751422110106859e-06,2.059621148258461e-05,328,1338,1.6487228956094658e-11,DDoS
2.847509500862321e-05,9.769464876844893e-05,335,1334,2.156138636892573e-09,DDoS
2.485934245732751e-05,8.496422843927883e-05,328,1328,2.7821282850114543e-09,DDoS
2.8244080913844987e-05,9.289442857382054e-05,340,1330,2.5847078256878677e-09,DDoS
1.2721546494667842e-05,4.1266716532878286e-05,335,1364,3.384547770706621e-10,DDoS
6.228285297506497e-06,2.0502459675249455e-05,336,1330,2.993908015553406e-11,DDoS
3.0923711257861956e-05,0.00010054988221310727,325,1306,1.3973569234145912e-09,DDoS
2.4503236817658412e-05,7.544382064101183e-05,347,1298,4.485304927320312e-09,DDoS
4.396070104573742e-06,1.8483765073276737e-05,240,1342,8.421390396578971e-11,DDoS
7.30986354636219e-07,4.385918127817313e-06,236,1416,1.800343151986629e-14,DDoS
1.0221346146570798e-06,6.132807687942479e-06,216,1296,2.6367013752526982e-14,DDoS
2.2950817529789796e-06,1.3370514987297551e-05,288,1534,7.060869892581461e-13,DDoS
2.690484291010522e-06,1.4770695535457592e-05,447,2114,1.964266084162912e-12,DDoS
7.10347852036625e-07,4.115701099877872e-06,242,1392,9.355322330983165e-13,DDoS
5.452866439266485e-07,3.271719863559891e-06,221,1326,5.316137189436776e-15,DDoS
8.033144405741786e-07,4.819886643445071e-06,221,1326,2.8382285170548762e-14,DDoS
1.4797815065759702e-06,8.309468867105112e-06,322,1674,1.8869064941598138e-13,DDoS
2.1057733824153e-06,1.1420681839393845e-05,401,1868,2.2036315302445723e-12,DDoS
4.4458883823100696e-07,2.6675330293860418e-06,224,1344,4.867152972614517e-15,DDoS
6.247689020294978e-07,3.7486134121769866e-06,223,1338,1.039426222763918e-14,DDoS
1.0000859974956806e-06,6.000515984974083e-06,221,1326,5.5291777940268726e-14,DDoS
1.6678574009745144e-06,9.527370521741983e-06,309,1630,1.4434418052940692e-13,DDoS
2.058752834775083e-06,1.1057991086264734e-05,437,2040,6.849078969841734e-13,DDoS
6.362220789165665e-06,3.747532954935935e-05,341,1722,1.0099168087377988e-10,DDoS
5.207650622999286e-07,3.1245903737995714e-06,230,1380,5.904286192942366e-15,DDoS
6.96254541502435e-07,4.177527249014611e-06,215,1290,1.4771412308304996e-14,DDoS
1.3547307279858372e-06,8.128384367915027e-06,226,1356,1.6433884376538188e-13,DDoS
2.2488094826917996e-06,1.2299390735158308e-05,435,2050,1.0994896948845626e-12,DDoS
4.903220592884295e-06,2.8669962177524117e-05,344,1728,1.7965681635312764e-10,DDoS
4.6119556305041876e-07,2.7671733783025125e-06,222,1332,3.495218086665939e-15,DDoS
6.543280659944395e-07,3.9259683959666365e-06,232,1392,1.624229160498089e-14,DDoS
9.936073237483012e-07,5.961643942489807e-06,227,1362,3.202362575998213e-14,DDoS
1.4231269981492608e-06,6.835536136274578e-06,506,2252,3.3077478810788174e-14,DDoS
7.288384463489921e-07,3.5191312417288067e-06,352,1748,2.711405258893973e-13,DDoS
4.3026561542207014e-07,2.5395743983758093e-06,298,1618,1.7427633107370648e-14,DDoS
2.867591351875782e-05,9.359194833360294e-05,535,2086,8.800148595547792e-10,DDoS
0.00010662937126052579,0.0003277215386368272,499,1840,3.230420378808567e-08,DDoS
2.3243633219072345e-05,7.170305533801546e-05,520,1972,1.8251609073425812e-09,DDoS
6.783590503483079e-05,0.00022321312878119552,527,2050,1.5286462707847005e-08,DDoS
5.1128283692842034e-05,0.00016492511127698333,488,1804,7.877446172511475e-09,DDoS
2.8837613040425175e-05,9.021390938032042e-05,518,1942,6.004468446105233e-09,DDoS
3.0201593708278396e-05,9.929668357579451e-05,509,1972,1.5304249232906779e-09,DDoS
3.760961363062591e-05,0.00011622722355023141,499,1828,3.8113444664182174e-09,DDoS
4.1057849087957256e-05,0.00012723719031859225,520,1972,1.9756035058748737e-09,DDoS
1.8235866602331376e-05,6.061549175734471e-05,520,2014,8.31279466943043e-10,DDoS
2.4014775083829805e-05,7.645611516544173e-05,532,2056,1.1018009434480318e-09,DDoS
9.116983954883969e-05,0.0002843521521990512,495,1846,1.326954385156649e-08,DDoS
3.6865648407654636e-05,0.00012391973044176486,536,2098,5.8848390088397246e-09,DDoS
9.024829054854397e-05,0.00028648673698551035,498,1852,1.0183820027416307e-08,DDoS
1.4466185317875137e-05,4.7654459084286694e-05,509,1906,5.563841830413456e-10,DDoS
7.886657754326258e-05,0.0002514928134822934,518,1936,8.614320836555302e-09,DDoS
5.350874522479677e-06,1.7086323583777915e-05,522,1942,2.055130641059414e-11,DDoS
1.9011851958574314e-05,6.31215543273372e-05,514,1918,8.63975494561529e-10,DDoS
1.701418408995367e-05,5.506657011409028e-05,483,1804,8.281712198025319e-10,DDoS
1.454947925443223e-05,4.666925650266467e-05,517,1948,5.212130011692217e-10,DDoS
3.084443347817868e-05,9.405740453376958e-05,521,1978,2.6215310203868014e-09,DDoS
3.4045006641706774e-05,0.0001013567087795416,522,1960,6.506590401856145e-09,DDoS
3.2782599887202886e-05,0.0001149261662340447,516,2008,4.8040559010230785e-09,DDoS
1.706872129438685e-05,5.262283331688427e-05,523,1930,2.606304710925398e-09,DDoS
9.95680987743673e-06,3.2850386253296924e-05,534,2074,2.0696731085130156e-10,DDoS
4.528845399419892e-05,0.00014930944517586354,522,2008,1.5807941509361912e-08,DDoS
8.008333573522215e-06,2.5178067422069855e-05,533,2038,1.3114694058703715e-10,DDoS
2.520509644664519e-05,7.892978234655985e-05,492,1786,1.0705655707565039e-09,DDoS
4.281850467620629e-06,1.3459594351495374e-05,525,2020,1.786983273284993e-11,DDoS
9.188895374529154e-05,0.0002854875086622322,509,1912,2.0672602100359595e-08,DDoS
2.0490404462134004e-05,7.175655563259261e-05,515,1942,3.0322710143201944e-09,DDoS
5.481641651770746e-05,0.00017198139322481347,502,1840,9.178455243178688e-09,DDoS
5.69279843760861e-06,1.8188007169626393e-05,514,1972,3.017671342132475e-11,DDoS
1.5022370578668798e-05,4.89856917498845e-05,515,1936,3.9776594020261274e-10,DDoS
6.6162626028099585e-06,2.1251042378862833e-05,503,1912,3.822034562926461e-11,DDoS
1.6584753320186317e-05,5.3514233012860874e-05,473,1666,4.267489985520934e-10,DDoS
1.5609326149207545e-05,5.142393971773509e-05,495,1858,3.7252791089550206e-10,DDoS
2.4361731504083404e-05,8.13822047709947e-05,468,1720,7.786603886376359e-10,DDoS
7.5720623032875525e-06,2.459760533025745e-05,524,2008,5.990466755881772e-11,DDoS
7.805171848357379e-05,0.00025668337084297477,502,1966,1.6916387198034114e-08,DDoS
4.907066938770907e-05,0.00016169156842743017,528,2020,1.790661906765579e-08,DDoS
6.598807418219006e-05,0.00021912699975036942,492,1828,1.8064064665026388e-08,DDoS
8.517913812214673e-06,2.6800795545822955e-05,500,1804,6.295588821609428e-11,DDoS
8.085207929912806e-06,2.5812802503528148e-05,538,2080,1.0044785624412502e-10,DDoS
5.8915608060632945e-06,1.9072988759149656e-05,508,1924,2.7496714178812362e-11,DDoS
1.0046724949005787e-05,3.3698993762791385e-05,513,1984,1.6852597809528294e-10,DDoS
6.362294981917889e-06,2.0684440472535142e-05,513,1912,2.8184576009502633e-11,DDoS
6.646846376643925e-06,2.1433447985385102e-05,531,2038,4.876334641450764e-11,DDoS
4.2311070844113916e-05,0.00013305321209933931,533,2026,5.3084931072147035e-09,DDoS
4.079413895776696e-06,1.2940601351592116e-05,541,2116,1.767250651314939e-11,DDoS
4.590950843572336e-05,0.0001489730383976916,479,1696,3.2859181558171973e-09,DDoS
1.1023557565295911e-05,3.615556408739289e-05,511,1930,5.859272361205757e-10,DDoS
1.552004905917197e-05,5.054412748589434e-05,546,2062,4.182519738607166e-10,DDoS
2.7715952766688795e-05,8.382559390323573e-05,498,1834,3.1016793483410965e-09,DDoS
0.05582198824205556,2.906144975967156,5283,47886,0.030671339149529034,BENIGN
0.007021338854217715,0.13202774184975216,835,16537,0.00010089314267876276,BENIGN
0.006480518937621007,0.13080827677946497,1813,19478,0.00014037835716052832,BENIGN
0.06621933309274995,4.945674509254297,563,20728,0.03775417352842057,BENIGN
0.0809973401347314,41.684823372798284,184,46063,0.1566032284486855,BENIGN
4.771224440528601e-07,9.384772831035126e-05,535,309503,8.819216320559988e-14,BENIGN
1.5705124478887838e-06,0.0009194942395178899,437,176446,1.5911104789058524e-11,BENIGN
1.0674606441582024e-06,0.00022078020218236006,604,387288,1.2699765792446677e-12,BENIGN
3.152769186440747e-06,0.004255876473930496,598,364812,3.011577331300127e-10,BENIGN
2.114257153095064e-06,0.002305344519340466,421,143012,1.1793128993331702e-10,BENIGN
7.496451938152492e-07,0.0001907172243144061,461,209844,3.4203092038310114e-13,BENIGN
8.285226660668016e-06,0.010727893908517784,468,200267,1.3152356493368919e-09,BENIGN
2.083755881713415e-06,0.00011490572247211101,503,237826,5.041320943166563e-12,BENIGN
1.1409110648746575e-06,0.00036582357018388517,557,340896,7.74437468593086e-13,BENIGN
1.625386241951008e-06,0.0018313692201803507,505,287682,6.089527666108951e-11,BENIGN
5.218660511913185e-07,7.525015453536961e-05,473,220130,6.839926361631579e-14,BENIGN
5.115758775783997e-06,0.007371445716194363,446,204428,9.693546612588856e-10,BENIGN
1.7502254881275187e-05,0.02163128685027571,372,74751,1.0829510082519188e-08,BENIGN
8.513221274894409e-07,0.0004150962153835146,650,441294,8.995080050114347e-13,BENIGN
4.978491066536058e-07,6.902157265333187e-05,388,145083,2.8289532591733262e-14,BENIGN
6.441449219647e-06,0.00870573289589979,507,271350,1.682110950925418e-09,BENIGN
6.440855953582702e-07,4.5777113602084925e-05,450,185952,1.1450854487096562e-13,BENIGN
8.085398285389737e-07,6.564227309590862e-05,525,267231,3.773750866587084e-13,BENIGN
1.0717883789399777e-06,7.427341351209544e-05,563,302046,1.1734980722841173e-12,BENIGN
8.79571113964978e-06,0.0014021420984219215,568,393556,2.6539387412056664e-10,BENIGN
6.479840116247712e-07,0.0003787607970277851,614,418823,2.9979818997677304e-13,BENIGN
6.200060548401729e-07,0.00037921706945847017,601,385342,2.304886443802122e-12,BENIGN
7.032898768053829e-07,4.5924231362084204e-05,458,186000,1.5775691541244832e-13,BENIGN
1.3015172952888561e-06,0.0004026443331907325,479,226279,2.639108308168702e-12,BENIGN
5.874974832257859e-06,0.0013242031971034875,494,267183,2.701646212474583e-10,BENIGN
2.0703441107514578e-05,0.002392152682802316,449,221487,1.374982557253354e-09,BENIGN
4.469694618336625e-07,9.223597304876456e-05,563,314343,7.751081440618776e-14,BENIGN
1.9465767362045123e-06,0.001643356347889587,429,156631,9.335920585684392e-11,BENIGN
0.07073298282087297,1.3386755919693756,333,13830,0.08690283135296961,BENIGN
0.08472493967221296,0.8792857406938104,416,4964,0.04544731177501701,BENIGN
9.237443106394467e-06,2.9895453408686065e-05,505,1912,4.1864082515993244e-10,DDoS
0.001018467965978011,0.00393764407772082,467,1694,3.652395516158056e-05,DDoS
8.148895453360349e-06,2.52729006604786e-05,511,1942,2.8093425155263377e-10,DDoS
2.1378154887640373e-05,6.896405910470762e-05,514,1996,7.214268852272501e-10,DDoS
0.001582328297484096,0.006237784510937056,480,1772,0.00010678355996424893,DDoS
2.7306952831139282e-05,8.402566088595879e-05,539,2056,2.224685605718186e-09,DDoS
0.0006438342573331184,0.0028985840834901385,476,1790,1.2909523172619967e-05,DDoS
0.00010247937172909581,0.00035088339413491163,501,1918,2.4165281959064068e-08,DDoS
4.975797629421975e-05,0.00015883940507314603,500,1906,4.200147016278288e-09,DDoS
1.2261519107936097e-05,3.6061120873699354e-05,524,2008,1.2242727023822617e-09,DDoS
6.8215319304123e-05,0.00022336435647421257,507,1924,4.653167058445653e-09,DDoS
1.138708862242409e-05,3.5743553236457574e-05,507,1960,7.268287973516051e-10,DDoS
0.00014957427447195753,0.0004773504460063393,488,1810,2.365662050641719e-08,DDoS
3.75791267320738e-05,0.0001306073471019103,510,1936,6.3729524157327204e-09,DDoS
5.008864831197721e-05,0.0001700185799500677,522,2044,8.77250217369078e-09,DDoS
9.262920619193852e-05,0.00030567752386478735,494,1918,1.698499979155462e-08,DDoS
5.022052880836981e-05,0.00017295329668669203,521,2038,5.876666155200085e-09,DDoS
5.732206335191737e-05,0.0001992972315309039,492,1870,6.516453366819259e-09,DDoS
0.0001683599960163464,0.0005686709443628584,497,1858,3.6128267912720246e-08,DDoS
4.5802517462604897e-05,0.00015102819930915313,500,1888,3.3231656774984636e-09,DDoS
3.8869914822872644e-05,0.00012045785931541138,530,2026,1.1320729020426308e-08,DDoS
8.748184745759318e-05,0.00027829360185218076,497,1840,8.221872361885382e-09,DDoS
2.31450039332839e-05,7.500006454460721e-05,542,2122,3.061304896469993e-09,DDoS
0.00011921608739235086,0.00037812896368460096,499,1870,1.518949642847184e-08,DDoS
8.85977409122182e-06,3.0427053522563912e-05,525,2056,3.626018054684908e-10,DDoS
9.412314767538793e-05,0.0003047967233590411,502,1930,1.6906154366222016e-08,DDoS
7.592160565864523e-05,0.00024343181741793272,511,1954,1.2857641610031524e-08,DDoS
0.00012008439107219173,0.00038897541331244754,523,2056,3.4823416269893305e-08,DDoS
9.784935049521012e-05,0.0003105789984424094,514,1996,1.7983621214675457e-08,DDoS
7.061635826566959e-05,0.00021840902349760407,543,2098,3.178844739902408e-08,DDoS
8.515298586226949e-05,0.00026635758453964623,579,2314,2.3758004948377767e-08,DDoS
7.726296853638578e-06,2.5234329231782986e-05,564,2266,3.525414449619762e-10,DDoS
8.366257513218417e-05,0.00026760078354160015,544,2092,1.4790158628014193e-08,DDoS
2.363382168214238e-05,7.330135710467184e-05,584,2314,4.403747719211805e-09,DDoS
0.00016941908478338533,0.000537981328912765,532,2086,3.412703449045464e-08,DDoS
2.0724555634378595e-05,6.410125949709822e-05,578,2266,2.0858789787620074e-09,DDoS
5.26373192943327e-05,0.00016769264409533796,558,2206,8.763209059329726e-09,DDoS
7.619370443561259e-05,0.0002425610304635038,548,2128,1.1448106537888985e-08,DDoS
8.378274545706105e-05,0.00025953237071051153,548,2182,2.8700065736405924e-08,DDoS
8.519109271919553e-05,0.00028117604985842105,558,2176,2.2883437209270532e-08,DDoS
7.720629307903698e-05,0.0002494560391732018,571,2362,1.910717397019644e-08,DDoS
8.603936699729831e-05,0.0002893330773392304,521,2050,2.0917864955559324e-08,DDoS
4.5054828627180644e-05,0.00014494107511714554,524,1928,5.201474784279285e-09,DDoS
3.766516416000129e-05,0.00013560623419579137,569,2240,1.9968650060112644e-08,DDoS
4.7716015136306706e-05,0.0001659995954779582,520,1978,1.0794143511347558e-08,DDoS
1.773795815927804e-05,5.870644839680588e-05,545,2134,2.3490033358979663e-09,DDoS
3.295354417248643e-05,0.00010370354095287961,492,1876,8.077254043935465e-09,DDoS
3.842374000227198e-06,1.3017185001881674e-05,553,2200,2.082768772585865e-11,DDoS
0.0001094303253085724,0.0003563699497772695,516,1990,2.7899232896622665e-08,DDoS
5.426261462619967e-06,2.20245032778879e-05,407,1682,1.746279241270511e-11,DDoS
3.514245390646452e-05,0.00021085472343878719,217,1302,4.915681040983759e-09,DDoS
8.196397174772835e-07,4.917838304863701e-06,228,1368,2.1256338396112656e-14,DDoS
2.7406086076457958e-06,1.1520655400300403e-05,336,1698,8.889955733716485e-11,DDoS
0.002744950390322854,0.011014150907348048,396,1902,0.000371803977991302,DDoS
6.83128383825236e-07,3.298823993461007e-06,344,1720,2.687142128941393e-13,DDoS
4.5873041554778023e-07,2.752382493286681e-06,230,1380,3.816165855578247e-15,DDoS
6.011730000262039e-07,3.607038000157223e-06,235,1410,7.503936528584956e-15,DDoS
9.901590477869828e-07,5.940954286721897e-06,226,1356,4.8609801013043246e-14,DDoS
4.845176520565753e-06,2.7623491586898043e-05,467,2134,8.117743063157668e-11,DDoS
3.420110113823331e-05,0.00020406681671771706,416,1956,2.1635317217931692e-09,DDoS
4.531428460170203e-07,2.5964687168693883e-06,247,1432,6.642784728893649e-14,DDoS
4.723328450358845e-07,2.8339970702153074e-06,225,1350,5.170944737882654e-15,DDoS
6.033239183866182e-07,3.6199435103197095e-06,217,1302,8.268515808840024e-15,DDoS
1.0242530732903843e-06,6.145518439742305e-06,222,1332,2.4829060441111608e-14,DDoS
4.496317413843153e-06,2.6224438362437676e-05,352,1790,4.4088226733002594e-11,DDoS
0.012036587214455276,0.048218570448157375,380,1822,0.00719910537460238,DDoS
2.7308783785602335e-05,0.00016237031492619903,443,2026,5.650914630962098e-09,DDoS
4.3576729347366015e-07,2.570363073808222e-06,232,1370,2.053075626018636e-14,DDoS
5.280882437392963e-07,3.1685294624357775e-06,232,1392,5.462135190037653e-15,DDoS
6.707953239498345e-07,4.024771943699006e-06,223,1338,1.3863728734921103e-14,DDoS
1.0353085801386551e-06,6.211851480831932e-06,230,1380,3.268226458140491e-14,DDoS
2.8471044789026218e-06,1.4048754430285415e-05,404,1938,3.0514698402909334e-11,DDoS
2.5815330857401923e-05,0.00015381004550506317,430,2030,2.268360470078379e-09,DDoS
8.872872337424676e-07,4.094647049692846e-06,436,2038,2.423424493437992e-13,DDoS
8.137038821594304e-07,3.828978170454875e-06,408,1934,2.1676366085190573e-13,DDoS
4.4862256449521436e-07,2.6917353869712866e-06,228,1368,5.728938189042497e-15,DDoS
5.649147914612414e-07,3.3894887487674476e-06,226,1356,7.73092603934334e-15,DDoS
4.36130694415392e-06,1.8678491958202704e-05,253,1382,2.8935305671246374e-10,DDoS
1.2886318224875753e-06,5.336541038886749e-06,630,2608,1.311658341390707e-14,DDoS
5.841117425385652e-07,3.138571630214449e-06,299,1596,8.227925697957026e-14,DDoS
4.563296630247149e-07,2.6791041774426235e-06,317,1660,2.7418781834943073e-14,DDoS
1.3347268704175797e-05,4.583101768408862e-05,508,1960,3.229712523417449e-10,DDoS
7.280891577795324e-06,2.369185450548329e-05,529,2092,1.0148581495740276e-10,DDoS
1.804852645912966e-05,6.309529427899943e-05,309,1342,5.642269463789934e-10,DDoS
6.9861552504459055e-06,2.5300402606925434e-05,327,1354,5.4839639477264337e-11,DDoS
6.673038267036138e-06,2.2804376924266878e-05,313,1318,1.367532905044486e-10,DDoS
0.0008033763242064509,0.0031958215797462763,334,1294,3.032152671073684e-05,DDoS
2.2658629062244788e-05,7.420274390033463e-05,329,1352,7.717476824525545e-09,DDoS
9.60659366044201e-05,0.00030339602929894906,317,1334,1.700990608788985e-08,DDoS
2.2056419999694244e-05,7.630374823196454e-05,321,1336,4.642735894550132e-09,DDoS
9.489496580777049e-05,0.00031232046402460156,322,1338,1.0047054022975679e-08,DDoS
3.0414714167930753e-05,0.00010499274364841157,326,1322,3.054315765418511e-09,DDoS
5.699391281677041e-05,0.0001933622282566877,334,1336,4.242185820402575e-09,DDoS
4.835978634991865e-05,0.00015221702635848076,322,1304,8.918113607704265e-09,DDoS
3.3650359668454284e-06,1.1666597151915508e-05,313,1316,1.213779813711499e-11,DDoS
0.00015361031219650388,0.0005260661980331227,337,1342,5.5457327239084545e-08,DDoS
4.4752575127672186e-05,0.00014427843539314362,335,1318,5.473523501684864e-09,DDoS
4.611811768104962e-05,0.00014672342055437645,318,1340,5.1178653107535556e-09,DDoS
6.747514607725381e-05,0.0002060709464427558,337,1320,9.256206527640022e-09,DDoS
0.00014616337226532535,0.00046527865807920974,340,1296,4.2004578367281e-08,DDoS
1.3359043778997572e-05,4.375449619225613e-05,311,1286,6.89219392671888e-10,DDoS
3.830241278740186e-05,0.0001307385037233453,322,1316,3.908755300946316e-09,DDoS
7.889395960706835e-05,0.0002477148662655106,311,1310,1.596674360812589e-08,DDoS
1.4802301003657432e-05,4.706236294936753e-05,338,1362,8.430926870274367e-10,DDoS
0.00011519941064970546,0.0003736981030674215,332,1326,2.1552064803429875e-08,DDoS
7.58358079751769e-05,0.0002569957552866215,340,1356,1.0726537591588058e-08,DDoS
0.00013004195455247988,0.00040870073086065147,316,1310,3.2788503581419324e-08,DDoS
2.7332009644847677e-05,8.978600519262566e-05,331,1330,1.411604855513281e-09,DDoS
0.0001387761649427822,0.0004181071535850233,341,1318,2.7357711800111994e-08,DDoS
1.1608748554677751e-05,3.847570574939818e-05,319,1328,4.113587390331857e-10,DDoS
9.707050108097048e-05,0.0003028357503037516,322,1328,1.385377964541328e-08,DDoS
9.204611228613605e-06,3.2380882088133505e-05,312,1304,3.084150128152877e-10,DDoS
3.767098668132821e-05,0.00011852303901123256,321,1296,4.100192423816972e-09,DDoS
0.0003810559222661245,0.001166031023429175,320,1302,4.415989204266332e-06,DDoS
1.4965155090316738e-05,4.8167459914041124e-05,313,1304,6.735770790752222e-10,DDoS
0.00014322825053893722,0.000440910274899573,337,1334,1.9040787268764447e-08,DDoS
2.003238286086637e-05,5.972156460102183e-05,318,1292,5.952195964708273e-09,DDoS
0.00020857878234435378,0.0006589910148696469,332,1290,7.251282012290553e-08,DDoS
3.4006117727677866e-05,0.0001044670570749747,328,1312,1.705190927760168e-08,DDoS
0.00022428985399486592,0.0007474303741059118,346,1288,8.837182735487201e-08,DDoS
2.7403233823175142e-05,8.806636269227477e-05,355,1310,5.102134354496572e-09,DDoS
9.881728702373203e-06,3.17476990339861e-05,323,1298,2.338326738437608e-10,DDoS
1.191098646487044e-05,3.7132870887085804e-05,330,1298,2.2450346472045949e-10,DDoS
7.054671156238307e-05,0.00023407850587849722,322,1284,1.7809437109019594e-08,DDoS
3.231599639536733e-05,0.00011152876011488004,309,1320,7.2731009022226326e-09,DDoS
0.0006758791612831557,0.002208438117720181,565,32487,2.148405970933981e-05,BENIGN
0.011162159115766917,0.18069468341599193,222,9199,8.07380526688639e-05,BENIGN
0.01641818118247063,0.2635747518093437,200,3224,8.552041011161978e-06,BENIGN
0.01766891397171676,0.28740785516269346,200,3248,2.6825682044047714e-06,BENIGN
0.01658881941160255,0.2675512621587694,200,3224,1.0669501665835527e-05,BENIGN
0.01746107818493437,0.282362488248154,200,3228,4.195479750900761e-06,BENIGN
0.017307928737459767,0.28376247586373426,204,3358,1.797034120424673e-05,BENIGN
0.018545141155900433,0.3051271128812936,200,3308,2.5800725369330763e-05,BENIGN
0.017103663154214487,0.27837064567653014,200,3256,3.233483841296427e-05,BENIGN
0.015142399311798695,0.24663992718175265,204,3364,3.0017492447861745e-05,BENIGN
0.005376179504834841,0.04661330357777434,716,102846,9.389898881736394e-05,BENIGN
0.0025873960975929576,0.0008050868806501207,243,17199,1.3485750252682109e-05,BENIGN
0.005809163681431886,0.0969781269234101,355,27100,7.769361772913627e-05,BENIGN
0.04062164472651393,0.9102170698706877,862,54036,0.02955766474827019,BENIGN
0.0863649409217691,0.5448081885970022,1002,17556,0.15591054896697729,BENIGN
0.004448875388488343,0.09368322157387711,530,214076,7.875534271658832e-05,BENIGN
1.494065615489273e-06,0.0004111537172046937,457,204410,2.4829835746479454e-12,BENIGN
6.200113555382503e-06,0.00020101369695766033,579,362854,1.5242714578994936e-09,BENIGN
1.1625539085242825e-06,0.0007604787847203368,549,341664,3.5577685983470186e-12,BENIGN
2.7964641500394555e-05,0.03796031987118148,502,307450,7.581167387784993e-09,BENIGN
3.770922998957343e-07,0.00010098927114420924,584,362830,5.04112743747193e-14,BENIGN
1.0419803550713245e-06,0.00023493869857942124,426,155274,8.361772431331377e-13,BENIGN
1.3047724186701819e-06,5.4633367931023393e-05,440,166881,9.184772145307578e-13,BENIGN
1.3813624609013442e-05,0.0037562945840018715,527,301307,9.497670345998822e-10,BENIGN
1.006002770176581e-06,0.00048351731042141946,561,349182,4.0092706255598586e-13,BENIGN
5.924075729516591e-07,0.00032609088435991545,496,278171,6.870395771320924e-13,BENIGN
3.4050199602568924e-06,0.0047272614005902484,473,269313,1.8638231524081384e-10,BENIGN
9.487240200301083e-07,0.0005893871166069293,561,338188,1.5613097853632867e-12,BENIGN
2.6161553150935117e-05,0.03595670979479194,485,271218,7.798011446144712e-09,BENIGN
1.905691048384614e-05,0.02962710427380975,448,290372,5.75468833344553e-09,BENIGN
5.495714062395788e-05,0.0773693439874319,470,398823,1.2484487406352803e-08,BENIGN
7.377710130510826e-07,0.0005432316111333497,618,431079,8.619782819738947e-13,BENIGN
7.336567853787666e-05,0.10577645791141692,519,382460,2.1396934401534644e-08,BENIGN
5.713999909744782e-05,0.0822289710416396,400,372871,5.694240216952631e-09,BENIGN
5.049756932770742e-05,0.06786454169921018,393,374966,7.719178041397329e-09,BENIGN
5.504179221417655e-05,0.07855998976237913,459,479273,1.3394504277733382e-08,BENIGN
6.223733898727997e-05,0.08587813174804124,443,485422,1.9253392232771718e-08,BENIGN
1.4030797218319293e-05,0.019785533082589898,426,279444,1.7127453217821651e-09,BENIGN
6.580485628009571e-06,0.008751403796409079,415,275882,1.33613424900958e-10,BENIGN
2.1239451755535824e-06,0.0004966176781514538,483,172860,1.6583777971458472e-12,BENIGN
8.365498740317205e-06,0.010477484754644304,398,375699,9.236257984439164e-11,BENIGN
2.970115416801705e-05,0.04464393266772639,658,570928,7.0473125269946775e-09,BENIGN
6.064007545296941e-06,0.00802754218573227,530,387996,1.6041736956260852e-10,BENIGN
9.633892981494456e-06,0.013040182839666858,488,369556,4.811627095499352e-10,BENIGN
0.10673123009624014,1.1340835119081283,481,195316,0.22726277143960288,BENIGN
0.13822230573511773,13.387393084274422,379,43122,0.14361063094401613,BENIGN
2.4437648118643655e-06,1.433689726258361e-05,279,1514,1.4496198522885185e-11,DDoS
6.959863558170518e-07,4.175918134902311e-06,228,1368,1.2770677898308089e-14,DDoS
1.2203712957659411e-06,7.322227774595647e-06,226,1356,9.340156500292676e-14,DDoS
1.2728659902439662e-06,6.364490480893131e-06,434,1996,3.2357498338891006e-14,DDoS
1.6264421939211605e-06,8.366238239860053e-06,453,2074,2.7811715160080835e-13,DDoS
1.6680500506174354e-06,9.507306710138026e-06,313,1626,1.8093952501048785e-12,DDoS
5.012588746159425e-07,3.007553247695655e-06,220,1320,1.5208020701099545e-14,DDoS
2.015443961643783e-06,1.1110184534787074e-05,403,1928,7.60732148961948e-12,DDoS
9.037123156892867e-07,5.422273894135719e-06,230,1380,3.045865993818905e-14,DDoS
1.1837561813588025e-06,6.101311390644724e-06,406,1942,6.434061903559036e-14,DDoS
1.2502930344336117e-06,6.574597367772264e-06,392,1898,2.372196891410973e-14,DDoS
1.5198425751080998e-06,8.541276597491486e-06,336,1718,5.52624086034423e-13,DDoS
4.229414364202619e-07,2.5376486185215716e-06,222,1332,3.1833166391700505e-15,DDoS
5.579978788690846e-07,3.3479872732145076e-06,220,1320,1.573785805746219e-14,DDoS
9.503475277246757e-07,5.551892356466425e-06,256,1464,3.263625022319911e-14,DDoS
1.3134710595180815e-06,5.522589234944749e-06,629,2644,1.5919509941154135e-14,DDoS
2.6070294097160954e-05,8.682911499147499e-05,538,2338,5.0002351829794766e-09,DDoS
2.3022686579886092e-05,7.594436171019774e-05,521,2050,2.624891934082802e-09,DDoS
4.1094565169971596e-05,0.00013721767008217895,524,2092,5.533108728702369e-09,DDoS
7.434714824625464e-05,0.0002422553992494058,565,2230,3.4052643174931536e-08,DDoS
5.7134514151363695e-05,0.00018264979566879174,536,2080,1.289787418043841e-08,DDoS
5.190198592537505e-05,0.00017667470649267232,562,2236,1.129100677484971e-08,DDoS
1.9800080399394546e-05,6.103661343908301e-05,509,1942,7.42782986972716e-10,DDoS
1.8561176229775124e-05,5.9820835733514375e-05,548,2170,6.926896094882862e-10,DDoS
1.1310531563467974e-05,3.3756722622179305e-05,564,2188,1.4706552541657873e-09,DDoS
9.647090764684269e-06,3.118047551383333e-05,536,2116,1.6746553968816377e-10,DDoS
4.802466520675235e-06,1.55471275398998e-05,544,2122,3.213264331468993e-11,DDoS
7.095277078229731e-06,2.3006825052151463e-05,549,2170,1.4246588742352527e-10,DDoS
1.362867966963872e-05,4.308492507932654e-05,527,2062,2.7659621668063093e-10,DDoS
5.037066888245627e-06,1.6465359195340507e-05,536,2086,6.297903054206105e-11,DDoS
2.5901359009263756e-05,8.351629358518153e-05,532,2074,1.2596987162780535e-09,DDoS
9.689030920970562e-06,3.1721229123553785e-05,547,2140,3.2275351302301175e-10,DDoS
2.7245667820302423e-05,8.763939683322887e-05,517,1990,1.3004285474966332e-09,DDoS
7.989091582915592e-06,2.4840658854086315e-05,543,2104,1.5834592445492633e-10,DDoS
4.630133775266572e-06,1.5284756131217837e-05,521,2086,3.730835796379485e-11,DDoS
8.35928262684384e-06,2.6840006006463692e-05,524,1978,7.78425262366569e-11,DDoS
8.271697357639363e-06,2.722497045622979e-05,541,2128,9.51495518030759e-11,DDoS
7.192755045143729e-06,2.374931317339524e-05,550,2134,9.203749111223042e-11,DDoS
4.370736941984404e-05,0.00014068185246335642,509,1906,4.407688007341885e-09,DDoS
4.477164691788429e-05,0.00014658664305247768,492,1828,4.421031100704602e-09,DDoS
2.3856170729019426e-05,8.150791794924354e-05,500,1864,2.288065436362422e-09,DDoS
1.9524311602170998e-05,6.129358152989127e-05,559,2182,2.2122371599375602e-09,DDoS
8.965581208924577e-06,2.815176206101989e-05,534,2074,1.293558680332862e-10,DDoS
7.509235267829585e-06,2.4085284262983182e-05,515,1912,8.902902386063902e-11,DDoS
8.366696882758213e-06,2.634244999737899e-05,534,2068,1.3767082946948684e-10,DDoS
2.315131141696044e-05,7.540038930606341e-05,498,1900,1.6514595174504692e-09,DDoS
0.00012215841810081502,0.00039370790988655827,517,1984,1.5350721487710838e-08,DDoS
7.785216955139701e-05,0.00025666343441559054,541,2116,3.145470840471117e-08,DDoS
3.824375133590926e-05,0.00012383773059073357,532,2140,6.219601328100476e-09,DDoS
4.694671858310086e-05,0.00015471082095593338,512,1954,6.2503556458533616e-09,DDoS
8.509718497424152e-06,2.6882941303167053e-05,525,1948,8.874032758575741e-11,DDoS
6.185297236118032e-06,2.134035427023486e-05,536,2128,5.708923163913067e-11,DDoS
6.758720198533525e-06,2.1802473302020087e-05,543,2110,1.5857542467345618e-10,DDoS
6.49398181672682e-06,2.151361439380683e-05,524,1966,5.524353596814958e-11,DDoS
1.2853315259976965e-05,4.007669377941437e-05,527,2068,2.980755091821204e-10,DDoS
2.4705488729562704e-05,8.451452927306298e-05,484,1804,3.3355681618881324e-09,DDoS
5.7779117334197805e-06,1.784568528227908e-05,530,1984,3.7852572998780105e-11,DDoS
1.554496305876037e-05,5.053104754509147e-05,540,2116,2.29181341506296e-09,DDoS
6.3691940488828476e-06,2.149042777875711e-05,513,1978,7.024496838064026e-11,DDoS
0.0009053732130926257,0.0036117423707009927,551,2204,4.008048013424326e-05,DDoS
0.0004275238183561768,0.0017028587427463254,539,2090,8.795813456501677e-06,DDoS
1.3296947902716512e-05,4.5460177307881005e-05,494,1918,3.781956586650823e-10,DDoS
1.1705306019182488e-05,4.0191005389624845e-05,489,1906,3.3772232158926076e-10,DDoS
8.671559741656866e-06,2.8195251456401603e-05,531,2080,1.5621007617428573e-10,DDoS
3.499571243056427e-05,0.00011313759310782137,515,1972,5.299042801683111e-09,DDoS
7.585038823966279e-05,0.0003339848374782773,283,1374,2.646172403236174e-08,DDoS
4.6057894828763477e-07,2.763473689725808e-06,224,1344,1.839471206928642e-14,DDoS
8.837043018686177e-07,5.302225811211705e-06,223,1338,3.2021815041030044e-14,DDoS
2.537392512188675e-06,1.4716369976688047e-05,308,1606,7.143765057038718e-12,DDoS
6.234562275237447e-06,3.621322159645007e-05,435,2014,5.740366524055807e-11,DDoS
1.0143455232349244e-06,4.565683953879068e-06,466,2110,2.513082081059145e-13,DDoS
6.699032213634906e-07,3.470966644166609e-06,320,1644,1.2135650181812198e-13,DDoS
5.97466610452443e-07,3.584799662714658e-06,226,1356,9.59039193336823e-15,DDoS
9.358078761370034e-07,5.61484725682202e-06,225,1350,2.998596872695297e-14,DDoS
2.434768064294369e-06,1.363243576472404e-05,390,1858,4.1268437718183685e-12,DDoS
3.13016497585951e-06,1.7244279364664438e-05,469,2086,1.9099265452839286e-11,DDoS
6.89079425521955e-07,3.4685618828118334e-06,341,1722,1.5317505571767213e-13,DDoS
5.908061200530788e-07,3.5448367203184727e-06,222,1332,7.290278399358229e-15,DDoS
9.398727032002589e-07,5.6392362192015535e-06,223,1338,5.883414218346332e-14,DDoS
1.3519520547907786e-06,6.8119436511389735e-06,439,2032,3.5700730130231807e-14,DDoS
2.149371595935322e-05,7.348069396735982e-05,356,1616,2.3223444906599185e-09,DDoS
1.0263480975893951e-05,3.47716467007344e-05,318,1310,2.2951013259276333e-10,DDoS
4.9358368207233276e-05,0.00017326347820063878,310,1272,1.1541332941516886e-08,DDoS
6.875709513433732e-05,0.00021202093890186014,318,1324,1.2550180972627797e-08,DDoS
1.5287046780190166e-05,4.932676470789355e-05,328,1334,9.352044699025624e-10,DDoS
3.5096226478615203e-05,0.00011128664959874721,344,1296,1.675703305438647e-09,DDoS
8.600612233781786e-06,2.8043204695003893e-05,344,1300,5.085417400483653e-11,DDoS
1.0336061138223149e-05,3.370736758618135e-05,330,1342,1.5810323507204233e-10,DDoS
6.403883660232503e-06,2.3297747005067013e-05,330,1340,3.1171694131342215e-11,DDoS
1.3477687411683948e-05,4.5946389747296215e-05,320,1314,1.897225279771684e-10,DDoS
4.085614738748932e-05,0.00013234373626259743,341,1280,1.5047163185265544e-09,DDoS
4.5641866181494384e-06,1.5788251794685324e-05,320,1330,2.6034131543868037e-11,DDoS
2.000273341153076e-05,6.382186226010878e-05,345,1318,5.0815958399527e-10,DDoS
2.092674353883693e-05,6.385460650542419e-05,339,1302,1.2473787371266395e-09,DDoS
7.698538355810586e-06,2.5631276179398882e-05,319,1278,7.559441233419072e-11,DDoS
1.5316805330754805e-05,5.1853223804975013e-05,327,1328,2.9848028194508625e-10,DDoS
5.552949542639898e-05,0.0001773653658075181,337,1354,5.71388689502495e-09,DDoS
5.338531644987662e-06,1.7635016881919727e-05,330,1346,3.1775030762401384e-11,DDoS
2.685293273305516e-05,8.896086669843282e-05,329,1310,2.3840491673935552e-09,DDoS
1.9889596242569537e-05,6.38204493925047e-05,341,1350,2.270019770793501e-09,DDoS
2.7593256145928004e-05,8.526018208669793e-05,343,1348,1.5678300238199896e-09,DDoS
5.997296059092112e-06,2.1233419392109682e-05,325,1312,4.409837802381191e-11,DDoS
8.436779715702541e-05,0.00029439336892506785,343,1290,1.0223453348386179e-08,DDoS
0.00013829559838618373,0.0004498178108061597,330,1330,2.5913258922796224e-08,DDoS
7.604951424611847e-06,2.5326860538511564e-05,318,1324,2.8977381328943336e-10,DDoS
6.139144310131455e-05,0.0001899329920550441,334,1304,8.69703949998365e-09,DDoS
4.370359009456359e-05,0.00014181719888669599,331,1302,4.598250003622128e-09,DDoS
8.554565684035079e-06,2.812693892162251e-05,323,1320,7.857348886432608e-11,DDoS
1.8023413716450075e-05,5.5968895590763554e-05,332,1312,6.903219749673358e-10,DDoS
1.290255430406675e-05,4.79655962305566e-05,329,1328,4.947927684200138e-11,DDoS
3.841306773414668e-05,0.0001278383833174954,336,1300,8.240564540601505e-09,DDoS
7.165923313851089e-06,2.3412603294272e-05,340,1306,3.777117899512893e-11,DDoS
1.547263759126258e-05,4.807643837087306e-05,342,1314,2.5317899946000343e-09,DDoS
2.4414932938669596e-05,7.841437878302045e-05,327,1302,3.4856825589688e-09,DDoS
3.2583019723738704e-05,0.0001017905673732452,322,1294,2.558417328193597e-09,DDoS
5.500103123227365e-06,1.8322869448762733e-05,341,1312,1.69687294665948e-11,DDoS
2.0953043878433114e-05,7.287415924243869e-05,323,1296,4.90387389962122e-10,DDoS
3.79664329475639e-05,0.00017964663764418915,331,1284,2.100336109408508e-09,DDoS
0.0026444249714085975,0.01267996753191552,335,1340,0.00016217411220053788,DDoS
0.005408120349778852,0.11465606000793546,1501,25771,8.159584149780493e-05,BENIGN
0.009718061535079658,0.2108453534793343,290,6809,0.0001026404785746042,BENIGN
0.0013561889229174956,0.014081075957163907,4384,254095,3.4942309731396955e-05,BENIGN
0.026135433700518376,0.8429829065435822,176,4909,0.014917769495108008,BENIGN
0.0005965560246773669,0.017096423749767643,296,222232,2.1908602966303217e-06,BENIGN
3.2935103651747104e-06,0.0038031023123577434,460,321807,4.159234437801282e-11,BENIGN
1.893528728935711e-05,0.02391101309388587,472,330664,3.571664406325971e-09,BENIGN
6.033531979016684e-05,0.08394516362641921,572,488947,1.537262165993621e-08,BENIGN
1.7068512176173374e-05,0.02292963066714627,465,411751,8.446360189430704e-10,BENIGN
8.823530062184746e-07,7.915506696913804e-05,361,77489,8.182566674072278e-14,BENIGN
4.80677523269616e-06,0.005977695637432362,443,259010,1.0961149301761939e-10,BENIGN
7.5273001807932135e-06,0.009706271575807425,449,352461,8.129109119964733e-11,BENIGN
9.822258543760567e-06,0.012430893383137874,564,467846,2.2665760205719842e-10,BENIGN
1.1618730647517126e-05,0.01700019690693767,534,478721,4.6213397289883816e-10,BENIGN
7.757024807014223e-06,0.01084229254969478,469,314313,3.4551053662621106e-10,BENIGN
1.4031123438174006e-05,0.01964244474455327,406,278712,4.940786112174712e-10,BENIGN
1.1830889101703465e-05,0.01567704520138495,413,256897,5.969179304923435e-10,BENIGN
1.25066822694132e-05,0.01689149899477079,491,383121,3.817255000197252e-10,BENIGN
5.330234947260379e-06,0.001001625411721188,548,325182,2.795839068427925e-11,BENIGN
2.4525855027120957e-06,0.003066776139086948,608,498584,1.270703145600105e-11,BENIGN
2.9338681512039598e-06,0.0006024717442496337,422,138875,2.8812722355408996e-10,BENIGN
2.3270110746804974e-06,0.0027820536127847444,526,343586,2.245501820599593e-11,BENIGN
8.650075709483388e-06,0.012353178380685045,544,499119,1.583093831786656e-10,BENIGN
7.705273160093524e-07,5.8355932274626556e-05,474,190047,1.6846034175266113e-13,BENIGN
7.719656505674805e-06,0.009597508421477276,447,268486,1.5552346956512636e-10,BENIGN
5.960284309143154e-06,0.008471821170057849,563,446704,1.0848183531655206e-10,BENIGN
1.875031804446034e-05,0.024474274336923743,540,417960,4.733592671875383e-09,BENIGN
1.1043867108043571e-05,0.00013186956644705463,558,332777,1.086548051905211e-09,BENIGN
6.45580829980391e-05,0.06553225131970598,444,394055,5.719147300510367e-09,BENIGN
3.801897605708379e-05,0.050521039857747974,415,202320,8.246209511472625e-09,BENIGN
8.692848603050354e-06,0.010444205705942098,498,318378,1.0981492049495573e-09,BENIGN
9.670139207059575e-06,0.013591443849932557,449,287700,4.664679344085895e-10,BENIGN
4.964551195253696e-06,0.006326969037759478,484,301890,1.282161049839522e-10,BENIGN
1.633681341861761e-05,0.022536707029463417,495,433632,6.923202952745749e-10,BENIGN
2.8481403316069514e-06,0.0029376961788631084,627,454162,2.495295121768215e-11,BENIGN
4.12462509049458e-06,0.003126311341862573,500,334086,3.1308280074509084e-11,BENIGN
2.139132904626025e-06,0.0026231398789675676,487,285653,1.9623494155694694e-11,BENIGN
1.4788256477835568e-06,0.0016007563628241816,468,256296,7.479645768833809e-12,BENIGN
2.848116529576328e-05,0.0390256369031234,487,419269,2.559678184808924e-09,BENIGN
1.4560652290375864e-05,0.020156779077272802,344,222772,5.342537265014427e-10,BENIGN
6.104447918959382e-06,0.008618179298516812,495,312866,2.0713742235683687e-10,BENIGN
2.051681342861182e-06,0.002048259874242482,650,467299,6.46243856182129e-11,BENIGN
1.2681091230964533e-05,0.017633609418386573,579,453555,4.6080542722400523e-10,BENIGN
0.00010021923679147159,0.14460030188846032,513,405638,4.274002013013028e-08,BENIGN
0.09572182305973591,1.0055923728045557,637,29665,0.1592572315402254,BENIGN
0.09954388664094795,1.8764419124179799,213,1644,0.07837273519582234,DDoS
1.8031551195230275e-06,1.0818930717138166e-05,228,1368,2.3664753755389033e-12,DDoS
5.372020615369684e-07,3.22321236922181e-06,228,1368,6.924891630776683e-15,DDoS
7.48339521840875e-07,4.49003713104525e-06,226,1356,2.93628857937364e-14,DDoS
1.4293844593142641e-06,8.142706465297338e-06,311,1648,9.549590379713636e-14,DDoS
1.65329522053192e-06,8.765487396579349e-06,430,2030,1.902870299694884e-13,DDoS
4.747412431441901e-06,2.7696245777803437e-05,366,1810,3.970160525683926e-11,DDoS
5.18239433163008e-07,3.109436598978048e-06,225,1350,4.772688396043775e-15,DDoS
7.352010240331969e-07,4.411206144199181e-06,232,1392,1.3338697453844955e-14,DDoS
1.2773113064426543e-06,7.663867838655926e-06,222,1332,1.4713677859660188e-13,DDoS
1.2857291645921145e-06,6.208310549962665e-06,470,2126,6.04635833504701e-14,DDoS
1.6548876696468683e-06,8.878275773302349e-06,407,1946,2.9818539832558746e-13,DDoS
4.6922734599419865e-07,2.815364075965192e-06,225,1350,3.639406339700364e-15,DDoS
0.040000655573003085,0.12000393343801853,212,1266,0.07999994648386506,DDoS
0.0022868510653789465,0.01029253496370225,226,1350,0.0002612191871512453,DDoS
1.3274674368091914e-06,6.6913874560086645e-06,425,1980,7.217308066694916e-14,DDoS
9.592398434532017e-07,5.013852704523475e-06,337,1678,3.6448183090752776e-13,DDoS
1.1466856131832926e-06,5.068013435531882e-06,234,1360,1.1101210099809365e-11,DDoS
5.853974039502885e-07,3.5123844237017308e-06,212,1272,6.699629235579207e-15,DDoS
1.095745941464632e-06,6.574475648787791e-06,224,1344,6.127702913126334e-14,DDoS
1.4411625971160217e-06,8.088349196812751e-06,303,1576,1.0444934992982645e-13,DDoS
1.5693839271762813e-06,8.339849767855262e-06,383,1844,6.827251020649083e-14,DDoS
5.990102029090181e-07,3.420598705142335e-06,223,1322,3.9639811305164256e-13,DDoS
5.425624821599272e-07,3.255374892959563e-06,220,1320,8.283347393423034e-15,DDoS
7.629218874768777e-07,4.577531324861266e-06,220,1320,2.0966154805963526e-14,DDoS
1.3054176301638204e-06,7.21222469908693e-06,303,1556,6.080464343954986e-14,DDoS
1.260567864720122e-06,5.374403682218562e-06,554,2384,2.2750214121905115e-13,DDoS
4.420773428130581e-07,2.652464056878349e-06,231,1386,5.77547142478375e-15,DDoS
4.94856718168661e-07,2.92370438641289e-06,292,1558,2.580771938615124e-14,DDoS
2.926199589177776e-05,8.97835310419771e-05,543,2182,5.972201253860576e-09,DDoS
2.2147058084034083e-05,6.867877739612487e-05,567,2320,2.6416071129925505e-09,DDoS
0.00012297882940456747,0.00039094354021556877,503,1912,1.9205055807499954e-08,DDoS
6.127247398775443e-05,0.00019527108817732117,534,2098,2.3773200962192895e-08,DDoS
4.243846829626807e-05,0.00013878534987883467,536,2146,4.804888628600452e-09,DDoS
1.738705132526842e-05,5.793141014731594e-05,509,1978,1.4509995160846098e-09,DDoS
3.484073103863249e-05,0.00012035637392157994,544,2116,5.406198597216029e-09,DDoS
4.36502815151158e-05,0.00013882077230292135,551,2104,8.276125371162458e-09,DDoS
2.645963315998255e-05,8.244436553789234e-05,507,1924,2.5525745617012442e-09,DDoS
1.050584224990993e-05,3.179142428375823e-05,595,2392,1.5416576202903366e-09,DDoS
5.080572632005696e-05,0.00016203486047674953,501,1852,5.463792108611837e-09,DDoS
6.984451036003218e-06,2.1979194764911695e-05,545,2092,6.816917858526461e-11,DDoS
5.198098391238377e-06,1.658313902812623e-05,566,2200,5.006537567526542e-11,DDoS
8.078883790524067e-06,2.5238060855725733e-05,569,2170,8.108780230558161e-11,DDoS
6.193428453566456e-06,2.0168792777216816e-05,529,2044,5.11727606028188e-11,DDoS
4.766891857450988e-06,1.6343146217146944e-05,548,2194,4.042903931281922e-11,DDoS
1.6306198749649845e-05,5.5101625323298486e-05,549,2146,6.378927218572574e-10,DDoS
0.00012058924807935394,0.0003852253569021995,534,2050,4.623616397623201e-08,DDoS
1.7779694612226546e-05,5.946120059946838e-05,561,2206,1.4008159683307369e-09,DDoS
4.223744115111743e-05,0.00014227585175229944,505,1930,6.435816898142586e-09,DDoS
2.2373361191879974e-05,7.495938402227895e-05,542,2110,9.2269402981497e-10,DDoS
1.2197940131130992e-05,3.969386623732851e-05,499,1870,1.921837039111966e-10,DDoS
7.08247131897714e-06,2.3053228456555134e-05,552,2164,2.384758137480349e-10,DDoS
1.1696249489267761e-05,3.840207156933167e-05,539,2134,2.972648263365817e-10,DDoS
2.146343006934069e-05,7.207330581798617e-05,487,1822,9.041956234045635e-10,DDoS
1.212781316089024e-05,3.8895394643235543e-05,464,1630,8.262613118551572e-11,DDoS
9.60907544250717e-06,3.191151748395687e-05,543,2176,1.8016790221035634e-09,DDoS
6.518771975438621e-06,2.1494822842922462e-05,550,2158,7.800000412948852e-11,DDoS
1.0244066617370448e-05,3.324652068903113e-05,507,1936,1.3616872534593757e-10,DDoS
6.042318152548171e-06,2.0849686024917913e-05,521,2086,5.1480648056135435e-11,DDoS
6.362546429327797e-06,2.0700305956164404e-05,547,2128,5.779922954470855e-11,DDoS
6.006226952289377e-06,1.9430567140439262e-05,530,2062,3.964313049187841e-11,DDoS
7.279090406535404e-06,2.3917473380474168e-05,526,2098,6.317782595657217e-11,DDoS
6.866984286551908e-06,2.1878538651238938e-05,531,2038,5.6281275911877746e-11,DDoS
5.6261946962449714e-05,0.00018283374244401987,529,2080,1.2653434922933982e-08,DDoS
7.300442907243163e-05,0.0002375767234475448,545,2152,1.8370813563724063e-08,DDoS
1.8686051496754025e-05,5.871561693666506e-05,532,2044,1.4833477221946183e-09,DDoS
5.764471537066008e-05,0.0001810211138246794,544,2158,1.1214164411580125e-08,DDoS
9.084661119205475e-06,2.854514023444594e-05,512,1888,6.180491517113435e-11,DDoS
9.356454942801957e-06,2.9848017459406635e-05,558,2140,6.763816745345117e-10,DDoS
1.0619181335958191e-05,3.4809566889066944e-05,557,2206,4.689306058039926e-10,DDoS
8.090472680467355e-06,2.6115673857309216e-05,519,1942,6.536515642830021e-11,DDoS
4.860458634486345e-06,1.5688666563058705e-05,544,2134,4.3097598027260016e-11,DDoS
6.153156155689236e-06,1.994892776208305e-05,570,2242,6.267161887433669e-11,DDoS
8.936431688144836e-05,0.00026927283801752954,522,1888,2.21918455836357e-08,DDoS
2.6231502950423815e-05,9.186257832486007e-05,542,2080,4.846941330971962e-09,DDoS
6.073896304409564e-05,0.0001911043760533065,533,2110,1.470417190321703e-08,DDoS
2.0206308926271492e-05,5.9500175036535806e-05,515,1870,1.1515884267257428e-08,DDoS
5.97572624665537e-05,0.00018780090861549514,539,2098,2.7229201161677887e-08,DDoS
2.469364852368014e-06,8.818239675309431e-06,285,1298,7.0958039260074256e-12,DDoS
9.150234387406168e-05,0.0002891343278157517,352,1326,1.6252758205398858e-08,DDoS
9.093000128075159e-06,2.7944563936204628e-05,314,1310,5.84199723677802e-10,DDoS
0.00016247406620808775,0.000530037688795979,332,1326,4.855443602995183e-08,DDoS
5.6488548766599e-06,1.890552457628906e-05,331,1336,5.377179731033698e-11,DDoS
5.8916877459927644e-05,0.00018299318737723496,351,1324,8.484864477356158e-09,DDoS
8.096518004468509e-05,0.0002761130514991205,361,1318,1.5720885843996247e-08,DDoS
2.737993887396568e-05,8.499756772954149e-05,329,1334,3.5730361411203045e-09,DDoS
3.462285261003173e-05,0.00011818144149010611,326,1334,3.4843069359112797e-09,DDoS
8.104235601433422e-06,2.5455776310985926e-05,337,1312,2.3938505076719126e-10,DDoS
1.456716267955194e-05,4.563219278847386e-05,348,1336,2.8958262995634505e-10,DDoS
7.731193125978254e-06,2.541664235650326e-05,340,1306,4.9494914645196265e-11,DDoS
2.304633286299634e-05,9.450965824810789e-05,340,1288,3.9972992114305243e-10,DDoS
0.00015821765104353556,0.0005076167969075685,366,1306,2.435402661847838e-08,DDoS
5.845266752202622e-06,1.9298518006855686e-05,321,1310,7.573529043882776e-11,DDoS
6.407643545530437e-05,0.0002099321644648511,331,1316,8.430001781225638e-09,DDoS
1.2068862100784522e-05,3.8101580274453034e-05,338,1314,1.8005377565152744e-10,DDoS
8.402386925235958e-06,2.8269339572753444e-05,335,1322,1.0991635752117505e-10,DDoS
2.245369746108072e-05,7.209068112529546e-05,347,1314,6.184282248111821e-10,DDoS
2.129134632263635e-05,7.201342951099307e-05,322,1304,3.8158140246908033e-10,DDoS
2.642141147853752e-05,0.00013365344465463946,314,1284,1.4595169122768587e-09,DDoS
5.584607605144866e-05,0.00017886955374780234,334,1320,1.4555350195525344e-08,DDoS
6.41254683375709e-06,2.206557232684613e-05,323,1286,4.316154663433184e-11,DDoS
2.3180545639773525e-05,8.200883267735802e-05,312,1306,2.362775117522947e-09,DDoS
8.040864570736991e-06,2.655806985593211e-05,332,1328,8.495937952232102e-11,DDoS
8.73006317038753e-06,2.8828518362455816e-05,334,1320,6.56458122977994e-11,DDoS
5.318275827991483e-06,1.925461417726457e-05,313,1324,1.693072868381837e-11,DDoS
6.316192812936103e-06,2.5541205985780243e-05,311,1324,9.898976952120457e-12,DDoS
1.6339458800571245e-05,7.573099120001904e-05,331,1314,2.2754473503770072e-10,DDoS
0.00017869397837347098,0.0007272112356240203,339,1314,1.9085557283276098e-08,DDoS
3.95648018958886e-05,0.0001369192405003525,298,1302,8.294749549695438e-09,DDoS
6.843912481418389e-05,0.00021679210230414331,335,1332,1.2419275163669793e-08,DDoS
2.4450607166169343e-05,7.89872771404636e-05,343,1326,4.18081318261343e-09,DDoS
1.2905498887560399e-05,3.931499223256294e-05,326,1310,3.721854478255116e-10,DDoS
6.339704368148737e-06,2.0754584162496585e-05,342,1320,3.427394991052466e-11,DDoS
1.3604168537123548e-05,4.3667307453899675e-05,317,1282,4.67254753129034e-10,DDoS
1.0458318138941444e-05,3.783034553106766e-05,334,1334,4.740453029636866e-11,DDoS
3.334999488120355e-05,0.00011393812514739252,340,1302,4.655754930060514e-09,DDoS
0.0001608711263668685,0.0005296774951117243,326,1334,6.719912413970613e-08,DDoS
4.329017795167563e-06,1.4123188182276883e-05,335,1356,1.578073778875178e-11,DDoS
5.816281226287152e-05,0.00018824517189938342,334,1318,1.1590455755680354e-08,DDoS
6.66832759963144e-05,0.00020480274955131546,326,1308,2.196188606444347e-08,DDoS
0.0001018290924034484,0.000337399082326698,314,1306,3.234444229913913e-08,DDoS
0.06336112930450642,0.30035572521656473,471,24735,0.03728667852989219,BENIGN
0.0024525925894067816,0.03737232018208068,722,104756,2.326689955191084e-05,BENIGN
0.018682426518445844,0.313162315329061,200,3386,0.00013304170469622458,BENIGN
0.018310057532978062,0.30420499435160175,200,3320,9.379897512101e-06,BENIGN
0.017737841460427492,0.2877064165547546,200,3236,8.966982011824195e-06,BENIGN
0.018245166099849743,0.2960160718945692,200,3238,5.528189098260639e-06,BENIGN
0.018531777714010024,0.30112260706164523,200,3246,5.044573066471765e-06,BENIGN
0.01798315625351573,0.2902680066104728,200,3226,9.476849618810736e-06,BENIGN
0.017397986404588294,0.27938706846505573,200,3212,3.7419293696778045e-06,BENIGN
0.019226819784854833,0.30831028299087143,200,3206,5.570327381973542e-06,BENIGN
0.010073818749560965,0.16570123935817727,200,3360,5.318710516210154e-05,BENIGN
0.0035372648740328166,0.0004748459831311556,409,20651,2.0593814101859013e-05,BENIGN
0.0034618121454891653,0.0007793248192604346,232,16655,1.850985213009998e-05,BENIGN
0.03346337353420577,0.11937451841649746,763,30749,0.04483616019925381,BENIGN
0.006293467559847775,0.11881954814317282,392,13612,8.584161672533003e-05,BENIGN
0.005570088959406666,0.07669134256439175,855,18592,0.00010468973244210771,BENIGN
0.1121147780265749,12.961712106394277,301,27542,0.25900256654402104,BENIGN
0.001435819349310205,0.027791203568610433,434,238931,7.251013765955894e-06,BENIGN
7.625275096640781e-06,0.01059885143413831,429,304003,1.6381821959849622e-09,BENIGN
4.685328590019679e-05,0.06681179043276858,437,262432,1.702310740884662e-08,BENIGN
1.7696415465159212e-05,0.027476948879008978,444,303997,2.6976633836868984e-09,BENIGN
1.9040885445923837e-05,0.028962272711007445,497,358663,3.381207689346401e-09,BENIGN
7.289205050196979e-05,0.10362541752974225,475,389954,1.1922730118609466e-08,BENIGN
4.62132366155085e-05,0.059671790259201954,687,579154,1.814805931084131e-08,BENIGN
6.996676376045055e-06,0.0075680856240720636,382,198231,6.918886272892555e-10,BENIGN
1.0763928305655363e-05,0.015505494413844524,492,437763,6.198688928446912e-10,BENIGN
2.482145646662658e-06,0.002637837772576302,408,174291,2.5239982671174654e-11,BENIGN
1.032677841027096e-05,0.013562491077570259,460,301986,4.852804635471606e-10,BENIGN
5.503364631429058e-06,0.00637975402999782,491,336765,1.4692209277476692e-10,BENIGN
1.4024809513287798e-05,0.019229383870324836,506,429561,4.520774149670372e-10,BENIGN
2.883661140464942e-05,0.034315678913601086,496,394776,4.085812735125733e-09,BENIGN
2.6593262574872026e-05,0.0006192054344760372,339,62483,2.1625851569796274e-09,BENIGN
1.8545165013632203e-05,0.012657178855819155,494,317003,1.5331462340260433e-09,BENIGN
6.330940860173727e-06,0.008455107758333313,346,106078,2.263861203747952e-10,BENIGN
1.294333775545132e-05,0.018165758173004764,519,419311,6.376479470330932e-10,BENIGN
1.1676199478973817e-06,0.000685618717164767,481,255570,2.23213818515444e-12,BENIGN
1.1311592500237193e-05,0.015744617625445215,399,278724,6.076705161759969e-10,BENIGN
5.3736460370073545e-06,0.006960581957235122,617,476061,1.0778081308389472e-10,BENIGN
4.546867351236088e-05,0.0670460638938967,594,471149,1.6107781451311927e-08,BENIGN
4.730855543084696e-06,0.00511171181362022,484,301307,7.520923177520253e-11,BENIGN
3.9677130912752886e-06,0.0051118858830008105,371,166809,6.509050047741676e-11,BENIGN
3.0530291082169852e-06,0.004363170325808358,551,459596,2.905140879323186e-11,BENIGN
2.309586912176322e-06,0.0023971172386311234,376,170904,9.715702307835398e-12,BENIGN
3.3799322297855595e-06,0.003831009348298145,446,290331,1.7161734510488397e-11,BENIGN
4.373982732916003e-06,0.005513356411955891,650,534090,6.386015445152339e-11,BENIGN
8.454370561311794e-05,0.11915497250056406,542,533940,2.0250771896811714e-08,BENIGN
2.8969253926392164e-05,0.01067407994194272,454,264498,3.976002002199661e-09,BENIGN
8.747859859911907e-07,0.0004900981169539967,461,191428,4.27015873284062e-12,BENIGN
1.8909143928919084e-05,0.026291441485297447,443,349651,1.8500013558611326e-09,BENIGN
1.4944253577531172e-05,0.018992590803380255,463,316271,1.3992728967425962e-09,BENIGN
2.9691147827694643e-05,0.037550703035718495,556,468477,3.777059806019611e-09,BENIGN
4.358766236301359e-05,0.05957121703477794,490,358627,1.0150950796006251e-08,BENIGN
5.7027413027665286e-05,0.07572980574241227,441,243998,3.0124996481329224e-08,BENIGN
0.030510089411756983,0.9842255379476674,446,338224,0.019648202269139943,BENIGN
0.27505467674496886,3.2450876596478055,246,12332,0.25796376187686365,BENIGN
0.19029612325340595,3.6624102628986317,164,1343,0.19400260944872438,BENIGN
0.008001044890947443,0.036006269345684676,226,1350,0.003199982940640711,DDoS
0.0018190707115703219,0.008187151542149204,224,1338,0.00016528595795478748,DDoS
1.305954534564975e-06,7.382238134954634e-06,284,1520,1.3318415295348018e-13,DDoS
1.2446294092931276e-06,5.953412164457259e-06,460,2102,9.466379158265673e-14,DDoS
8.057297686663233e-07,4.226660759597937e-06,316,1648,2.582086316788881e-13,DDoS
4.3841312296959995e-07,2.6304787378175997e-06,228,1368,3.695108052749956e-15,DDoS
5.490612154868951e-07,3.29436729292137e-06,230,1380,7.583879599641207e-15,DDoS
6.672431442236839e-07,4.003458865342101e-06,223,1338,1.0827524820479052e-14,DDoS
1.0277544008777172e-06,6.166526405266303e-06,224,1344,3.414665311438789e-14,DDoS
1.6253446770499922e-06,8.519042368150745e-06,404,1928,3.849005072599785e-13,DDoS
8.607460979155037e-07,4.287562722067356e-06,354,1760,2.390742709339817e-13,DDoS
4.4960859150737145e-07,2.6854411566571637e-06,220,1314,9.638301954352862e-15,DDoS
6.938109391584549e-07,4.162865634950729e-06,234,1404,1.6180940924446425e-14,DDoS
1.1002809817740043e-06,6.6016858906440255e-06,236,1416,5.215859083425342e-14,DDoS
1.8881430215761362e-06,1.0217811436919681e-05,376,1840,4.780449107350758e-13,DDoS
6.502596381795391e-07,3.431569034920003e-06,280,1518,2.8229869589087885e-13,DDoS
5.101027912081591e-07,3.0606167472489547e-06,220,1320,7.51769846051409e-15,DDoS
7.933638075834902e-07,4.760182845500942e-06,220,1320,2.7190696370514604e-14,DDoS
1.7452631398212146e-06,1.0471578838927282e-05,229,1374,5.458232211778636e-13,DDoS
4.817640507510811e-06,2.8296334030506452e-05,293,1572,2.106415037620238e-10,DDoS
5.374511749254949e-07,3.224707049552969e-06,226,1356,8.508951034486654e-15,DDoS
7.586976636778343e-07,4.552185982067006e-06,222,1332,1.901273756864217e-14,DDoS
1.5188489014830712e-06,9.113093408898427e-06,228,1368,2.337513292314574e-13,DDoS
4.466297827994338e-06,2.679778696796602e-05,223,1338,1.4850166696380655e-10,DDoS
5.026330288340953e-07,3.015798173004572e-06,223,1338,3.133994591775015e-15,DDoS
6.732290576979214e-07,4.039374346187528e-06,215,1290,1.512607375516647e-14,DDoS
0.0007541132254020048,0.003341552486541119,387,1812,2.5013282825021408e-05,DDoS
0.0013522863693488252,0.004061011709113864,543,2108,8.310079338835342e-05,DDoS
0.0031140258214504596,0.012942454047063496,546,2082,0.0002571747545254521,DDoS
8.166289100425817e-05,0.00022873857232059335,553,2110,4.448501800041173e-08,DDoS
0.00010426198504996317,0.0003209455294675763,561,2200,4.2344411567230675e-08,DDoS
0.00035722128142771204,0.001074155874081803,499,1922,6.151273064938277e-06,DDoS
7.880893505313106e-05,0.00024527302197001056,593,2410,2.784664481244758e-08,DDoS
3.600585005440585e-05,0.00011519632999394886,558,2170,6.36063342725214e-09,DDoS
9.110046150362281e-05,0.00028319646322085056,544,2074,2.173383499663755e-08,DDoS
7.011879202401158e-05,0.00022858983613672747,575,2344,1.0106688275916328e-08,DDoS
6.226910871548709e-05,0.00019398506616498696,555,2164,1.2345135011108452e-08,DDoS
2.833988510168881e-05,9.20973784906857e-05,583,2308,2.0592058799631477e-09,DDoS
3.291949371617626e-05,0.0001059473198380813,543,2062,3.8503545739596945e-09,DDoS
4.873892874258906e-05,0.00015673107086595158,535,2098,3.191737257817556e-09,DDoS
1.675489824745493e-05,5.631754151047513e-05,557,2236,1.3029255720831904e-09,DDoS
6.557373874046542e-05,0.00021215158832435285,509,1942,5.8797414183675784e-09,DDoS
0.0001188699925309706,0.0003794997352437204,527,1990,6.351276721854348e-08,DDoS
5.9057299312915545e-05,0.00018190041724224442,494,1816,1.1415643582159233e-08,DDoS
8.267436991311555e-05,0.00025970144632518746,497,1840,1.67319679669804e-08,DDoS
8.298194223531135e-05,0.0002676979167305372,505,1954,1.0722092575346707e-08,DDoS
5.159287336410166e-05,0.00016148755271681164,554,2194,8.614395373473521e-09,DDoS
7.5827941095766e-05,0.0002371999177265341,526,2044,1.7431869691787675e-08,DDoS
1.3539050151524276e-05,4.574170711819646e-05,515,1960,6.828143511245536e-10,DDoS
3.765503364410709e-05,0.0001312032626030387,529,2098,3.711237989148092e-09,DDoS
4.52676421420432e-05,0.00013851573615513243,526,1936,3.918637544206737e-09,DDoS
2.9219897080894197e-05,8.583508491466347e-05,523,2056,1.0502037631431577e-08,DDoS
5.76394817603529e-05,0.0001843642540222091,558,2194,1.3254772564675471e-08,DDoS
6.833257578778426e-06,2.1291002768911477e-05,544,2140,1.867165901210433e-10,DDoS
8.404260240340851e-06,2.602359448744501e-05,527,2026,2.061561417226955e-10,DDoS
4.462443789816535e-05,0.00014263381934311915,549,2170,4.205233572609465e-09,DDoS
1.3582104197022141e-05,4.434034661486888e-05,566,2272,8.200820818268711e-10,DDoS
6.28313759730189e-05,0.00020798284893991322,495,1852,7.118139135974801e-09,DDoS
1.3928385633802688e-05,4.3520540459744256e-05,543,2200,2.276620725159366e-09,DDoS
7.324660851446375e-06,2.4123015022430852e-05,575,2314,4.154342817950607e-10,DDoS
6.839085999313202e-05,0.0002173350385730284,527,1990,9.341428166624774e-09,DDoS
7.70568602910645e-06,2.3396141563481614e-05,568,2212,2.1215555090013458e-10,DDoS
7.683689092882262e-06,2.4434377655294607e-05,536,2098,9.737758797942123e-11,DDoS
4.9366865046734715e-06,1.587682079269161e-05,569,2230,4.022447074138696e-11,DDoS
4.3030014590657106e-05,0.00014496254627521763,532,2092,7.103274618969377e-09,DDoS
3.685671835099456e-06,1.1587882876892292e-05,553,2146,1.6108637546572606e-11,DDoS
1.3882145298295292e-05,4.3346757462475e-05,552,2176,9.441572235740049e-10,DDoS
1.6878946167353186e-05,5.450347189306755e-05,565,2200,1.071219613183577e-09,DDoS
4.2270636805775275e-06,1.3434681918766008e-05,545,2134,2.332665394027819e-11,DDoS
1.8011870748631667e-05,5.7396195246329233e-05,515,2002,1.2365955357458774e-09,DDoS
1.6771709104579582e-05,5.2068739195007576e-05,546,2098,1.188038725778401e-09,DDoS
5.68655612006202e-05,0.0001838619212835997,557,2272,1.605802067388068e-08,DDoS
6.677890430761848e-06,2.1747084071003177e-05,533,2098,2.2567315185738723e-10,DDoS
5.685558458841398e-05,0.00017862855046654738,539,2068,1.0603048125697899e-08,DDoS
3.5315874596915903e-06,1.1178891514306003e-05,563,2260,1.990583544612596e-11,DDoS
2.442550109147002e-05,8.101295429968435e-05,412,1568,2.8207401478883146e-09,DDoS
3.5369740905305504e-05,0.00011705371169676053,343,1316,6.803847087866901e-09,DDoS
0.00011388430881608865,0.0003673500313828192,317,1346,2.4667534282034727e-08,DDoS
7.272802191061303e-05,0.0002867570817480292,334,1300,1.6762300579090034e-08,DDoS
0.00018976714257505013,0.0005962981217157144,314,1304,4.1340728695383125e-08,DDoS
4.618817080475685e-05,0.00015681389231623775,311,1328,1.455420207607386e-08,DDoS
8.729692790175173e-05,0.0002787186931336063,328,1388,1.1987522666491188e-08,DDoS
3.5020378196148566e-05,0.00010916049859055105,336,1350,8.565662241909503e-09,DDoS
0.0001026277212567949,0.00031769083954394985,336,1366,1.4518319377103995e-08,DDoS
6.615471393207621e-05,0.00020950222702966658,326,1308,8.586099607038288e-09,DDoS
2.6097142485282946e-05,8.347394700984955e-05,321,1316,2.0772963530857517e-09,DDoS
5.999265990162736e-05,0.00020427095874628394,332,1294,5.674710558608548e-09,DDoS
3.4075749828765906e-05,0.00011146247005044288,307,1286,2.0071814045781073e-09,DDoS
5.160555388588598e-05,0.00020461420079517507,336,1334,4.657577557413356e-09,DDoS
0.00012591743767448592,0.0005007419677808251,308,1346,7.174246234387275e-09,DDoS
8.064859606322585e-05,0.00027504463456790387,330,1336,1.0933947357383605e-08,DDoS
5.179151606866551e-05,0.0001671994896788527,331,1320,3.7231140255252266e-09,DDoS
4.631194140748723e-05,0.00016009829512417533,313,1322,8.354890552250017e-09,DDoS
9.942982132016312e-05,0.0003198073398759807,344,1324,1.1673944271644844e-08,DDoS
9.585376471747727e-05,0.000294268260532311,320,1322,3.159596006835933e-08,DDoS
1.5390317909118826e-05,5.0812617445906226e-05,316,1296,8.101678603356157e-10,DDoS
6.212722633425671e-05,0.0002097428690129367,313,1314,4.627282262673999e-09,DDoS
3.4999273440445235e-05,0.00011226286765494545,324,1290,3.093304641511859e-09,DDoS
4.5012056387634134e-05,0.0001416918651549348,325,1318,4.680518821526759e-09,DDoS
7.741892789982246e-05,0.0002614569318285509,319,1292,9.653619943402803e-09,DDoS
1.4572115861652336e-05,5.156345806633833e-05,337,1284,4.921976813038124e-10,DDoS
1.7505950560178028e-05,5.6267719050890534e-05,310,1314,5.729194299956971e-10,DDoS
5.618775554938039e-06,1.826238864915951e-05,340,1316,1.890812638457093e-11,DDoS
7.478477577033433e-05,0.0002332881583264704,336,1284,7.83533612407982e-09,DDoS
3.6635656636240033e-06,1.2673436996417848e-05,318,1352,1.2205973000635334e-11,DDoS
1.1570098753507385e-05,3.889782842717671e-05,342,1354,6.120839279194702e-10,DDoS
7.056885477179765e-05,0.00021624905590577224,358,1314,8.1988025643453e-09,DDoS
2.2567843298573397e-05,7.361019826290167e-05,331,1294,2.8531603189927454e-09,DDoS
2.9218331840474072e-05,9.349992377954604e-05,326,1336,2.642930504800752e-09,DDoS
4.7883350409849664e-05,0.00015175937009334037,347,1324,9.842408125450105e-09,DDoS
1.3394321697591879e-05,4.4896358556583945e-05,346,1348,2.135505454210351e-10,DDoS
5.448010796334329e-06,1.8445428639366352e-05,310,1310,2.624525439464713e-11,DDoS
8.275115354064047e-06,2.678302792502522e-05,340,1322,4.807529999105431e-11,DDoS
4.170414194248447e-05,0.00013428514086356766,342,1342,8.022574875405783e-09,DDoS
4.966684229210163e-06,1.6648612499255085e-05,320,1318,2.1524146072944023e-11,DDoS
1.2719651058283702e-05,4.3318315598943735e-05,338,1316,5.732382832295866e-10,DDoS
4.442907882731961e-05,0.00014756143497819595,331,1314,9.414901029003436e-09,DDoS
5.580173843707659e-06,2.0242267997079475e-05,322,1310,1.4824291884644648e-11,DDoS
5.337438337641389e-05,0.000180230834458912,336,1314,9.926260473763462e-09,DDoS
4.274989016356829e-05,0.0002250488341989754,338,1308,4.026666622697767e-09,DDoS
6.160786355751222e-05,0.00018210828103189619,350,1328,1.052443944261034e-08,DDoS
5.371441037647654e-06,1.7321995393123408e-05,329,1310,2.6463796006612206e-11,DDoS
2.5819599690251526e-05,8.27758243043585e-05,321,1288,2.830636566230251e-09,DDoS
9.742090911150787e-05,0.0003143179138545417,316,1324,2.6870498829025965e-08,DDoS
5.448182314363081e-06,1.834816016425707e-05,309,1254,2.2878288476033166e-11,DDoS
0.03453662208721732,0.20033991752984587,289,1540,0.017268726848509164,DDoS
0.23189238626251463,9.667343104370081,425,21051,0.1489015770386722,BENIGN
0.036892560464600724,3.6111576430641232,422,19205,0.01601421160904259,BENIGN
0.00021879502075920147,0.0057709990898317,114,2869,8.052006837659503e-07,BENIGN
0.00013469698345783835,0.004193424678736763,106,2839,3.225305926625087e-07,BENIGN
0.011227592733527999,0.0907706791156217,365,185309,0.005030321229765359,BENIGN
8.27075577705548e-05,0.11754901394267189,441,329205,1.9954698861012798e-08,BENIGN
0.00022002283032767275,0.3110127910908358,404,406179,4.2886684696426443e-08,BENIGN
8.911026380993185e-05,0.08895246771049861,471,413132,3.127413131464598e-08,BENIGN
7.00978614736301e-05,0.1038234053585271,467,523672,9.990294322117613e-09,BENIGN
1.0739928405657579e-05,0.014084954463497385,427,243272,8.273011988268123e-10,BENIGN
1.9433679328140526e-05,0.026302750383971566,404,334050,1.619626615086267e-09,BENIGN
7.374861056120069e-05,0.10360233493441423,573,501220,1.81925928438142e-08,BENIGN
4.407993474530131e-06,7.330835095890104e-05,511,254981,1.955652599749835e-10,BENIGN
2.9624469511012642e-05,0.028660177251887915,565,445257,4.996750512938606e-09,BENIGN
1.0271514093823037e-05,0.014254712897540251,422,170279,8.458163020174174e-10,BENIGN
3.1548605313083e-05,0.04374014437531852,530,405607,1.3760905931592808e-08,BENIGN
4.456843513827964e-05,0.06535191212296221,447,286265,8.288761693501339e-09,BENIGN
2.0586433541592464e-05,0.0279372404219488,479,268558,2.448202432784402e-09,BENIGN
2.3496586879156316e-05,0.03351866069143155,434,232338,2.0797987637611473e-09,BENIGN
7.889518591161593e-05,0.11581146060709231,489,417275,2.25239517505419e-08,BENIGN
3.905983772976175e-06,0.004059988661901365,483,340169,2.0005470877142822e-11,BENIGN
8.961878924621603e-06,0.012467567992891617,416,262331,4.355420009669527e-10,BENIGN
1.1984803936860467e-05,0.017110607643745654,366,198207,1.2754793190718528e-09,BENIGN
1.1225421990599882e-05,0.016248993567850555,500,342241,1.4197844934790968e-09,BENIGN
1.8938398742058835e-05,0.025986216809148543,442,371478,1.5846343960053596e-09,BENIGN
9.45780805007783e-06,0.01299070031683857,350,162648,1.0336028803650642e-09,BENIGN
4.160185392815859e-05,0.05649739780755003,528,338152,9.605473352496069e-09,BENIGN
1.661716043908811e-05,0.02080078752912245,408,272635,6.150141491380457e-10,BENIGN
3.6438775734861717e-06,0.004575693614396316,450,314283,2.615281937435278e-11,BENIGN
4.920767054872021e-05,0.07103436403266437,443,326479,1.7290113403644307e-08,BENIGN
3.220986054749249e-06,0.0036557170127792422,428,262367,2.083434082488652e-11,BENIGN
1.332412977270116e-05,0.01958124585376175,410,290319,9.657172518848555e-10,BENIGN
4.71263606943487e-06,0.005330153117050263,475,348372,2.8150492066470432e-11,BENIGN
1.0905486658755198e-05,0.011571184167739277,462,261016,1.0284368555190676e-09,BENIGN
1.1312346013290275e-05,0.012771999192442245,357,227498,1.3351355653467897e-09,BENIGN
1.1539876704174778e-05,0.014429832019736305,355,208463,8.087115957459885e-10,BENIGN
1.15116039252254e-05,0.014764563373542565,497,357913,3.669656627215206e-09,BENIGN
0.027321861649484084,1.5238386448291186,439,274256,0.013622052508351485,BENIGN
0.09102723431982916,0.4008257779720029,1514,57954,0.1559913213870782,BENIGN
0.01810840424595007,0.24655147017857698,534,39969,0.002393052791586985,BENIGN
0.011018564727993294,0.27092101468726104,204,4470,0.0001173858409823817,BENIGN
0.011430184640667848,0.22794585857862626,200,3990,0.00012887622906678436,BENIGN
0.00621331829029593,0.10245492590211759,739,46434,0.00011171334955059494,BENIGN
0.010013340082897126,0.06039306969892205,863,42386,0.0049997283207493465,BENIGN
0.0014146004205545504,0.008838689552840335,1594,43971,4.095756159160152e-05,BENIGN
0.001531985754680315,0.010196913961939056,2310,71998,2.9469396480635197e-05,BENIGN
0.013359039840322575,0.2741714582151651,346,11414,0.00013723392326484566,BENIGN
0.012260929565565421,0.24856427504430584,200,3978,0.00014413972695127118,BENIGN
0.00958480607163869,0.21519453541313235,200,4312,0.000117191701294011,BENIGN
0.04563689617476425,0.3180249988538474,806,41945,0.07979938193055969,BENIGN
0.1844178824447374,2.801804905614617,553,31240,0.1927000070583775,BENIGN
0.21008590644120403,6.562924688920793,287,1412,0.1320230518243418,BENIGN
1.8075752088339284e-06,1.084545125300357e-05,215,1290,5.63190853433322e-13,DDoS
1.3415213488388354e-05,8.04912809303301e-05,216,1296,9.934099722950571e-10,DDoS
4.934634474555417e-07,2.96078068473325e-06,223,1338,4.07779039436685e-15,DDoS
6.671750730872505e-07,4.003050438523503e-06,217,1302,1.2142626381248468e-14,DDoS
1.141404439081769e-06,6.8484266344906135e-06,224,1344,1.2096969712730795e-13,DDoS
5.13809849319653e-06,3.082859095917918e-05,212,1272,2.6419975028061242e-11,DDoS
4.5626740145367597e-07,2.7376044087220555e-06,223,1338,5.868032064754852e-15,DDoS
6.15513909146291e-07,3.6930834548777465e-06,228,1368,7.729140974995966e-15,DDoS
9.300140208046658e-07,5.580084124827995e-06,226,1356,4.4400439086858176e-14,DDoS
2.2948174545730432e-06,1.3768904727438257e-05,230,1380,1.263645337754934e-12,DDoS
1.0082201599775833e-05,6.049320959865499e-05,235,1410,1.8282169850016478e-09,DDoS
5.800532225411375e-07,3.480319335246825e-06,227,1362,7.145860837447103e-15,DDoS
8.82313702318776e-07,5.293882213912654e-06,234,1404,3.681748860936678e-14,DDoS
2.274154460405453e-06,1.3644926762432718e-05,221,1326,1.5715372363107362e-12,DDoS
9.155476617039128e-06,5.493285970223478e-05,226,1356,3.356455521043656e-10,DDoS
5.245813366062562e-07,3.147488019637537e-06,226,1356,7.581375465077006e-15,DDoS
7.204926671878681e-07,4.32295600312721e-06,219,1314,1.7316172605467412e-14,DDoS
1.3315471119557234e-06,7.989282671734341e-06,225,1350,1.1357242632617574e-13,DDoS
6.253305673352336e-06,3.751983404011402e-05,235,1410,3.025892312303254e-10,DDoS
0.00058872627990617,0.002355887091201725,222,1326,1.7300448665473237e-05,DDoS
0.0005976150159946329,0.0017946453198483944,222,1326,1.7820609932148687e-05,DDoS
9.544925809320457e-07,5.726955485592274e-06,229,1374,6.031363712035025e-14,DDoS
2.4464624193605556e-06,1.4678774516163336e-05,236,1416,9.043787996764753e-13,DDoS
2.0495409223345603e-06,8.819767608846455e-06,471,2108,1.2829731086443682e-11,DDoS
4.0442924007556785e-05,0.00012166471038917735,543,2050,8.140179419383942e-09,DDoS
4.701966368975971e-06,1.4484061393264481e-05,537,2092,2.5701890033997057e-11,DDoS
5.765436724959542e-05,0.0001837728454323271,528,2038,1.1013314542322425e-08,DDoS
8.13576202814762e-05,0.0002605387863927859,514,1954,1.5683304221321738e-08,DDoS
5.4693930915112804e-05,0.00018104090989301487,561,2236,9.679451027489096e-09,DDoS
2.4440039992865122e-05,8.042203941997741e-05,547,2134,3.2629112103329494e-09,DDoS
0.0016853167976075064,0.00669437155641733,521,1964,0.00013129060108255458,DDoS
4.390672764215538e-05,0.00015157374082188868,546,2170,1.4824100491211446e-08,DDoS
1.5068332633614973e-05,5.192076522894266e-05,525,2068,1.1790539296639902e-09,DDoS
0.0013206579664616616,0.003970627584902148,565,2258,8.317381474267544e-05,DDoS
0.003138537437640595,0.014044139135455047,497,1904,0.0004729990451606547,DDoS
2.153665331026623e-05,7.255906162345879e-05,534,2104,3.825167031918995e-09,DDoS
8.512639265265905e-06,2.6272086631897892e-05,570,2302,4.855215480945993e-10,DDoS
1.4663376424455191e-05,4.8301320556930084e-05,500,1900,7.467425456877739e-10,DDoS
7.169127937984574e-05,0.00023480515754121565,546,2194,1.6477833921926224e-08,DDoS
2.116313934586903e-05,6.917171321429809e-05,520,1984,1.7117915491564782e-09,DDoS
8.663815431684735e-06,2.7790378057870325e-05,551,2158,2.6396078369540105e-10,DDoS
1.4378081394688341e-05,4.45784245456734e-05,531,1954,9.360531292613238e-10,DDoS
1.5116895399579908e-05,4.776878429177447e-05,518,1996,1.0040888564073378e-09,DDoS
5.875529695012373e-06,1.8424924235911133e-05,567,2254,1.6495711490374992e-10,DDoS
2.0492454636007067e-05,6.735601605069248e-05,479,1756,2.5018826679699637e-09,DDoS
1.9266936367206403e-05,6.0125053984780524e-05,555,2194,2.957527415865635e-09,DDoS
7.978646458608874e-05,0.0002477712126886691,520,1996,2.1573497591392806e-08,DDoS
2.3680187981129588e-05,7.207527939048921e-05,548,2092,2.382265251003344e-09,DDoS
1.4165513863614973e-05,4.127517822687797e-05,512,1852,6.490123644626484e-10,DDoS
5.193995481196495e-06,1.6368035047649244e-05,552,2182,4.937859885220289e-11,DDoS
1.334632528517542e-05,4.1459487484504285e-05,503,1894,1.115215042865392e-09,DDoS
5.762711601132995e-06,1.7662869273555238e-05,545,2080,4.404984624067757e-11,DDoS
5.703688462159142e-06,1.780213083248097e-05,550,2200,6.081893667048423e-11,DDoS
2.4200954431679254e-05,7.831848829746804e-05,504,1912,1.5987049100897373e-09,DDoS
5.721941846247424e-06,1.7387294673128632e-05,541,2056,6.026453192319385e-11,DDoS
6.3276409091531625e-06,2.113360410154574e-05,549,2176,8.250649976626824e-11,DDoS
1.7120788928789127e-05,5.511523044810971e-05,547,2128,9.665781331791704e-10,DDoS
1.3939660221459783e-05,4.437450625352696e-05,527,2044,7.724607008135056e-10,DDoS
7.0035341884973116e-06,2.1461703568275888e-05,579,2308,1.2913730547076963e-10,DDoS
7.0093931543327515e-06,2.2161392328791125e-05,544,2152,1.1617878564777138e-10,DDoS
6.988486857063067e-06,2.2575770536135738e-05,526,1972,7.940130789817693e-11,DDoS
7.159905379471982e-06,2.174794431021869e-05,550,2092,7.919040004879152e-11,DDoS
3.123889931446206e-05,9.473269738113965e-05,547,2170,7.732115660707756e-09,DDoS
0.010005350432363593,0.04001714210906592,519,2000,0.004999890839497481,DDoS
0.00015218495862682368,0.0005074113171325936,503,1900,6.087461331397192e-08,DDoS
9.29907680808569e-06,3.0799718215730596e-05,540,2146,3.2044572864410407e-10,DDoS
1.8245945200379278e-05,5.7818305547607575e-05,535,2056,7.513469025012334e-10,DDoS
6.154135332625844e-05,0.00019724741948668007,487,1804,1.985260962287713e-08,DDoS
7.611462161744041e-06,2.4991071524228074e-05,546,2176,2.0392128043009398e-10,DDoS
1.1006024497968808e-05,3.527238033803534e-05,532,2086,3.2820083272700623e-10,DDoS
1.6250385681909534e-05,5.3416422040351436e-05,486,1822,1.2006183823869243e-09,DDoS
1.3605735210046373e-05,4.455353326385186e-05,523,2044,2.465515419117455e-09,DDoS
8.34975540118332e-06,2.7596782937596227e-05,378,1520,9.294964940769204e-11,DDoS
3.0598162768990026e-05,0.00010333851618932279,294,1312,8.242803012792153e-09,DDoS
4.06153365898123e-05,0.00012114819334840193,325,1328,7.861166309102666e-09,DDoS
3.531253276946561e-05,0.00011586087688449623,322,1292,8.03684209974141e-09,DDoS
2.9750074428015232e-05,8.844519068537385e-05,323,1300,4.418230920626782e-09,DDoS
7.729679925572832e-05,0.0002552610585344945,337,1312,1.524880526180551e-08,DDoS
7.494749815425053e-05,0.0002789000246219719,338,1336,1.2946552301127326e-08,DDoS
3.0712156695189234e-05,0.00010332065047523823,320,1352,2.741053527427959e-09,DDoS
2.4018222378538594e-05,7.605246822223869e-05,334,1334,4.5762725309631495e-09,DDoS
6.275966426962844e-05,0.00020678736014928878,305,1298,1.0473875576504211e-08,DDoS
7.292400341732818e-05,0.00022819697866126784,338,1294,1.7924030584284745e-08,DDoS
2.3489201419440712e-05,7.894710850113112e-05,318,1328,2.018382877971132e-09,DDoS
7.069955637949785e-05,0.00023544507536495463,331,1306,1.1719846372062301e-08,DDoS
8.68654204081288e-06,3.0910105813312546e-05,316,1278,4.577538117295249e-10,DDoS
7.616095890313161e-05,0.000251300839266471,317,1278,1.0921501748976312e-08,DDoS
1.036387495286453e-05,3.349285170209905e-05,352,1300,1.0304436169230318e-10,DDoS
1.183407272333169e-05,4.287975838967371e-05,320,1296,3.4910236266897453e-10,DDoS
8.28647739157132e-05,0.0004207265553830756,341,1306,2.3620591941132374e-08,DDoS
8.208642466138863e-05,0.0002753577014855079,310,1334,1.4530908591389834e-08,DDoS
3.225344511422418e-05,9.965870871178189e-05,350,1358,2.8207695314281597e-09,DDoS
5.878168083381902e-06,1.8912272390719844e-05,323,1346,9.828919555124551e-11,DDoS
2.0069823312461972e-05,6.839086805046908e-05,332,1344,1.3148226232026288e-09,DDoS
4.747806648431103e-06,1.620275697482757e-05,314,1328,1.7768042740153497e-11,DDoS
2.124828106978209e-05,7.153262677071095e-05,337,1332,1.3769085555227015e-09,DDoS
1.340927007394647e-05,4.197991704152523e-05,327,1298,7.118401447969028e-10,DDoS
4.449730844104947e-05,0.00014930758442148272,321,1354,9.033915871069024e-09,DDoS
4.1568621448668735e-05,0.00012611745402984969,346,1366,7.49875505057527e-09,DDoS
6.132046037473634e-05,0.0001893502514018313,350,1314,1.9701058353718233e-08,DDoS
4.205462121814041e-05,0.00017097345485930128,326,1292,2.2859420485757016e-09,DDoS
1.290415827245844e-05,4.063769514081994e-05,317,1312,1.013091781153072e-09,DDoS
1.4142998392263615e-05,4.199562684069049e-05,345,1322,7.777681129855435e-10,DDoS
4.122347782397235e-06,1.41162500859624e-05,310,1316,1.5943384591697996e-11,DDoS
1.4575548497727355e-05,4.994417579603674e-05,323,1322,1.2043241373469744e-09,DDoS
1.4453864313615213e-05,4.376473906788897e-05,336,1274,1.963768735793845e-09,DDoS
8.477309821310729e-06,2.7416201053227414e-05,324,1320,8.107700131781605e-11,DDoS
2.4844167801861342e-05,7.870903800147048e-05,329,1300,1.7380326287522235e-09,DDoS
2.870349921171672e-05,0.00010143939030290975,310,1308,1.9361967200066624e-09,DDoS
1.3810304297983121e-05,4.798846304507489e-05,300,1260,7.62418276253906e-10,DDoS
1.580246827143666e-05,5.696208360798731e-05,313,1282,6.775217846679476e-10,DDoS
2.0994860341557036e-05,6.861941528735583e-05,326,1312,7.953041254315303e-10,DDoS
9.344327959485646e-06,2.984193117777478e-05,334,1306,1.567299462585352e-10,DDoS
1.3901271588639791e-05,4.4604717055128736e-05,330,1344,5.272324993267579e-10,DDoS
7.887945595279737e-06,2.6583765912685965e-05,324,1312,1.2450100025056303e-10,DDoS
1.0450911757652694e-05,3.460469140399569e-05,315,1328,1.5364996246677019e-10,DDoS
5.6391444726725055e-06,1.887646305004629e-05,330,1328,3.314679442685509e-11,DDoS
1.3346326136900286e-05,4.4181276366438126e-05,320,1358,2.423453039807015e-10,DDoS
2.8798677837567323e-05,9.537373878291672e-05,336,1312,3.739937040990421e-09,DDoS
6.670749294402747e-06,2.410462229434287e-05,306,1286,3.8107529596467984e-11,DDoS
6.819913094084996e-05,0.00021125157729255808,332,1296,1.4119516358410343e-08,DDoS
6.53902077199366e-06,2.3628185662347392e-05,334,1322,2.0752698934459217e-11,DDoS
2.424491184050663e-05,7.82802222485901e-05,330,1326,9.025992421498705e-10,DDoS
3.8503573599954095e-05,0.00011993369485125125,348,1300,6.419623545019316e-09,DDoS
6.66166846086875e-06,2.052751417776992e-05,329,1358,1.3353192539531863e-10,DDoS
1.4263928525123863e-05,4.742746744466e-05,321,1340,4.787683123092403e-10,DDoS
1.437808433531899e-05,4.391352603898032e-05,332,1320,1.636511534299877e-09,DDoS
1.0367436277774357e-05,3.3472651041011426e-05,325,1346,2.68487677392341e-10,DDoS
1.957031991475068e-05,6.431724272490046e-05,369,1304,1.9060907677051407e-09,DDoS
0.10384038780941854,0.33929214748293274,399,20089,0.10160129589681287,BENIGN
0.0031999636961991262,0.044985894166799885,734,110170,4.4158974332406734e-05,BENIGN
0.01687052243635731,0.2911527249304944,200,3458,5.571370736089972e-05,BENIGN
0.0190878244869519,0.3151920645591108,200,3298,1.0543869625672512e-05,BENIGN
0.017650232314818066,0.28240393939766895,200,3202,1.3353791877317898e-05,BENIGN
0.017577096854209637,0.28123374090576636,200,3202,9.795627057556355e-06,BENIGN
0.01768027345395583,0.2830629466918647,200,3202,4.3699260272169835e-06,BENIGN
0.019115019334827815,0.3105652826729807,200,3240,8.433963804335673e-06,BENIGN
0.016495864480508073,0.27151918498563954,200,3296,3.9575394579147425e-05,BENIGN
0.01102620627820829,0.18279914894766283,409,13405,7.583351884322263e-05,BENIGN
0.0036375377711618645,0.0006891585947849943,234,16340,1.9281724797454768e-05,BENIGN
0.0029642780255065572,0.0006239647329750415,473,22047,1.55686476572892e-05,BENIGN
0.003688606206718594,0.032077226923621145,1239,59584,9.64553834513429e-05,BENIGN
0.009680834070210203,0.18242418007826391,242,5092,0.0001295189353788044,BENIGN
0.0080769017903436,0.1523732868911831,232,4614,9.002888091341712e-05,BENIGN
0.004910520284768076,0.06040610737033088,602,19741,0.00011789129531842094,BENIGN
0.0214088717628625,2.2972330630941316,219,7806,0.010171681113049133,BENIGN
0.0003134939043092262,0.007272570594203804,106,2498,8.265942240443504e-07,BENIGN
0.021546670684432934,2.2969484179596082,391,182224,0.006319271872872653,BENIGN
4.7276408209187806e-06,0.005755823300370191,471,417912,1.6597321655596704e-11,BENIGN
8.310902708713532e-06,0.010349034419932561,477,296557,8.91771026176284e-10,BENIGN
5.126393600605788e-05,0.036064391480177906,437,239879,4.852518013150515e-09,BENIGN
6.684700420152493e-05,0.09552623163064913,506,477982,2.0257122524238237e-08,BENIGN
4.7416471539753724e-05,0.0691490271905075,480,339503,1.1952127100860444e-08,BENIGN
6.543522683771898e-05,0.09344831854651738,444,383067,1.1339272727306326e-08,BENIGN
2.4849113436325097e-05,0.03902469197941687,429,284212,3.4162922455867713e-09,BENIGN
2.6807018941945803e-06,5.19964512248519e-05,364,76787,5.100311460363964e-12,BENIGN
1.71648189174077e-05,0.025322880833977192,500,452739,1.0024397107089718e-09,BENIGN
6.214819040115131e-05,0.08499800972406168,390,215909,2.0498679394601886e-08,BENIGN
5.206629240310387e-06,0.005917767179323629,468,276694,5.47300091241287e-10,BENIGN
5.182486555337092e-06,0.006855788088672351,492,339473,2.97954686473779e-10,BENIGN
8.633684586277237e-06,0.010648861635847441,465,305991,5.57632064724355e-10,BENIGN
3.538034638341192e-05,0.044178728139337965,511,370823,5.943033586386079e-09,BENIGN
2.4260292594560124e-05,0.03699686485812702,480,268474,6.743959572163586e-09,BENIGN
1.5554005267729673e-05,0.01992569208958473,446,299938,1.5525921672534676e-09,BENIGN
7.641383303082613e-06,0.007722326331163395,543,409739,3.107197919555957e-10,BENIGN
3.4566398414354423e-06,0.004077170208955956,393,214576,2.78936536545448e-11,BENIGN
4.543642409210303e-06,0.0056275537088068366,483,338104,4.522428459962572e-11,BENIGN
2.1915687856888394e-06,0.0012623728151149244,458,237844,5.543631357496236e-12,BENIGN
4.1963394812288695e-05,0.048120987129176056,545,430960,4.2130278026131454e-09,BENIGN
3.8420686148602835e-05,0.04050148307828341,475,409091,1.9848568405507556e-09,BENIGN
8.784477747285037e-06,0.011761357562605507,445,318991,2.3689297497799794e-10,BENIGN
5.661094632890392e-06,0.007905279552373745,391,314842,3.5285078569372446e-11,BENIGN
3.7021177952861912e-06,0.004783440148237523,515,353866,4.234083611499832e-11,BENIGN
2.921608161316074e-06,0.002490731603832109,441,226249,2.0595904505735993e-11,BENIGN
7.018588665616007e-05,0.09890728594322196,394,233653,1.817490917875822e-08,BENIGN
2.2437504744737724e-06,0.0020047836629767802,449,278796,6.964469436514322e-12,BENIGN
1.4634498030695964e-05,0.0199552583508035,614,471639,4.8401695713874745e-09,BENIGN
6.798407353347158e-07,4.1019239778251746e-05,315,16728,4.1322039167434017e-14,BENIGN
2.603449898459896e-05,0.03841370934692073,475,366794,5.7668178378806934e-09,BENIGN
4.831209544898279e-06,0.005493106245085808,526,297272,2.2203474094912632e-10,BENIGN
2.830970118710198e-05,0.03906949204591433,457,281498,7.1674696583548705e-09,BENIGN
0.011444620217097268,0.29351012446286745,367,43653,0.00029261334747491836,BENIGN
0.182875106710266,2.5351250447561533,271,9852,0.13440793571889173,BENIGN
0.018657230591482207,0.1859472726990839,214,1380,0.011297513246094584,DDoS
5.873963078008045e-07,3.5243778468048274e-06,218,1308,7.85606979844494e-15,DDoS
9.703093635661312e-07,5.821856181396787e-06,224,1344,3.8479120022771894e-14,DDoS
3.8210674985015e-05,0.00022926404991009002,227,1362,5.118878784315764e-09,DDoS
4.373012062934213e-07,2.6238072377605277e-06,239,1434,8.67376544339684e-15,DDoS
5.911570462188535e-07,3.5469422773131208e-06,237,1422,6.178851959098312e-15,DDoS
9.114664887011725e-07,5.468798932207034e-06,233,1398,5.809202327843654e-14,DDoS
1.1489972584652308e-05,6.893983550791386e-05,224,1344,5.066993247617376e-10,DDoS
0.001542213041566384,0.004637881723052886,212,1260,0.00011833169801734496,DDoS
5.378153708567663e-07,3.226892225140598e-06,223,1338,6.245827818597375e-15,DDoS
7.246897281386779e-07,4.348138368832066e-06,224,1344,1.257592915329113e-14,DDoS
1.387284435864178e-06,8.323706615185067e-06,224,1344,2.3296517686540094e-13,DDoS
3.712279920991791e-05,0.00022273679525950746,225,1350,7.014874068845214e-09,DDoS
5.571494596838163e-07,3.3428967581028977e-06,222,1332,1.1957212713919812e-14,DDoS
7.745306662267169e-07,4.647183997360301e-06,227,1362,2.080322678058916e-14,DDoS
1.5011881266508839e-06,9.007128759905302e-06,227,1362,2.510375916256905e-13,DDoS
1.8734159798819848e-05,0.00011240495879291906,224,1344,2.446010368713767e-09,DDoS
4.693495916027544e-07,2.8160975496165264e-06,222,1332,6.341542761869445e-15,DDoS
6.520300624623416e-07,3.91218037477405e-06,225,1350,1.1078110652557094e-14,DDoS
9.337588725051579e-07,5.602553235030948e-06,219,1314,5.901100840902692e-14,DDoS
1.0046722052067168e-05,6.0280332312403e-05,235,1410,1.1726437693703894e-10,DDoS
4.146617649188574e-07,2.449208272168539e-06,300,1620,2.131741397583097e-14,DDoS
4.642722275842067e-06,1.5157575329933926e-05,544,2152,2.786308073503526e-11,DDoS
7.760427991853933e-06,2.5863906109977434e-05,510,1984,7.399931531461547e-11,DDoS
6.235009783927753e-06,2.029581287451388e-05,548,2164,5.6898661940075717e-11,DDoS
7.589690180579756e-06,2.4889266477351658e-05,512,1972,5.528961616019302e-11,DDoS
1.0521320080082737e-05,3.2682542908415994e-05,537,2050,2.735921692601775e-10,DDoS
1.2297857112432054e-05,3.8166122812863564e-05,501,1822,2.651915101597478e-10,DDoS
6.569678135950617e-06,2.1368729804375636e-05,535,2062,8.85235614916313e-11,DDoS
5.156909144733592e-06,1.733324796077539e-05,539,2134,4.675463036510099e-11,DDoS
3.8676374789271355e-05,0.00012410837934352924,503,1870,1.9904863430553678e-08,DDoS
3.235506688960607e-06,1.050581098882879e-05,568,2272,1.9702641421859576e-11,DDoS
7.153898375016982e-05,0.0002461970887435536,527,2074,1.6784394594635754e-08,DDoS
3.10108711635816e-05,9.13116176407359e-05,560,2176,1.1168862309837144e-08,DDoS
2.4030131222086293e-05,7.309519410207682e-05,518,1954,4.098038989043143e-09,DDoS
7.661212366594013e-06,2.3666937941056627e-05,533,2044,9.10456812876993e-11,DDoS
2.604903338367181e-05,8.146738649681129e-05,517,2032,2.946700778501124e-09,DDoS
8.47515887313437e-06,2.7401387728858627e-05,504,1936,1.181385209213348e-10,DDoS
7.844919844132082e-06,2.5696420681436388e-05,533,2092,1.4735834227380729e-10,DDoS
4.946037230407686e-05,0.00015695437797573242,571,2200,8.55138635154667e-09,DDoS
3.4405289022496002e-06,1.1174943907707059e-05,545,2158,3.523853501256124e-11,DDoS
4.579331590894826e-06,1.544694594465798e-05,564,2266,6.081715585202619e-11,DDoS
8.737320252923467e-06,2.738193535827581e-05,553,2140,2.1729478145737972e-10,DDoS
3.910056581278588e-05,0.00012248218532057967,495,1804,7.526383886612316e-09,DDoS
7.334792107907045e-06,2.276946256419452e-05,519,1906,4.287617137764542e-11,DDoS
1.744134992148918e-05,5.608455342695369e-05,547,2140,2.6922007881947613e-09,DDoS
6.2623526555349405e-06,2.0139638110882193e-05,511,1972,3.458053547326321e-11,DDoS
6.361933591692357e-06,2.0241397201398533e-05,539,2098,4.7659749057813e-11,DDoS
1.256541417095177e-05,4.3774687139189296e-05,518,1942,1.1160881668222191e-09,DDoS
5.513373137949784e-05,0.0001740437410871924,514,1894,1.5337318037672785e-08,DDoS
2.6690765204278546e-05,7.99319712038691e-05,544,2086,6.411161077302181e-09,DDoS
8.57960276280832e-06,2.7757265269516184e-05,514,1966,9.640418310843932e-11,DDoS
6.508955991395347e-05,0.00022247234611460858,500,1930,1.4939377142340767e-08,DDoS
1.6538471356961322e-05,5.019092720937217e-05,493,1858,1.5184280911331647e-09,DDoS
1.5515777778118454e-05,4.528245592234954e-05,548,2164,1.8712197804150506e-09,DDoS
2.3621785331755243e-05,6.824904812907004e-05,546,2122,3.032659429708273e-09,DDoS
4.7481117420622e-06,1.547582155728437e-05,514,2062,3.710364183563217e-11,DDoS
9.979947175174803e-05,0.0003166121041279391,523,2020,2.04026676317945e-08,DDoS
1.1550147757435494e-05,3.758966463887482e-05,537,2062,8.586506022647374e-10,DDoS
2.6642001364411707e-05,9.019052167106855e-05,582,2332,3.4892907521615572e-09,DDoS
5.454402188922329e-05,0.00017259259106000978,510,1960,5.30047116511329e-09,DDoS
4.57840741661922e-05,0.0001507597729765881,498,1870,3.597927885838008e-09,DDoS
0.00011157000877614842,0.0003643975002036002,508,1918,1.70045788994182e-08,DDoS
6.94770161415433e-05,0.00022294404124793905,493,1840,1.115512565015462e-08,DDoS
2.570280227367592e-05,7.970595816762103e-05,545,2098,7.894673295069275e-09,DDoS
7.10581670714169e-05,0.0002265526417644728,526,1972,1.1162836983105466e-08,DDoS
3.549094131160129e-05,0.00012083767278409594,521,2014,4.010403298686062e-09,DDoS
1.9907872382719565e-05,6.474549433849287e-05,547,2104,5.243224838815127e-10,DDoS
0.036088040898339974,0.1500539838138292,470,1784,0.020621565027759057,DDoS
8.300721430817817e-06,2.6935402557777394e-05,362,1468,1.9814831196162204e-10,DDoS
6.457056944417767e-06,2.4191295102823335e-05,321,1294,1.356133916452629e-11,DDoS
1.2502388998405536e-05,4.653830355755886e-05,331,1320,8.012916333505264e-11,DDoS
9.862189305597754e-06,3.2382542394721275e-05,339,1324,6.202229195228058e-11,DDoS
9.871291526677298e-06,3.090456334175545e-05,351,1318,7.314277473552963e-11,DDoS
7.895084685575269e-06,2.5262701507316967e-05,335,1330,8.654040473967764e-11,DDoS
6.591726919076303e-06,2.1792408793810388e-05,332,1332,4.122373081053704e-11,DDoS
5.264275502093923e-06,1.787201140533998e-05,317,1324,2.2312675485901484e-11,DDoS
1.3120417533500846e-05,4.213590820346739e-05,352,1322,1.9968154189010174e-10,DDoS
4.120171509964606e-05,0.00013479566174518485,342,1332,8.00780877123227e-09,DDoS
3.9382024850405855e-05,0.00012927936056665536,321,1340,7.79169473016498e-09,DDoS
2.85174198421603e-05,9.703004697946384e-05,343,1298,6.537799596912953e-09,DDoS
7.1288761763007835e-06,3.0972650249817046e-05,303,1298,1.6504897050307148e-11,DDoS
6.569390285075928e-05,0.000258089190887399,334,1306,7.216980418704182e-09,DDoS
5.873203242828525e-05,0.00020167578907949866,339,1320,8.134442036857221e-09,DDoS
1.6620469289659457e-05,5.473161430954426e-05,338,1340,9.380681500331165e-10,DDoS
1.2309424114921351e-05,4.150990412411743e-05,346,1290,1.8909151521849898e-10,DDoS
1.3568055368678278e-05,4.3726243135699184e-05,338,1318,6.778477940648539e-10,DDoS
2.2517109395645403e-05,7.333023707628522e-05,327,1300,2.0799410758274967e-09,DDoS
9.695448999518197e-06,3.109824331801894e-05,335,1328,6.829598485608554e-10,DDoS
0.0001144210937621103,0.00038513164013904635,305,1318,2.2115736858110427e-08,DDoS
6.145382120403467e-06,2.1416123546786015e-05,338,1336,3.817616690933865e-11,DDoS
0.0029079433992208444,0.011599584303297043,312,1300,0.0004078748890310111,DDoS
1.261787692309017e-05,5.293114766202374e-05,315,1290,6.68199733434432e-10,DDoS
8.561901332563722e-05,0.00033682972415373586,338,1298,8.513749177552276e-09,DDoS
3.0241204907980883e-05,9.71153010508273e-05,332,1326,6.522839979744304e-09,DDoS
1.1291847833010706e-05,3.837726127571633e-05,338,1360,6.97603944250265e-10,DDoS
7.128702598488272e-06,2.413037664932665e-05,338,1338,2.61177136815139e-11,DDoS
5.8329857254401375e-06,1.9244131967649672e-05,323,1336,3.4152470416184006e-11,DDoS
2.536813554256425e-05,8.141920140984547e-05,323,1322,5.371271927074627e-09,DDoS
6.066618112087951e-06,2.0109649293556888e-05,326,1304,2.780263805511095e-11,DDoS
3.781012568423219e-05,0.00011502760497034243,353,1338,9.836767491970157e-09,DDoS
2.8394593158316287e-05,9.911989094175856e-05,333,1326,6.391419379695409e-09,DDoS
2.5659616291834656e-05,8.431598028908784e-05,339,1320,3.0181417938104145e-09,DDoS
2.4200479433962283e-05,0.0001319428192869158,323,1322,1.1982964090413287e-09,DDoS
0.00016282108836565803,0.0006237560703044661,331,1318,3.387456522653061e-08,DDoS
3.675063671889283e-05,0.0001137334707581616,333,1326,5.297747878226563e-09,DDoS
4.497166875127189e-06,1.4743080946212123e-05,317,1332,2.6594288822175513e-11,DDoS
2.2068790626428458e-05,7.543880650691109e-05,333,1322,2.328565116456912e-09,DDoS
6.415115187104445e-06,2.169068800788658e-05,324,1338,4.038407889101314e-11,DDoS
5.969105186099123e-06,2.0263786066453972e-05,326,1330,3.439453365207147e-11,DDoS
2.1943873787378796e-05,6.943234631658962e-05,329,1312,2.324597291486861e-09,DDoS
0.00015341838173723118,0.0004941667779843087,338,1356,6.140566854572207e-08,DDoS
1.394071576899526e-05,4.699522954287324e-05,334,1324,7.1478052168468e-10,DDoS
5.605942984722206e-05,0.0001856150918123371,333,1298,7.457007669793544e-09,DDoS
4.9335522860024063e-05,0.00016056981698251083,350,1314,5.7451770901267264e-09,DDoS
7.083293294671885e-05,0.0003060892941670018,346,1310,4.627925309053593e-09,DDoS
0.00013486004200937546,0.0004167745127431834,340,1302,2.4916283355494656e-08,DDoS
1.3497054436457578e-05,4.4905468261961735e-05,321,1308,1.1322775303767176e-09,DDoS
6.0473467416234355e-05,0.0002021283053953381,308,1286,6.880828295324445e-09,DDoS
0.0014390531183925972,0.006464473540638298,308,1278,0.00010201101175109448,DDoS
5.1966829851096745e-05,0.00017584654746191243,319,1334,6.307274643761177e-09,DDoS
5.566295220354285e-05,0.000178047885284826,337,1300,6.625198585675446e-09,DDoS
3.6829738571787106e-05,0.0001266044564476286,312,1300,3.8056794002914396e-09,DDoS
1.242334084012474e-05,4.286790077349171e-05,313,1322,5.751263881697319e-10,DDoS
1.9095097444631912e-05,6.373680387753682e-05,318,1334,4.1480941437835647e-10,DDoS
0.13680908319076202,0.6984720771419808,232,1034,0.05802220943853161,BENIGN
0.10564000271290735,6.842821736598942,498,40991,0.06255362428578637,BENIGN
0.09197987380572815,15.664024202192579,653,113085,0.10256871888754945,BENIGN
5.4184807271750994e-06,0.0065335350799478374,469,356574,4.425315379922479e-11,BENIGN
6.277535076343937e-06,0.004341226072636865,461,234457,1.085032725656237e-10,BENIGN
9.227512836063784e-07,0.00032530752589881814,386,97239,1.4689963905797623e-12,BENIGN
2.7544452793822764e-06,0.0031246193231119247,500,338170,1.937794667031871e-11,BENIGN
5.505529088156599e-06,0.007022554163717055,518,404371,7.825396090393771e-11,BENIGN
5.138398249785355e-05,0.07355097281575733,373,230254,2.520593890901976e-08,BENIGN
1.4408136389419461e-06,0.0011874939018853233,503,281564,3.884765119141468e-12,BENIGN
2.671090717947303e-05,0.03576615595062277,453,284236,4.431234681860206e-09,BENIGN
1.889934551938836e-05,0.026911645132280827,542,580344,1.6824739757357127e-09,BENIGN
6.696207946811243e-06,2.0907636168368637e-05,349,37847,9.194829794294845e-11,BENIGN
3.4130841263414866e-06,0.004650389792661366,562,420728,3.0462539438239955e-11,BENIGN
7.781853768505228e-06,0.010615332212006993,340,197511,1.0592562497423399e-10,BENIGN
1.5737180431883987e-06,0.0013635410815526442,502,268504,1.53258433809145e-11,BENIGN
9.054695488944286e-06,0.012499556159241943,454,394704,1.2796235366695772e-10,BENIGN
1.8040183035769974e-06,9.83562533235708e-05,414,144339,2.4656658946487917e-12,BENIGN
0.00012765341248859678,0.15051571692288718,480,355175,3.4504799356725314e-08,BENIGN
6.008764621080273e-05,0.07157654897112081,366,286241,5.337554255831857e-09,BENIGN
3.7157231520454626e-05,0.049423103810735336,499,338854,7.567771209690904e-09,BENIGN
3.299071478383117e-06,0.001587593539454783,459,228981,3.7979321249038004e-11,BENIGN
1.0557851624133368e-05,0.014767027812443545,419,362669,9.549429333337612e-10,BENIGN
2.2895392035820364e-06,0.0023310801596475588,468,262427,1.5925669683545547e-11,BENIGN
2.290282305274507e-06,0.001415087198222511,495,267159,8.48986282631122e-12,BENIGN
8.660563746720726e-06,0.00794781770626389,454,278748,9.783232056677307e-10,BENIGN
2.4612682687100005e-06,0.002378325603927803,444,233677,1.4439414768831808e-11,BENIGN
3.4983664504555948e-06,0.0038022149130963363,452,291724,1.602463728622785e-11,BENIGN
2.22499661435042e-05,0.03401322386978241,618,488857,5.526578793096735e-09,BENIGN
5.159373438818583e-07,5.9462999399927874e-05,458,181250,1.4208840301573604e-13,BENIGN
9.189520781791782e-06,0.012993536542650898,472,406299,8.228668867966079e-10,BENIGN
6.484363874564636e-06,0.008702311545002086,439,313587,1.540207848005339e-10,BENIGN
7.645387046359852e-06,0.009118230807155726,405,249427,1.915580506906919e-10,BENIGN
3.658312369109012e-05,0.004177211149218554,505,316307,2.341310448003285e-09,BENIGN
5.557174187697659e-06,0.007760628806448877,436,302687,3.054565864604087e-10,BENIGN
9.886708004685405e-06,0.014856310542772914,423,362008,9.571720618434371e-10,BENIGN
6.8270898728032624e-06,0.007594120165841869,411,238516,4.5558804623912064e-10,BENIGN
5.063951762982137e-07,9.633005357289446e-05,506,263153,1.248950353116233e-13,BENIGN
1.740949720226281e-05,0.02592409915198881,564,385895,4.548304893947896e-09,BENIGN
1.0093464556439352e-05,0.013714568645915517,483,307402,7.639422834572085e-10,BENIGN
3.848583825298927e-05,0.05466846202326534,356,232260,6.6321137671270626e-09,BENIGN
6.799947292920338e-06,9.338329585161622e-05,541,301307,1.5024752911956106e-10,BENIGN
1.4165600658742673e-05,0.01624929096976329,504,376371,9.18400516706912e-10,BENIGN
0.03236127998873085,0.27690853606075455,322,20145,0.010966779772209131,BENIGN
0.026416765908989462,0.33243715407162633,305,10490,0.0027675047541194076,BENIGN
0.0924290850730055,0.39438675923984823,120,769,0.030670548001886705,BENIGN
0.01627627188070366,0.42166404154063225,221,1410,0.011266127499765142,DDoS
1.0207629628342893e-06,6.124577777005735e-06,219,1314,7.257817254772687e-14,DDoS
1.4964947062296619e-05,8.97896823737797e-05,230,1380,5.56655561115411e-10,DDoS
7.816765041019497e-06,4.6900590246117e-05,217,1302,5.009191153897069e-10,DDoS
6.432001105878182e-07,3.859200663526909e-06,229,1374,9.838879065382431e-15,DDoS
8.58944556566059e-07,5.1536673393963535e-06,217,1302,3.0792651012954525e-14,DDoS
1.9589117563575007e-06,1.1753470538145002e-05,226,1356,4.487051811025053e-13,DDoS
1.6772217138317805e-05,0.0001006333028299068,232,1392,1.3138923342452472e-09,DDoS
5.249904590834783e-07,3.149942754500871e-06,222,1332,8.073571090573102e-15,DDoS
7.094998628801145e-07,4.256999177280687e-06,220,1320,1.4591655999595405e-14,DDoS
1.3580100857696656e-06,8.148060514617996e-06,218,1308,2.506410133358637e-13,DDoS
1.7849261978038443e-06,1.070955718682307e-05,221,1326,2.0247400170470794e-12,DDoS
4.657757796321021e-07,2.794654677792613e-06,230,1380,5.665512151124032e-15,DDoS
6.248985848608158e-07,3.7493915091648945e-06,225,1350,1.2132312734399859e-14,DDoS
8.669472645580711e-07,5.201683587348425e-06,221,1326,3.121967127948964e-14,DDoS
1.929581353980563e-06,1.1577488123883379e-05,224,1344,5.813243235337624e-13,DDoS
4.33073071063797e-05,0.0002598438426382782,226,1356,5.1242309919635236e-09,DDoS
4.838789700574029e-07,2.903273820344417e-06,220,1320,5.2812431934039624e-15,DDoS
7.346443574972895e-07,4.407866144983737e-06,229,1374,1.7676830646021725e-14,DDoS
1.4388068948200013e-06,8.632841368920006e-06,233,1398,2.1089123939657202e-13,DDoS
4.4681800746887794e-06,2.6809080448132673e-05,229,1374,2.907072618124256e-11,DDoS
3.707119807123222e-07,2.224271884273933e-06,216,1296,1.540258340003625e-15,DDoS
0.000933939550968865,0.0037285265319840816,429,1910,4.258377216015047e-05,DDoS
1.4471272268927458e-05,4.722394647115809e-05,527,1996,2.866455848853017e-10,DDoS
4.910574030421216e-05,0.0001539693559351852,526,2026,7.596953998388856e-09,DDoS
2.8778138886157998e-05,9.327399355347268e-05,518,2026,4.21905187864856e-09,DDoS
1.2308226586962143e-05,4.1183923576286055e-05,550,2170,1.86097496791485e-09,DDoS
4.339274751569761e-05,0.00014722583186807704,520,2056,5.287484189551629e-09,DDoS
6.156237781705685e-05,0.00019917470221687012,556,2212,1.2156278579275249e-08,DDoS
3.521475076924202e-05,0.00011372503509009377,544,2116,1.31001601067901e-08,DDoS
0.00011445638048507604,0.00035937965868715295,515,1978,2.9354939646935873e-08,DDoS
0.00010631281738423734,0.00034342009015305195,532,2026,2.5790569463651936e-08,DDoS
3.4773282142257054e-05,0.00011129036484380263,524,1978,3.6156902475645384e-09,DDoS
4.555154405839288e-05,0.00014264018246645392,556,2194,3.867761599205012e-09,DDoS
3.452303415615197e-05,0.00010829087465445888,484,1774,2.374370434088724e-09,DDoS
4.148476182219358e-06,1.3265572723635931e-05,532,2044,2.0103307289608443e-11,DDoS
1.9606039594366267e-05,6.419944899260242e-05,532,2056,1.5319816284730682e-09,DDoS
0.00017070335421925408,0.0005472743912514967,500,1846,7.33884921584951e-08,DDoS
3.520869982829024e-05,0.00011193736325605715,570,2242,6.7950625752284535e-09,DDoS
5.801180305318703e-05,0.00018559976624969965,534,2092,3.029799638796459e-08,DDoS
0.00012388975107130085,0.00040739891760464256,489,1870,4.068397919269974e-08,DDoS
2.851914677607811e-05,9.246184582603711e-05,530,2038,4.76129895276413e-09,DDoS
4.5155608074201327e-05,0.00015182305679349326,516,2050,1.18634381593418e-08,DDoS
4.2465503758573356e-05,0.00013153497879388542,525,1990,5.147826980082006e-09,DDoS
2.6279790021168876e-05,8.799536779417081e-05,563,2206,5.243516108597627e-09,DDoS
3.48408866348825e-05,0.00011219231513101507,524,1990,7.78202365154914e-09,DDoS
1.9836079384355488e-05,6.756939316957692e-05,543,2116,1.112704912732353e-09,DDoS
8.55056357262705e-06,2.6938432090553636e-05,505,1924,2.458940020861386e-10,DDoS
5.993483974706979e-06,1.9906503815840486e-05,520,2026,4.5250215866392864e-11,DDoS
1.630595189594999e-05,5.461778764131116e-05,552,2152,9.265294971479961e-10,DDoS
7.977134358325276e-06,2.6367934484309948e-05,524,2002,2.5168651560659276e-10,DDoS
3.7485201788782946e-05,0.00012095544097845507,533,2032,4.400989450069381e-09,DDoS
0.0006573599583306622,0.0026244285337414797,555,2168,2.1259688689227426e-05,DDoS
8.976176153356059e-06,2.896884859446394e-05,534,1972,8.503823776554852e-11,DDoS
4.483406240082871e-06,1.4393827432886098e-05,553,2212,3.563381643087484e-11,DDoS
7.482845288564567e-06,2.261636147237215e-05,537,1984,9.703865704205843e-11,DDoS
1.4958520014552001e-05,4.876908883334678e-05,560,2200,7.336919655642687e-10,DDoS
3.078382401197438e-05,9.871488140092114e-05,506,1864,5.006294123186732e-09,DDoS
5.47413546138039e-06,1.78011701345191e-05,539,2104,4.245802540370617e-11,DDoS
2.3706532921591483e-05,7.30424272773913e-05,523,1960,3.928824402216854e-09,DDoS
1.0682623939395296e-05,3.298976692557832e-05,508,1906,2.149335796588211e-10,DDoS
5.349233065199634e-05,0.000172600385021785,552,2122,8.810068651908508e-09,DDoS
1.3192608523550583e-05,4.219310839162459e-05,509,1906,3.2034253997272485e-10,DDoS
5.642599583931355e-05,0.00017378585144386355,525,2020,9.801468579229875e-09,DDoS
6.513258853768244e-05,0.00020296343854216023,531,2026,1.2458242098261204e-08,DDoS
9.174542231405566e-06,2.9444689150017524e-05,511,1930,1.974093009461396e-10,DDoS
8.697815130656606e-05,0.0002620783388903102,533,1972,1.3266805350575814e-08,DDoS
6.620915914772782e-06,2.0756985265022444e-05,515,1936,7.279347162622682e-11,DDoS
1.691746349959546e-05,5.778266233477209e-05,534,2068,1.125815458805507e-09,DDoS
3.315482729731334e-05,0.00010715459155878389,533,2050,2.752697971439344e-09,DDoS
6.626350641528683e-06,2.1586464346793234e-05,487,1824,3.4495542797368954e-11,DDoS
2.3281565435316688e-05,8.162944618798867e-05,305,1338,5.704983852039071e-10,DDoS
3.0310945377811865e-05,9.96029550285873e-05,344,1318,2.6531107692252325e-09,DDoS
5.1917182978923664e-05,0.0001663031905885805,341,1310,7.739861503555928e-09,DDoS
4.015687220017459e-05,0.0001282678773615202,328,1282,4.661184942655799e-09,DDoS
4.544973915760399e-06,1.502909268282313e-05,329,1322,1.5286028052440237e-11,DDoS
4.978968608334219e-05,0.0001653633760444408,327,1308,4.872234092182861e-09,DDoS
1.5384497200422866e-05,4.643003717522043e-05,329,1300,1.3747219815103868e-09,DDoS
0.0001200131306407475,0.0003907986375089066,323,1322,2.3015091473266018e-08,DDoS
3.1867917869931175e-05,9.644624864457206e-05,338,1306,5.643925125044774e-09,DDoS
6.912763991832263e-05,0.00022197583476672508,309,1292,1.867346369769578e-08,DDoS
6.787321527402605e-05,0.0002209808660850458,334,1284,1.1052405395141578e-08,DDoS
4.09121083186013e-05,0.00015901535060653123,334,1314,8.252387722116908e-09,DDoS
6.350140155309083e-05,0.00019546806136690623,338,1312,5.335158946431967e-09,DDoS
4.804933387411028e-06,1.5966653115123394e-05,323,1304,1.8471601782406956e-11,DDoS
4.5961260631581844e-05,0.00014383561286763428,338,1316,4.845744737434426e-09,DDoS
2.2719233691072577e-05,7.846562937311934e-05,326,1316,1.0271090674419704e-09,DDoS
2.5958309789925728e-05,7.981457453160182e-05,330,1330,4.376106651482392e-09,DDoS
7.270270694347702e-05,0.0002246585699839959,337,1314,1.0054751007031872e-08,DDoS
8.627129460614523e-05,0.0002861488446552883,324,1320,3.853109917097434e-08,DDoS
0.00012744520022094734,0.00040343818014192524,336,1288,3.6328707651197285e-08,DDoS
5.363393978806963e-06,2.0667616913625297e-05,328,1330,9.116770993896692e-12,DDoS
0.0001321018195335561,0.0004610931064475868,335,1324,3.460212982586234e-08,DDoS
8.870198183593471e-06,2.7928325135068863e-05,359,1318,5.030093392369335e-11,DDoS
7.882747451917601e-05,0.0002480410994591346,320,1306,1.2415891005350628e-08,DDoS
3.012721896288707e-05,9.903064809118106e-05,321,1280,4.289506860580099e-09,DDoS
4.866651647170312e-05,0.00016414971104200128,324,1330,8.584333136612663e-09,DDoS
4.209356987425668e-05,0.00014144477778587876,336,1302,6.986015829994798e-09,DDoS
1.3290300673076951e-05,4.385465355200603e-05,349,1324,2.19758225471483e-10,DDoS
1.0255813492338214e-05,3.403628764424564e-05,323,1344,2.855001417647283e-10,DDoS
7.106464462570721e-06,2.48580744916467e-05,316,1330,6.423529892870231e-11,DDoS
2.175783495557953e-05,6.736006643925345e-05,323,1344,1.756123368520894e-09,DDoS
0.0025136906116862345,0.011296195600525676,350,1286,0.0003124302790842589,DDoS
1.959431981022798e-05,9.174312168058533e-05,332,1330,3.3952706498977095e-10,DDoS
2.1929139304184297e-05,7.336393316960147e-05,313,1358,1.302667178036744e-09,DDoS
1.4901326095283067e-05,4.9402511349359413e-05,345,1354,1.5589359279896796e-10,DDoS
5.469381916950477e-06,1.841530433708248e-05,319,1332,3.208782294146521e-11,DDoS
7.879905103382698e-06,2.531908070888573e-05,332,1328,8.413648717129935e-11,DDoS
9.111751063156651e-06,3.0270334000654675e-05,328,1320,7.904076449788737e-11,DDoS
8.898043266705397e-06,2.9398183911528227e-05,340,1332,1.0506186757941523e-10,DDoS
7.88875449852247e-05,0.0002557327783175236,324,1336,2.962668465833074e-08,DDoS
1.2403116043533824e-05,4.0862023219434286e-05,344,1324,4.3852490152742805e-10,DDoS
1.1038477988031419e-05,3.707681971410757e-05,329,1330,2.655846183748158e-10,DDoS
9.200371730328024e-06,3.289327494877321e-05,315,1282,8.092750459255607e-11,DDoS
2.361519792350382e-05,0.00012152493599089239,336,1336,1.3918323453689963e-09,DDoS
5.824898113756243e-05,0.00018673461911822972,363,1320,6.859162101205264e-09,DDoS
4.550478537832821e-05,0.00014313786016566121,331,1330,7.591946561560772e-09,DDoS
4.311006854753165e-05,0.00013680363046029992,346,1332,6.181115828687484e-09,DDoS
4.020761490134428e-06,1.3693703177006088e-05,319,1352,1.967801109832087e-11,DDoS
3.7104011022453454e-05,0.00011659336196807734,325,1310,4.260008712336537e-09,DDoS
5.573284849883563e-06,1.8344027310703486e-05,318,1300,7.936479812237486e-11,DDoS
7.03272046310589e-05,0.00022088359946448067,344,1318,7.141205717810366e-09,DDoS
5.7357675418935885e-06,1.9379748272761433e-05,328,1334,5.130345712548981e-11,DDoS
1.3046677676434505e-05,4.323869274033318e-05,324,1320,1.6732747157049096e-10,DDoS
1.3001515347475785e-05,4.459029019130485e-05,313,1298,6.338267608916116e-10,DDoS
1.605621805208977e-05,5.353501814335219e-05,365,1318,4.629529704817308e-10,DDoS
0.17934272478679505,1.4024630108063763,370,21940,0.18123370144577866,BENIGN
0.003180799178378832,0.044934858284350086,739,111863,4.401647338481427e-05,BENIGN
0.013994239677901293,0.23289462193706442,204,3416,7.070737829332863e-05,BENIGN
0.017942815472271775,0.2893053658444633,200,3226,6.91961331282644e-06,BENIGN
0.017791975985595437,0.2891041543996912,200,3244,9.07052049482946e-06,BENIGN
0.017933555609636574,0.2910479199468988,204,3308,1.7144150964542632e-05,BENIGN
0.018028750525069887,0.2899687552523348,200,3216,8.311941861880164e-06,BENIGN
0.019627620009286823,0.319622183330329,200,3248,1.422997238091053e-05,BENIGN
0.017368725538890187,0.28634718284864147,200,3346,3.2317171774935654e-05,BENIGN
0.018336154928105818,0.2984161323434454,200,3260,1.5952157607457778e-05,BENIGN
0.01126524879439179,0.17709269946819967,254,12920,7.0804494883313e-05,BENIGN
0.00405121732070684,0.0007167190137444784,228,16030,2.044692997501145e-05,BENIGN
0.024295535502263668,20.742698815616095,362,35021,0.019882697434227686,BENIGN
0.002612357938096856,0.01610180386246708,1850,85698,6.46418438978456e-05,BENIGN
0.010305625643914816,0.19791984843647728,254,5779,0.00010794646454771753,BENIGN
0.011710445995297135,0.22806745957645858,238,5282,0.0001136654591812202,BENIGN
0.011626435208146255,0.2462785934559288,242,5270,0.00011431639302143191,BENIGN
0.010789756095752601,0.2154400298586742,250,5364,0.00011403796788009944,BENIGN
0.0031742514765593687,0.04480337796715502,2296,66370,6.32857690526656e-05,BENIGN
0.0008803512306776165,0.011192235005906217,838,39131,9.313286179425132e-06,BENIGN
0.013507998437051772,0.5741506543788055,486,19360,0.0064452601694957225,BENIGN
0.00044784887636828516,0.01301217231527555,122,3256,1.5549583667054447e-06,BENIGN
0.0001584557802371206,0.011217696636557938,163,83635,7.088281226645673e-07,BENIGN
1.3520086713150169e-05,0.016683886065658876,497,317640,1.1829559421191103e-09,BENIGN
5.367518599804231e-07,6.060650804426093e-05,431,184702,1.3711840264695467e-13,BENIGN
2.0255132541356276e-05,0.029082701839317403,487,354987,2.146038945831877e-09,BENIGN
6.942942889998045e-06,0.009979843043983395,426,369508,3.8315731841088766e-10,BENIGN
2.2679588624567614e-06,0.001668965096181704,452,246252,6.563669918199566e-12,BENIGN
3.389335753443766e-05,0.039862439345695444,432,329229,4.223561646918767e-09,BENIGN
7.316875911575258e-06,0.0037939311582349754,474,375627,4.478329109550551e-10,BENIGN
2.7048131913778843e-06,0.0029488411099014523,463,303337,1.106275851371773e-11,BENIGN
1.9783832350638013e-06,4.043404641232185e-05,448,185922,5.366204391215686e-12,BENIGN
1.1967110718543587e-05,0.017657451427463226,445,323104,1.9913204916249397e-09,BENIGN
2.2236577847262327e-06,0.0024424140764829644,499,319741,1.4331372634538487e-11,BENIGN
1.5137111652346175e-05,0.02160931795633431,500,355193,1.230408052281367e-09,BENIGN
2.8712831890487362e-05,0.036887256594982494,519,368169,6.268856358503063e-09,BENIGN
3.497763102264228e-05,0.019832449281523015,376,283551,4.27854665037792e-09,BENIGN
2.2362440622810228e-05,0.03012865704330999,484,294450,6.844598566787263e-09,BENIGN
2.7433999014704237e-06,0.001491583699970757,473,272671,6.543084145447446e-12,BENIGN
5.297906585508731e-06,0.006203235671326955,546,431668,4.794892590015357e-11,BENIGN
3.072144595222899e-05,0.04065048008994131,402,232943,7.571825984681264e-09,BENIGN
1.3571154179171135e-06,0.0009134201695129862,442,260373,1.721603190596066e-12,BENIGN
3.465108437441292e-05,0.04850443706964452,431,286580,5.250970072438377e-09,BENIGN
3.6993165506316854e-06,0.003167410581301604,413,229671,3.937672989625846e-11,BENIGN
8.777844804536582e-06,0.009553630026705687,543,386639,9.515585144750994e-10,BENIGN
7.663512273576548e-06,0.010124584569644202,406,258968,3.877993410134404e-10,BENIGN
4.009748595796658e-05,0.052446572560587226,442,343544,3.506959340368851e-09,BENIGN
1.745906545949135e-05,0.0028225287201375225,493,301331,1.233267658168677e-09,BENIGN
1.977884830097916e-06,0.002026340994349299,488,235064,2.7419728660202863e-11,BENIGN
6.9197105451307425e-06,0.00877298836389817,387,246647,7.320491861298737e-11,BENIGN
6.182755559491294e-06,0.006585782866180767,429,232260,7.284815467320289e-11,BENIGN
2.391490017876364e-06,0.0027761050812914177,406,209808,1.5950540402423435e-11,BENIGN
3.780144528477852e-06,0.0041585203339315055,538,336819,5.349585799952361e-11,BENIGN
8.572571850619197e-06,0.011645281409564398,485,268540,9.80611383505028e-10,BENIGN
3.891594697630355e-05,0.052593232657210824,511,356550,7.819232132574007e-09,BENIGN
7.369274630911624e-06,0.010862013359383057,460,261010,1.1915833548228701e-09,BENIGN
8.777880115738351e-06,0.012459508636508852,463,297194,2.4737766850600153e-10,BENIGN
3.1476177724812966e-06,0.0031433151201583002,505,310182,4.404648455996926e-11,BENIGN
8.017164359733358e-06,0.0002640097725097215,378,112316,6.576935352022713e-11,BENIGN
3.7115235128441595e-06,0.004863481926998955,552,431620,5.004521026753992e-11,BENIGN
0.016929192151684622,0.8547513849047468,412,105755,0.008947617013106961,BENIGN
0.12261892294298728,1.811566696228603,208,4113,0.07610143717054102,BENIGN
0.1766457765150284,2.8212922085249836,293,5502,0.13022569344895224,BENIGN
6.186136534763942e-07,3.711681920858365e-06,222,1332,1.1997317008166436e-14,DDoS
1.46725548234933e-06,8.80353289409598e-06,232,1392,3.2136895368808445e-13,DDoS
0.010008911143422894,0.030053466860537368,219,1308,0.004999818933877531,DDoS
4.311228103262575e-07,2.586736861957545e-06,231,1386,3.518722030886766e-15,DDoS
5.25625271591597e-07,3.1537516295495825e-06,223,1338,4.5644017537151454e-15,DDoS
7.609451337051244e-07,4.565670802230747e-06,222,1332,3.497595054832989e-14,DDoS
1.8104828678795235e-06,1.086289720727714e-05,231,1386,3.9018140885993064e-13,DDoS
4.499949409794674e-05,0.00026999696458768045,229,1374,1.2215012259024777e-08,DDoS
4.838261687692058e-07,2.9029570126152355e-06,226,1356,5.229194548999823e-15,DDoS
5.89387962281731e-07,3.5363277736903854e-06,223,1338,6.196882822815803e-15,DDoS
8.232070689838611e-07,4.939242413903166e-06,228,1368,2.7848274483984376e-14,DDoS
1.3216223729524905e-06,7.929734237714942e-06,225,1350,1.630596189361e-13,DDoS
1.3400171694114049e-05,8.04010301646843e-05,229,1374,3.1573097050706423e-10,DDoS
4.037296968202064e-05,0.00024223781809212385,226,1356,2.6628800466195774e-09,DDoS
4.6452778129815225e-07,2.7871666877889148e-06,227,1362,4.76263574093897e-15,DDoS
6.205962379692876e-07,3.7235774278157255e-06,224,1344,2.1710573503096444e-14,DDoS
1.5417654780758964e-06,9.250592868455378e-06,222,1332,2.306377328791455e-13,DDoS
3.906731725460977e-05,0.00023440390352765861,221,1326,3.222284054853625e-09,DDoS
0.0006561380960110394,0.0019696035287703768,215,1278,2.1499061068861223e-05,DDoS
5.708396024245265e-07,3.4250376145471592e-06,226,1356,5.645880187064836e-15,DDoS
8.622779853987457e-07,5.173667912392474e-06,231,1386,4.48518101987489e-14,DDoS
1.6693248759209308e-06,1.0015949255525584e-05,230,1380,3.210271558117985e-13,DDoS
2.6147243460257714e-05,0.0001568834607615463,233,1398,5.477840577985548e-10,DDoS
1.205697467179397e-05,7.234184803076383e-05,218,1308,1.0321459392228892e-09,DDoS
6.017454880161971e-05,0.0002073086723420094,471,1934,8.0838071523184e-09,DDoS
3.641092506285359e-05,0.00012339366968856485,521,2044,3.96148409562758e-09,DDoS
2.7159409347126398e-05,9.139111910705823e-05,512,1972,1.9010199898176392e-09,DDoS
5.4426847580290204e-05,0.00017135656514818498,500,1894,5.943300402840376e-09,DDoS
5.659261358985231e-05,0.00017902979871337995,511,1882,5.429278053892017e-09,DDoS
4.272514796233423e-05,0.00013304664417121743,522,2008,7.312981608306474e-09,DDoS
3.4432572788015835e-05,9.898966122296925e-05,554,2140,5.736016104732186e-09,DDoS
0.00013653108701924463,0.0004465818098890012,516,1984,3.072305838650871e-08,DDoS
5.67226627264649e-05,0.0001788801056260562,520,2014,7.912866308782473e-09,DDoS
0.00027860228516506314,0.000845530572276946,539,2084,1.6989293708569227e-06,DDoS
3.9152790075514364e-05,0.000119552913797056,530,1990,4.248640747716668e-09,DDoS
5.146938002573249e-05,0.0001687827286988687,542,2158,6.15817991509403e-09,DDoS
8.042520368664942e-06,2.6437652494859092e-05,549,2092,2.6469234661785386e-10,DDoS
2.8276864216566987e-05,8.838369935367662e-05,523,2014,3.4689227059514376e-09,DDoS
3.890118808943848e-05,0.00012460633419053417,527,2080,3.6868469393766007e-09,DDoS
2.5771502191515848e-05,8.249699249298014e-05,521,2014,4.8214763647804746e-09,DDoS
8.252580618301087e-06,2.6797491854920305e-05,573,2272,3.712208908439236e-10,DDoS
1.9960744564856254e-05,6.209997107217871e-05,560,2218,1.1979943981515074e-09,DDoS
7.460955069807e-05,0.00022632724519206084,537,2038,1.521464203181633e-08,DDoS
0.0001321666401862446,0.00042359747286302326,545,2176,3.480992957720127e-08,DDoS
3.3341867770061386e-05,0.00010839306577755127,549,2188,5.949115948785237e-09,DDoS
6.875669412103111e-05,0.00022531692114901994,527,2074,9.788584758262191e-09,DDoS
4.837587128196791e-05,0.00014618183377318458,567,2176,7.789392536183867e-09,DDoS
4.819282957926197e-05,0.0001619536917592386,569,2296,8.643759972490847e-09,DDoS
6.660917518610382e-05,0.00022510493614204374,568,2302,1.309525308815758e-08,DDoS
3.8922525125818186e-05,0.000120678798221863,527,2008,3.575399482277587e-09,DDoS
9.734074882677737e-05,0.00030012305650624083,551,2140,1.6460026225670675e-08,DDoS
1.259546995044599e-05,4.448035122341535e-05,534,2050,1.0276830973669245e-09,DDoS
6.530481634974006e-05,0.00020982079217265624,550,2158,1.2183245262368938e-08,DDoS
3.2151524575408005e-05,0.00010279258223745449,574,2230,3.3085155264458835e-09,DDoS
9.774910450966087e-05,0.0003209410145984972,541,2164,1.6045281911365082e-08,DDoS
3.68099394598952e-05,0.00012093103969916598,532,2020,4.225334972458377e-09,DDoS
4.5677476120480224e-05,0.00014765802461119316,522,1972,2.5229282142663864e-09,DDoS
2.7950198117143894e-05,9.38027143762484e-05,551,2230,1.671544872111357e-09,DDoS
5.599438069597564e-05,0.00017968268463685423,483,1744,3.85353690800648e-09,DDoS
5.056118551235507e-05,0.00016565209724579762,524,1984,3.934899513655026e-09,DDoS
0.013388395855369528,0.04017545840292401,504,1910,0.008887393923147049,DDoS
8.030362712261496e-06,2.5706844539071798e-05,547,2152,2.5131576160524825e-10,DDoS
7.342706944504275e-05,0.0002393775447290752,551,2146,1.3452776396913079e-08,DDoS
0.00037339400201929053,0.0011367150770459757,535,2096,4.855677706313826e-06,DDoS
4.14649956831777e-05,0.00012477173385579005,528,2068,1.1923182952064047e-08,DDoS
6.141230719362407e-05,0.0001998008698151214,560,2188,1.106022544342055e-08,DDoS
5.6835045120847055e-05,0.00018221605155963706,554,2158,1.0659123631586657e-08,DDoS
1.3757295394512808e-05,4.4272688869079136e-05,547,2152,2.8669916601676325e-09,DDoS
8.084172925917442e-05,0.0002485084516030833,521,1954,1.2178922773366688e-08,DDoS
2.8859808886436974e-05,8.758404851874327e-05,531,2086,4.087331801633917e-09,DDoS
8.219063627998589e-05,0.00026727616280578247,530,2032,9.109756819685326e-09,DDoS
9.922700086824974e-06,3.092804471877187e-05,560,2188,3.350613372415665e-10,DDoS
5.0108279972760486e-05,0.0001751152488219571,420,1562,3.87467756478002e-09,DDoS
9.018801429092551e-05,0.000295378424676215,330,1342,7.6243980033235e-09,DDoS
6.416261617021306e-06,2.157323537968683e-05,320,1298,1.1639531755256584e-10,DDoS
5.135284986249628e-05,0.00017607866119979202,325,1334,4.234299575717312e-09,DDoS
2.779361247652689e-05,9.333750271475192e-05,323,1292,2.971800301355935e-09,DDoS
3.441487220672222e-05,0.00010577599493518675,326,1318,3.423480652353129e-09,DDoS
0.0021342877758322616,0.008598841214180013,350,1244,0.00012262565775687426,DDoS
1.9336570327400116e-05,6.646569997519388e-05,337,1340,2.0363787896715e-09,DDoS
0.002090305504008969,0.006317852450689717,321,1284,0.00018073290192028468,DDoS
0.00026960516683109643,0.0011411930200305725,335,1288,2.3109683670614723e-06,DDoS
7.220339783348457e-05,0.00024983823089223817,329,1334,2.011994884537404e-08,DDoS
0.00015845719252729188,0.0005694495636211329,350,1318,2.0642782825474455e-08,DDoS
6.008057123506292e-05,0.00018951525842045023,323,1352,3.931279473662761e-09,DDoS
0.0004482205679776427,0.0017422196226278995,324,1298,7.353542166458765e-06,DDoS
2.0449167862369895e-05,6.409613218081847e-05,320,1300,9.829059377325714e-10,DDoS
3.8935080647979735e-05,0.00013061935606120074,335,1336,4.06065708411849e-09,DDoS
4.0299542529675266e-05,0.00012964777935867017,326,1332,3.070760892496688e-09,DDoS
1.6789434325906906e-05,5.1965888616294414e-05,319,1300,2.1242373060357376e-09,DDoS
5.719395531773985e-05,0.00018772334510007237,342,1324,3.9679854573812435e-09,DDoS
6.612263645936255e-05,0.00021481620618954233,312,1284,2.1118560973232185e-08,DDoS
3.177098893335048e-05,0.00010180071200198024,337,1352,1.270273002685185e-09,DDoS
4.132663935039198e-05,0.00012714712519712318,350,1306,4.859479412481002e-09,DDoS
6.050275944629418e-05,0.00032176062523905756,320,1336,5.639691313329128e-09,DDoS
0.00016646887565278188,0.000549945134265412,328,1340,3.400847376347083e-08,DDoS
0.00010284557035233996,0.00031477177513244655,331,1346,2.0473335443346542e-08,DDoS
3.177523436476219e-05,0.00010256187854024722,312,1322,3.3291942113199115e-09,DDoS
8.640465409798725e-05,0.00026884866141169264,326,1352,1.673709722114182e-08,DDoS
5.6887162986943806e-05,0.00018849122626932494,332,1372,1.0839504235503886e-08,DDoS
5.505703151145234e-05,0.0001780780756063575,327,1348,8.101432066975963e-09,DDoS
6.976698124651043e-05,0.00023286390136321482,315,1330,9.957565007716178e-09,DDoS
4.017914841193526e-05,0.00012869570867868977,327,1358,4.897207247030144e-09,DDoS
7.99473897413262e-05,0.00026623728486543414,324,1318,1.204261103448972e-08,DDoS
0.00014688119464393516,0.0004786243402442488,329,1334,3.1914760765181653e-08,DDoS
2.585739226790095e-05,8.452231372456015e-05,310,1278,2.607923904587147e-09,DDoS
7.189834804652042e-05,0.00024733886578881016,322,1336,1.2632232878272606e-08,DDoS
8.022424897292809e-05,0.000370731383504067,317,1294,5.551436816627365e-09,DDoS
0.00014239780572383167,0.0004586260679833154,333,1314,2.203410874402405e-08,DDoS
3.0489766694762384e-05,0.00010325037389458679,310,1304,3.4847601202532045e-09,DDoS
5.011422787858178e-05,0.00016010016146845294,328,1300,2.5764328646881147e-09,DDoS
3.735826017078426e-05,0.0001295225409021789,332,1290,4.423846039620977e-09,DDoS
6.222194888618683e-05,0.00020735834469206644,334,1296,3.446937812372751e-09,DDoS
2.2300864556926758e-05,6.932840603997393e-05,314,1266,1.4837859773551983e-09,DDoS
3.9003384438188835e-05,0.000125103474825164,345,1326,2.7722978532023207e-09,DDoS
3.165358202348563e-05,0.00010395351447717492,321,1350,1.5442925526825368e-09,DDoS
0.000808186801292579,0.003091867878729088,335,1274,2.1145579350957926e-05,DDoS
2.5840291346750666e-05,8.931423133215316e-05,328,1332,1.2040264258967138e-09,DDoS
6.698653709773358e-05,0.0002640605456080007,315,1296,9.75761846322669e-09,DDoS
8.539308695788721e-05,0.0002650367820413573,343,1338,1.3851444860952879e-08,DDoS
0.00013967592344880638,0.00044714777788732585,322,1358,3.155773976007443e-08,DDoS
8.936375993245528e-06,2.8580153640671184e-05,324,1352,3.442805163269881e-10,DDoS
5.967251715992703e-05,0.00019072113329467595,332,1326,9.913479871137576e-09,DDoS
2.043356927910152e-05,6.71247573432374e-05,326,1344,6.530812032035059e-10,DDoS
6.720098468594619e-05,0.00020190108705497235,328,1310,1.1708491010246586e-08,DDoS
3.8863733712798095e-05,0.00011715919853010785,344,1346,4.1350205601333755e-09,DDoS
7.134762868100021e-05,0.00020945451520209085,337,1322,2.3968526706581933e-08,DDoS
8.217448126509985e-05,0.00025666617183313074,337,1324,1.9330476756836457e-08,DDoS
7.216925483153874e-05,0.0002245156248141713,344,1330,8.26308052666642e-09,DDoS
1.9552717034175448e-05,6.689218438352362e-05,318,1316,7.553134630386123e-10,DDoS
0.10357511248517515,0.6213662578590822,317,1178,0.16649314403908186,DDoS
0.009386547902649322,0.04458829478017368,845,55810,0.0009263571336860638,BENIGN
0.007581158597020984,0.1734286942130908,401,11432,0.00010163449053218416,BENIGN
0.00651699453373149,0.1327728298764758,260,6080,8.901068341671688e-05,BENIGN
0.09694874279645398,12.894971895818788,820,117212,0.15892977603234107,BENIGN
0.0016134313379226703,0.009782496903645738,636,29598,1.9519837951475695e-05,BENIGN
0.0018427699052098484,0.01136386491040998,836,66194,2.593084771972241e-05,BENIGN
0.0022294762209727806,0.02263055038977483,679,70225,2.2892364105282766e-05,BENIGN
4.0947004552028486e-05,0.00106145658724361,114,2989,6.264229717122072e-10,BENIGN
0.00013129478231395904,0.05624933432300889,461,430355,3.467191365747491e-07,BENIGN
5.500956469566639e-07,0.00019476074580296,460,220880,4.551772485432399e-13,BENIGN
1.3095784023691271e-06,0.0009480504761042906,374,153226,1.523991915207458e-12,BENIGN
1.874513405744089e-05,0.027374172451582426,607,481543,1.9013025831833557e-09,BENIGN
4.076594514194286e-06,0.005245684380551944,470,288379,1.9689757563944793e-10,BENIGN
2.7359563097761074e-05,0.038806172204882,407,186642,5.215594439206038e-09,BENIGN
3.673024447930839e-05,0.04745746419988842,561,520321,6.911366020127711e-09,BENIGN
1.1972237480353621e-05,0.006434217779895643,425,246022,1.6947685813267446e-09,BENIGN
5.7523248911517304e-05,0.0831104271720339,484,419959,1.3450369451026904e-08,BENIGN
9.601859600298121e-06,0.000595707422890668,458,217451,4.082333122075054e-10,BENIGN
2.963331194014898e-05,0.028979192692638756,399,237159,1.2837188808882937e-09,BENIGN
1.983231003311858e-05,0.026941733197003836,427,220695,1.5121470069467336e-09,BENIGN
9.219446780346224e-06,0.012584867169022988,485,285629,5.091217336664769e-10,BENIGN
5.100291373654556e-05,0.06953901497224546,435,268486,1.2923620652753717e-08,BENIGN
1.9239586356033084e-05,0.029169569577485514,432,295783,1.5795163197101665e-09,BENIGN
4.654078619910736e-05,0.06267460662160639,451,417876,7.844071193314361e-09,BENIGN
7.879456019135353e-05,0.11055943131049321,482,372925,2.239460412752696e-08,BENIGN
3.785550765812752e-05,0.03963474944138973,425,409031,4.0015038882922096e-09,BENIGN
7.371496072545003e-05,0.10122515117268722,441,357859,1.1178851770081191e-08,BENIGN
9.000158887392092e-05,0.11648786888817274,435,357913,2.4351648394297426e-08,BENIGN
3.727735248424782e-05,0.05357423125652426,459,354484,6.898581734665423e-09,BENIGN
1.7421158106651243e-06,0.0018646387548878567,361,189314,3.1461923291701225e-12,BENIGN
7.609096093451041e-07,6.659603548463143e-05,389,109584,1.1339352222979327e-13,BENIGN
9.151573015772084e-06,0.013514751096677664,556,441912,8.801050244879028e-10,BENIGN
6.234453108700633e-06,0.007885683151980261,367,213165,7.839051632609441e-10,BENIGN
1.1498224569009662e-06,0.00016671543423424966,531,291099,1.537604410258999e-12,BENIGN
7.852254435659935e-05,0.11138558065162807,603,510750,2.002186070215308e-08,BENIGN
3.918839398282424e-05,0.05633875185997633,354,302580,4.767728212088043e-09,BENIGN
3.685928729561711e-05,0.05134971552785116,426,282122,6.446250201673056e-09,BENIGN
2.4432825496239056e-05,0.03148599931516387,474,265165,1.0726682972005714e-08,BENIGN
4.932373625084817e-05,0.0688975679838181,468,439102,9.732882554703172e-09,BENIGN
1.7977190821815405e-05,0.02296876126492016,479,327235,1.909009846284349e-09,BENIGN
2.2667971061122756e-05,0.030442041426207683,448,363311,8.329673015549248e-10,BENIGN
2.042563596916001e-05,0.0134288300822468,479,306824,3.4124389307712027e-09,BENIGN
0.0059575858401141315,0.020868710253043377,442,289712,0.0005902856609914557,BENIGN
0.10252819789571341,2.296793098409336,522,33625,0.055495123159966055,BENIGN
0.35548333691369516,2.55897228204579,104,1180,0.3222692855773219,BENIGN
0.26765085881541245,4.597410298244132,108,4638,0.2558868325427147,BENIGN
0.08406682822306703,0.594892333865069,215,1730,0.10191490653064439,DDoS
7.318265241258278e-07,4.390959144754968e-06,237,1422,1.386739783127781e-14,DDoS
1.1309245516310587e-06,6.785547309786351e-06,226,1356,1.1839162660288727e-13,DDoS
8.794231570507122e-06,5.2765389423042736e-05,225,1350,2.1812339289851694e-10,DDoS
3.6821961738495487e-06,2.2093177043097295e-05,223,1338,1.709423464627664e-10,DDoS
5.172420035926897e-07,3.103452021556138e-06,217,1302,5.274722893822668e-15,DDoS
7.625638750573949e-07,4.575383250344369e-06,228,1368,1.9516386978313134e-14,DDoS
0.000790642853257808,0.0031648735949927676,216,1284,3.116155127093396e-05,DDoS
1.0269798284535508e-05,6.161878970721305e-05,213,1278,1.5132540801224934e-09,DDoS
0.0016009412115257189,0.007205647269154314,210,1254,0.000127996928114342,DDoS
1.0083767181250106e-06,4.66514667159627e-06,223,1294,5.809562072172732e-12,DDoS
7.552393050236815e-07,4.53143583014209e-06,230,1380,1.8467262999278353e-14,DDoS
1.9026652526404327e-06,1.0269341066089433e-05,229,1346,6.707686223444439e-12,DDoS
1.1842452819594141e-05,7.105471691756487e-05,227,1362,6.818983190713305e-10,DDoS
4.878616930434472e-07,2.927170158260683e-06,224,1344,3.789240601880442e-15,DDoS
6.852054583459902e-07,4.111232750075942e-06,229,1374,2.1228164717236308e-14,DDoS
1.1903205598402857e-06,7.141923359041715e-06,224,1344,1.2744100798946055e-13,DDoS
3.9440343837080515e-06,2.3664206302248307e-05,219,1314,3.88342382342712e-12,DDoS
0.001857741722617142,0.00826203999537409,213,1242,5.637712121078041e-05,DDoS
5.865119103916371e-07,3.5190714623498233e-06,225,1350,1.0528826172559172e-14,DDoS
8.955163235988562e-07,5.3730979415931385e-06,220,1320,3.242117190865091e-14,DDoS
1.945773531213799e-06,1.1674641187282797e-05,221,1326,4.77952411097382e-13,DDoS
2.420934503480887e-05,0.00014525607020885324,228,1368,1.988806777861901e-09,DDoS
4.3180078385275997e-07,2.5908047031165594e-06,218,1308,3.1401970103645403e-15,DDoS
5.835166955393402e-07,3.488601301530188e-06,255,1468,1.549427038597537e-14,DDoS
1.0415769526288592e-05,3.459525774474986e-05,602,2506,4.810707480461896e-10,DDoS
8.043324408751143e-06,2.5804297941992386e-05,534,2062,8.564515442084131e-11,DDoS
6.0374505836122754e-06,1.9191677548875146e-05,544,2134,4.572613632200305e-11,DDoS
4.903292672390469e-06,1.5172501367455856e-05,552,2110,3.9984627767033973e-11,DDoS
6.949444906995125e-06,2.2468290408458866e-05,526,2014,5.7179495745069207e-11,DDoS
7.632175115251112e-06,2.3816405581643713e-05,559,2236,1.184342018324155e-10,DDoS
6.000282723476841e-06,1.9506597142326356e-05,524,2098,4.968010611182923e-11,DDoS
1.431452191581913e-05,4.7593515179045206e-05,564,2248,6.939005762257936e-10,DDoS
1.955587069908614e-05,6.127163346817947e-05,524,1972,7.946041077104948e-10,DDoS
8.080140126796567e-06,2.5262301625613605e-05,542,2122,1.8449755017557222e-10,DDoS
9.982962559109714e-05,0.000324037282246082,537,2050,1.7417434017777917e-08,DDoS
2.2637806803091773e-05,7.191339434310785e-05,520,1978,4.616289202756157e-09,DDoS
1.5726703151670287e-05,5.374995988880526e-05,540,2098,2.717946855000024e-09,DDoS
8.444922829154218e-05,0.00027107972223648435,560,2224,2.463145965095869e-08,DDoS
1.6480736285732668e-05,5.673946208145664e-05,515,1948,2.850349523800782e-09,DDoS
4.516743743072997e-05,0.00014197739655107152,516,1996,1.1219826077539196e-08,DDoS
0.0011841465282271125,0.003553886728465966,554,2156,6.918589029018232e-05,DDoS
0.00086054491760906,0.004121602569878825,531,2048,3.65155606891533e-05,DDoS
5.292147331534072e-06,1.7067723309935185e-05,515,1978,2.304267471549391e-11,DDoS
1.73990859888114e-05,5.637409435608929e-05,520,2038,3.207640345886295e-10,DDoS
3.6549255828320457e-06,1.1245571283446522e-05,594,2398,4.373586554787467e-11,DDoS
8.44958650800766e-06,2.7466770796978085e-05,498,1978,1.0148397853157465e-10,DDoS
1.0268177759834414e-05,3.346855693553458e-05,497,1882,1.0023705273032344e-10,DDoS
7.805466844594751e-06,2.5867096186921704e-05,563,2224,1.6899336064868111e-10,DDoS
1.2839412815004948e-05,3.820070347372482e-05,551,2086,2.8893107161992e-10,DDoS
2.9688821285358807e-05,9.695106082177444e-05,536,2068,4.6558563241235225e-09,DDoS
8.001716131112735e-06,2.533084150970712e-05,528,1996,1.3353477126891543e-10,DDoS
1.267194537744902e-05,4.1342701029967066e-05,510,1930,1.262287520923272e-10,DDoS
5.795732165035491e-06,1.8719621237856403e-05,533,2014,5.350898035902974e-11,DDoS
8.953658927661504e-06,3.0059029398449388e-05,526,2026,1.1179268308880802e-10,DDoS
9.44280394089944e-06,3.106675805303399e-05,506,1906,7.581266104319709e-11,DDoS
7.0106786108646535e-06,2.207955017009669e-05,538,2050,7.64300572840831e-11,DDoS
6.875677258014419e-06,2.2266148562104228e-05,559,2158,6.979587388454044e-11,DDoS
2.2964796079581215e-05,7.33317582599512e-05,479,1768,5.173233446826652e-10,DDoS
5.28436482887347e-06,1.7490327002784233e-05,548,2134,5.098886972938793e-11,DDoS
7.08024878817988e-06,2.2561514738933677e-05,515,1978,4.425635209818479e-11,DDoS
4.026253804192441e-06,1.311514602625694e-05,542,2116,1.910650762153962e-11,DDoS
6.424031529639388e-06,2.0681087418889677e-05,534,2050,4.215453796123237e-11,DDoS
1.2483848519209662e-05,3.926072370616764e-05,480,1810,1.1087612666475e-09,DDoS
4.161377752105345e-06,1.3546185052531792e-05,548,2158,2.6054945492776915e-11,DDoS
6.606685289724906e-06,2.221179933200637e-05,507,1996,3.8098455134890303e-11,DDoS
6.688147147269588e-05,0.00021615249467959755,537,2176,2.1058138306802702e-08,DDoS
2.7683306078773e-05,9.42336692333536e-05,514,2044,2.176655444478821e-09,DDoS
0.002585956040982001,0.011630527694476873,514,2000,0.0003329585291595713,DDoS
3.427955387112127e-05,0.00011648101449518073,485,1756,2.8845262381277623e-09,DDoS
0.0007039912899251548,0.0021199562736851784,521,2036,2.2948396896209327e-05,DDoS
7.588563268629391e-06,2.3225983422202032e-05,533,1996,9.688455364558707e-11,DDoS
5.995271442860631e-06,1.9767976028681e-05,307,1324,4.317331553474145e-11,DDoS
2.664544987344366e-05,8.274045818275466e-05,356,1316,8.742224942230754e-10,DDoS
6.026584821162234e-06,1.9308196754577863e-05,336,1368,4.4714970312057046e-11,DDoS
1.1473568751028968e-05,3.7410538706515224e-05,342,1308,9.160924625285566e-11,DDoS
6.330937190837502e-06,2.1907335624814133e-05,308,1310,7.051113283766357e-11,DDoS
9.99394692359791e-06,3.346439806823187e-05,328,1290,8.254243097935177e-11,DDoS
6.61967859779444e-06,2.2324819121798627e-05,325,1336,4.443952733480578e-11,DDoS
8.515283801855544e-06,2.9488389362827055e-05,334,1338,4.812244769000276e-11,DDoS
2.6620211417929993e-05,8.778702345845933e-05,329,1318,1.087785516361237e-09,DDoS
9.7923648194242e-06,4.1062931457053585e-05,335,1300,5.037425816473193e-11,DDoS
3.302916207661615e-05,0.00011435836839666734,347,1320,1.1994615387072254e-09,DDoS
4.761059233916568e-06,1.588389246346629e-05,310,1286,3.9684807388771775e-11,DDoS
6.175826549023299e-05,0.00020044879202331205,346,1322,7.388974284383933e-09,DDoS
5.1629202599492e-06,1.7637103307318562e-05,310,1304,4.788098892957319e-11,DDoS
9.338754755610247e-05,0.0003010747199320966,327,1330,1.8324870207656796e-08,DDoS
6.114741248983019e-06,2.063652392613945e-05,319,1306,1.4186503338349649e-10,DDoS
5.398369994032967e-05,0.00017201755434537158,331,1342,9.398608561874744e-09,DDoS
1.5457480787841774e-05,4.8865755901079686e-05,329,1292,8.522197731496037e-10,DDoS
4.9780996820831446e-05,0.00015916078874148073,324,1334,9.628966525936886e-09,DDoS
0.0004956733354475873,0.0014913993064537248,319,1260,1.1889877283548485e-05,DDoS
1.2729808897183359e-05,4.293642249482774e-05,331,1314,2.3163279512947486e-10,DDoS
1.2282549066107729e-05,3.8425322094843966e-05,338,1318,2.212112494483944e-10,DDoS
6.544169516004843e-06,2.1244498352597364e-05,335,1298,4.573619582085587e-11,DDoS
1.704529865674677e-05,5.2806172898310336e-05,341,1296,2.4055569625611486e-10,DDoS
5.179237960635554e-06,1.775806025026661e-05,318,1312,2.8789623294570633e-11,DDoS
1.2760171399626022e-05,4.33134745301422e-05,331,1316,1.4594731738318402e-10,DDoS
5.376493889997203e-06,1.949126931061222e-05,316,1320,2.637323900523611e-11,DDoS
1.1224371578036365e-05,3.8392481347874084e-05,340,1314,1.3780595737837767e-10,DDoS
1.4871234671965244e-05,6.484875773458558e-05,331,1310,2.1506771720332969e-10,DDoS
1.4214641927660765e-05,4.618634068985303e-05,321,1334,3.084028178206018e-10,DDoS
1.4751508215346915e-05,4.94118703935636e-05,331,1316,3.3472714745481185e-10,DDoS
8.626401328689946e-06,2.8086373783357566e-05,326,1310,1.225351170838392e-10,DDoS
3.8724167615776426e-05,0.00012857102913221935,328,1308,5.488801951186922e-09,DDoS
1.1300088645524913e-05,3.675386756726745e-05,326,1316,1.5938214910732582e-10,DDoS
6.606220917951722e-06,2.1957111258806604e-05,320,1314,5.0392519025688236e-11,DDoS
7.335016158225873e-06,2.4758071977199228e-05,337,1344,4.2081316479747884e-11,DDoS
6.454339795842845e-06,2.2183445783778764e-05,321,1348,3.5946931028871183e-11,DDoS
7.449506250888252e-06,2.6166613454296706e-05,330,1352,8.135911120633124e-11,DDoS
9.632058536801092e-06,3.435193983447557e-05,322,1314,4.7251295141324056e-11,DDoS
2.9171807428822437e-05,0.00015485988202294053,335,1344,3.977252811172423e-09,DDoS
5.483586488190741e-05,0.00027002917036224707,322,1320,8.953083875897872e-09,DDoS
1.8246931187846088e-05,5.762486559248867e-05,344,1314,6.409968366146925e-10,DDoS
5.901544087144542e-06,1.9624947566765206e-05,328,1340,3.817459828628896e-11,DDoS
1.2382700387224558e-05,4.0303495409066326e-05,333,1314,4.909690404768171e-10,DDoS
1.889846981856649e-05,5.887871081298545e-05,314,1278,2.720189209146886e-09,DDoS
1.50324361122817e-05,4.526843074692042e-05,337,1336,1.5162406933294856e-09,DDoS
5.3556730198459546e-06,1.8033531592753542e-05,325,1328,2.2914055803099905e-11,DDoS
1.3751645268919507e-05,4.429835135260809e-05,313,1334,1.2577135085177584e-09,DDoS
6.412365507727463e-06,2.3449364357089278e-05,321,1324,1.9925428786827382e-11,DDoS
1.008738848303309e-05,4.043191201504594e-05,334,1330,1.0068560530933207e-11,DDoS
7.475661897528524e-05,0.00028973950579238883,319,1316,2.246500039762302e-08,DDoS
4.6408438702859976e-05,0.00015056248282263352,333,1300,4.907880122704229e-09,DDoS
5.783698124222409e-06,1.8435309606114464e-05,343,1326,2.4775442965155947e-11,DDoS
2.4796165749961476e-05,7.67442387780493e-05,356,1304,2.5547988710441373e-09,DDoS
3.8388032056445944e-05,0.00012471619113600633,362,1332,3.388066741599277e-09,DDoS
9.769822052483836e-06,3.193667755698047e-05,329,1316,1.2514937684175513e-10,DDoS
0.023198868678990882,0.09516292064333837,212,3233,0.004991582170200065,BENIGN
0.19734737854266274,3.986489240539719,335,20958,0.240276772193546,BENIGN
0.0179014833561926,0.7336988055860708,274,21237,0.00840485605363776,BENIGN
0.014113248088744139,0.23718449425831814,200,3344,6.1026701933282476e-05,BENIGN
0.01811233745811598,0.29449927100225376,200,3248,4.588898140538787e-06,BENIGN
0.017605688105106144,0.2858088137010204,204,3310,1.1132745990316213e-05,BENIGN
0.018721947075441434,0.30300445317822594,200,3234,7.162550640809503e-06,BENIGN
0.01773736323486912,0.28785419226750686,204,3300,1.5345195742189706e-05,BENIGN
0.01758174756761167,0.2825829421088548,200,3212,8.275023147794912e-06,BENIGN
0.01859737465347427,0.3041048557867573,200,3300,2.2155855773959533e-05,BENIGN
0.020698810647373157,0.33871722835335766,200,3284,5.1090019665033945e-05,BENIGN
0.014558632804594867,0.24364375753234252,200,3360,4.161719512386421e-05,BENIGN
0.007757735174124678,0.10793090649861355,850,108573,8.07937022774135e-05,BENIGN
0.0033697342508169363,0.0006555169392833004,228,15841,1.599649518580811e-05,BENIGN
0.002651754477147615,0.0007562074250255645,700,68468,1.2421278667463434e-05,BENIGN
4.121509086818225e-05,0.001275954570893961,1406,74502,3.610749208227142e-09,BENIGN
0.007065056777140164,0.1484066041651467,529,27621,9.233654080814201e-05,BENIGN
0.013436671951731373,0.275496954360102,232,5112,0.00011771351971671551,BENIGN
0.016178310779988065,0.3434587205421407,216,4738,0.0003249449411391983,BENIGN
0.01102416018952558,0.23425861594258474,236,5204,9.646007081920386e-05,BENIGN
0.006481215943606967,0.12276480210593112,1280,41590,8.081901399328124e-05,BENIGN
0.0004711236788809883,0.0035133049091395237,1430,55311,3.1432451966540008e-06,BENIGN
0.0007057795550378429,0.007808462927133628,854,50942,7.44498922724466e-06,BENIGN
0.006841654125229297,0.16811689977353114,368,16270,7.867470505593005e-05,BENIGN
0.020001805217714896,0.06010849415582256,484,28816,0.019999926317836383,BENIGN
0.09630883839139871,0.6245405840719147,740,56641,0.1114948670864831,BENIGN
0.09507236530657387,0.5455546732996052,1794,64549,0.15999731338955223,BENIGN
0.1793671570071947,1.7804062261110254,1770,47430,0.2537241845824009,BENIGN
0.0053805688499271595,0.10610117310904783,200,3794,5.582664359844905e-05,BENIGN
0.007156381625165709,0.13433387506927288,200,3926,6.949497272406007e-05,BENIGN
0.00350197117075563,0.060235913494084324,200,3818,5.8934257967966435e-05,BENIGN
0.0032280683893048862,0.05970254136871658,200,3708,4.301284032256145e-05,BENIGN
0.13340717371743444,0.8010532526738701,2070,32072,0.23580758574166794,BENIGN
0.17379116689484897,1.0351378616475555,538,35012,0.24653679644675028,BENIGN
0.2447340250105432,1.450129446084884,581,31787,0.1707278963251409,BENIGN
0.017248768617165258,0.31126421955434136,6246,78214,0.009013795053337577,BENIGN
0.0011027824405964004,0.005239716760075595,2358,116664,1.1779086682260706e-05,BENIGN
0.0026991689715874147,0.04956745483306355,416,6063,4.164243476137726e-05,BENIGN
0.007519165179270927,0.13523093092922156,200,3598,0.00011290959494431891,BENIGN
0.004999830839598714,0.10196250151714638,200,3730,6.150343323240458e-05,BENIGN
0.006850411781868962,0.1277442950377274,200,3570,8.29519055142793e-05,BENIGN
0.005906602704260244,0.10323500174745352,782,18776,6.91354121818393e-05,BENIGN
0.026858402293121718,0.16006094835930124,1236,39095,0.017406293407775077,BENIGN
0.0339998264063297,0.6203263862146615,1119,109523,0.01810232954019759,BENIGN
0.10970893649533293,13.617721421386452,452,31025,0.1675146656171509,BENIGN
0.0006630332987804196,0.019745986803726006,116,2990,2.1782364369857174e-06,BENIGN
0.0003670450975365127,0.010190177698755187,130,3237,9.59271468578511e-07,BENIGN
0.000462935265313041,0.013317139357307623,118,3029,1.4037673452183842e-06,BENIGN
0.0003006207093742811,0.008138893612000571,120,3106,8.900516034146809e-07,BENIGN
0.0005405792468102211,0.01925504041141128,120,3338,1.7071580298089326e-06,BENIGN
0.0006605055225482285,0.02005254370898389,116,3153,2.3250154200024757e-06,BENIGN
0.00036285018450243304,0.01107156718571276,110,2977,1.2692891868859075e-06,BENIGN
4.7513901242379225e-05,0.001209544749427367,147,4625,1.1703585279323015e-09,BENIGN
7.893057548108557e-06,0.010526327472911769,469,371490,8.92412500711207e-11,BENIGN
7.463893748456033e-06,0.010645476374434481,409,375579,6.154130801955872e-11,BENIGN
2.8688508402472283e-06,0.0035799735627832186,520,366752,2.6046682773554943e-11,BENIGN
6.222362379784114e-06,0.007964983604389164,396,280117,6.355233204975078e-11,BENIGN
1.2775130161614506e-05,0.017957600553328273,463,394722,3.88314659926595e-10,BENIGN
2.49714446529168e-05,0.03470535831935153,400,336693,1.0223229000215943e-09,BENIGN
3.927719450868726e-06,8.400356371067637e-05,627,401645,9.925461915090498e-11,BENIGN
1.3818551001185945e-05,0.009799722008585308,344,111542,1.8612190014875026e-09,BENIGN
1.2325374036016769e-05,0.01730007475447995,478,342247,7.221786828019256e-10,BENIGN
2.2497950090904335e-05,0.031695467792558496,379,254885,1.7281087923645369e-09,BENIGN
1.033000867993158e-05,0.012914408886714832,523,414579,3.8681451323557007e-10,BENIGN
9.76328856049747e-06,0.013287986327566203,516,462316,1.8496711830804918e-10,BENIGN
1.2607459939889261e-06,0.0013403326389218393,484,261016,1.1397754016709082e-11,BENIGN
6.391644418094323e-06,0.009090640044084282,392,298521,1.3839244824187874e-10,BENIGN
6.692180335903618e-06,0.009229887103113567,410,317568,6.411411364125329e-11,BENIGN
4.304617063282061e-06,0.005434376963722025,486,325140,4.702313308612173e-11,BENIGN
6.2372947377984355e-06,0.0074310725876910065,489,388651,5.78365793719739e-11,BENIGN
4.548035780931701e-06,0.004023177344771806,527,365473,5.815425957123861e-11,BENIGN
2.3873301468909135e-05,0.028132871859463247,445,313054,2.908504807736046e-09,BENIGN
7.834664852208133e-06,0.010396895637007422,345,149071,2.4363785786411283e-10,BENIGN
9.495276179754781e-07,0.0007811706308396459,564,325188,1.517425876984833e-11,BENIGN
3.18367648745411e-06,0.004271107054648935,508,362759,2.9015303654318576e-11,BENIGN
2.1045397298086335e-06,0.002261918707934904,480,313503,7.614542948611261e-12,BENIGN
4.20718483806153e-06,0.005277439848349141,477,325122,3.539464596344744e-11,BENIGN
3.0952806379670734e-06,0.003328291145209704,526,406293,8.729797281520683e-12,BENIGN
6.045599567617477e-06,0.00633258399191738,525,349741,1.3662198291345491e-10,BENIGN
1.0588360275580071e-05,0.00807182758202958,493,342181,1.4708008477463954e-10,BENIGN
3.6474695208875637e-06,0.004864942930377361,399,211243,4.114031068858369e-11,BENIGN
1.5563781725937654e-05,0.018782916148064686,505,406311,2.6080784533163617e-09,BENIGN
7.59136379019652e-06,0.010010503415334236,506,328628,1.0296456880654155e-09,BENIGN
2.990173331062424e-06,0.003514999334351829,530,356592,2.342299290741128e-11,BENIGN
5.4759306287842535e-06,0.007364887038295939,468,426132,2.622872366938783e-11,BENIGN
4.030934606453815e-06,0.001156181999817994,475,219499,1.4858715360772083e-11,BENIGN
2.6815050589191266e-05,0.0375819684248204,444,251486,3.8681271159441796e-09,BENIGN
6.327996267606377e-07,0.0002457164798398334,523,258356,1.063126321501667e-12,BENIGN
9.642565536856603e-06,0.012743225722861469,520,375681,7.336705473638528e-10,BENIGN
0.05922385908880731,2.3323517019441944,297,62239,0.03419537352557406,BENIGN
0.057002971169163946,1.0195387123547965,458,12451,0.052146110173812786,BENIGN
0.18246703107681292,6.371403662433016,113,1743,0.18242489420963548,BENIGN
0.20300628495038203,1.8178367925132068,159,46092,0.14387826172045248,BENIGN
0.3754751610116858,6.199992807409115,112,1424,0.40908692231784366,BENIGN
0.12077630222309495,0.9497510448704906,107,3105,0.09721444535727115,BENIGN
0.09799219449132045,0.7448419525381865,412,898,0.04231718088140779,BENIGN
1.3375210412323298e-05,4.43220771565688e-05,326,1440,4.566350177776097e-10,DDoS
4.4711612520498555e-05,0.00014876631101166905,292,1468,1.2511263690015713e-08,DDoS
1.7213017050190716e-05,5.977790543341287e-05,333,1466,2.876215655747857e-09,DDoS
2.9001095741652137e-05,0.00010223014290168841,325,1408,1.2650955309181507e-09,DDoS
9.644155945510036e-05,0.0004627186301974928,321,1480,7.112245767086463e-09,DDoS
8.951284006909746e-05,0.00029124472715123714,342,1390,2.277724675704124e-08,DDoS
3.0305148620921846e-05,0.0001043064612495155,338,1454,3.3939691438384836e-09,DDoS
1.3095302082400866e-06,6.334080801960539e-06,249,1358,1.4742912487664032e-12,DDoS
1.5563156693489488e-06,9.337894016093695e-06,218,1308,1.8202873172381e-13,DDoS
1.8254013224876376e-05,0.00010952407934925825,221,1326,5.4250972950518e-10,DDoS
2.048672856359131e-05,0.00012292037138154785,223,1338,4.126747773869191e-09,DDoS
5.866332538111756e-07,3.5197995228670533e-06,237,1422,7.289489207332858e-15,DDoS
8.22612687731464e-07,4.935676126388783e-06,223,1338,2.2744030044613255e-14,DDoS
2.001299653229915e-06,1.2007797919379492e-05,235,1410,6.465563440361799e-13,DDoS
4.472518898030132e-05,0.0002683511338818079,218,1308,1.0053219480557238e-08,DDoS
5.500743194384396e-07,3.300445916630637e-06,234,1404,7.708151083511118e-15,DDoS
7.288463860143042e-07,4.373078316085826e-06,224,1344,1.9104548063006482e-14,DDoS
1.2869092044040873e-06,7.721455226424525e-06,223,1338,1.0200181263509658e-13,DDoS
4.052222944977342e-06,2.4313337669864047e-05,229,1374,2.4907631803016438e-11,DDoS
0.0020694067559512068,0.008278509501224484,235,1404,0.00021402905250925527,DDoS
0.00026903193850018233,0.0008088074504354896,221,1314,3.6031259723523387e-06,DDoS
9.732132398508074e-07,5.839279439104844e-06,234,1404,4.0928244239403056e-14,DDoS
2.410645238630385e-06,1.4463871431782307e-05,230,1380,1.154027773909661e-12,DDoS
1.971193626446448e-05,0.00011827161758678688,227,1362,1.939722905661747e-09,DDoS
5.050562353524214e-07,3.030337412114529e-06,231,1386,7.342454339328998e-15,DDoS
6.434241959737037e-07,3.860545175842223e-06,223,1338,1.0723049793152448e-14,DDoS
9.636364059825908e-07,5.781818435895545e-06,222,1332,2.8981927733387645e-14,DDoS
1.7107530500571613e-06,1.0264518300342967e-05,226,1356,2.460580674296151e-13,DDoS
2.657502037807473e-05,0.0001594501222684484,221,1326,1.608821491802676e-09,DDoS
5.676100778928183e-07,3.168646078361487e-06,232,1376,4.479357717061218e-13,DDoS
6.432580110909997e-07,3.859548066545999e-06,226,1356,1.4216004745810697e-14,DDoS
5.6454091797927124e-06,2.011127877845026e-05,423,1904,9.927296758453359e-11,DDoS
5.002958631905072e-06,1.6486883047072816e-05,535,2128,5.623451535063514e-11,DDoS
1.160298080591866e-05,3.808451033615168e-05,495,1852,1.0826994206139404e-10,DDoS
9.657356255311773e-06,3.117127583562417e-05,519,1960,4.3694154464170274e-10,DDoS
5.745372286899698e-05,0.00018397634086889648,537,2062,1.5876096550667127e-08,DDoS
1.0284853353143984e-05,3.268241559580481e-05,530,2056,5.104503693093703e-10,DDoS
0.00010534581296588966,0.00033241230925852474,514,1894,2.0675113764340877e-08,DDoS
3.9995248817081284e-05,0.00012992885870364803,549,2146,5.850646934675756e-09,DDoS
4.760944126659236e-05,0.00015484088146046509,504,1870,7.783169399821582e-09,DDoS
7.625324230723414e-06,2.5223418502448898e-05,536,2110,1.1876620501820986e-10,DDoS
6.679956396495811e-06,2.0825757871349365e-05,536,1966,6.034959969191183e-11,DDoS
7.77118521874655e-06,2.5747904957062736e-05,558,2230,1.5948792811777238e-10,DDoS
5.673666588352201e-06,1.849264804563392e-05,510,1966,2.6601668077756377e-11,DDoS
1.1499644486237174e-05,3.656278063263686e-05,540,2086,4.795053789206245e-10,DDoS
6.136591083014688e-05,0.0001933033911890142,552,2140,1.3060169850504308e-08,DDoS
5.952171354097997e-05,0.00020329675347305223,536,2116,8.606024478915786e-09,DDoS
2.2387154942438312e-05,6.166077582704816e-05,577,2296,1.0435743542384656e-08,DDoS
8.066934799159802e-05,0.0002628320315086694,528,1984,1.2052082440079787e-08,DDoS
5.806730378470231e-05,0.00018701431321160053,511,1876,1.8790823992009064e-08,DDoS
0.00011882088147149086,0.00038348069426273,526,2044,3.435616335146147e-08,DDoS
6.110698436472441e-05,0.00021034774805463364,510,2002,1.2677123560422326e-08,DDoS
2.935209304455788e-05,9.797523734710133e-05,503,1846,5.5251953142518414e-09,DDoS
8.709924920865713e-05,0.0002867622974850888,559,2158,2.6389806026959326e-08,DDoS
1.5107326139128639e-05,5.067904090094711e-05,529,2086,1.1547476172291672e-09,DDoS
3.617541265814471e-05,0.00011293841701925278,488,1876,6.873576998552728e-09,DDoS
4.425013118444489e-06,1.42306861040286e-05,556,2176,2.7274856879408872e-11,DDoS
4.330537195160462e-05,0.0001443205786526862,517,2020,9.517641598390395e-09,DDoS
4.780782762797604e-05,0.00014642062715794678,504,1894,1.3278730994150097e-08,DDoS
1.076991283783279e-05,3.733006626767279e-05,553,2152,2.2823866801510727e-09,DDoS
5.018958502028975e-05,0.00016526553860372165,500,1882,2.2529148037279025e-08,DDoS
4.6557730610017637e-05,0.00015111527745776838,504,2052,8.091286220906925e-09,DDoS
0.00039205107403593296,0.001562271037894033,338,1384,7.390675943688662e-06,DDoS
3.825410834073538e-05,0.0001257019472486947,320,1436,5.7015158143920856e-09,DDoS
0.00015825676881296418,0.000520335856563778,344,1372,8.535178851829592e-08,DDoS
4.539913820831963e-06,1.8028110123055522e-05,316,1450,1.1193109162279422e-11,DDoS
8.395075572939223e-05,0.00029613035285411536,323,1424,1.6841568980628718e-08,DDoS
6.406279122165811e-05,0.0003216413438811316,341,1406,5.464290416844093e-09,DDoS
0.00010863740219955518,0.0003309305406922632,322,1406,2.817391102697996e-08,DDoS
2.5744878230060597e-05,8.626201133225354e-05,336,1462,2.3984856227056594e-09,DDoS
1.6483181180382134e-05,5.155293257700978e-05,317,1416,2.2319632515121098e-09,DDoS
7.012378122089611e-05,0.00022005518355563687,329,1466,9.000048973438339e-09,DDoS
7.5554922429258235e-06,2.601866665563397e-05,307,1410,1.960911743866236e-10,DDoS
1.1342113329207407e-05,3.9605912567377606e-05,307,1358,2.146904777780194e-10,DDoS
5.7734229279110105e-06,2.081205513910951e-05,323,1310,2.161931442151652e-11,DDoS
1.3096600522306258e-05,4.74852817406946e-05,316,1336,2.1477442621536635e-10,DDoS
3.991936840461669e-05,0.00020525213537064956,330,1334,2.5270505653417867e-09,DDoS
8.650100079457554e-05,0.000260173948669222,326,1320,3.288597271963119e-08,DDoS
1.95722516129679e-05,6.457459664359413e-05,327,1306,2.6331884045923835e-09,DDoS
0.00014651041863053367,0.0004745790556558373,346,1336,3.51410272147903e-08,DDoS
1.4520668661662288e-05,4.733262840263697e-05,324,1302,6.958023210507067e-10,DDoS
2.9685271108302208e-05,9.579657544560721e-05,331,1294,2.7528137028462864e-09,DDoS
6.6492833511530735e-06,2.2042973687062805e-05,337,1310,2.3118582340294933e-11,DDoS
6.767564971825735e-06,2.3127440325087174e-05,328,1318,8.312996366836652e-11,DDoS
1.1527287294893106e-05,3.745879464057464e-05,319,1282,1.6859178718334452e-10,DDoS
6.659165618432469e-06,2.4006477231233305e-05,347,1356,1.4089218616821889e-11,DDoS
2.3911704501167956e-05,0.00010838880502603983,327,1310,6.380974554701658e-10,DDoS
8.546382478050922e-05,0.00029820421939634624,349,1328,1.3741397946121142e-08,DDoS
4.609230264833258e-06,1.5148807840047762e-05,317,1332,2.1818633226225517e-11,DDoS
9.305910289053484e-05,0.00030811212887425825,331,1342,1.3792605740232186e-08,DDoS
4.731525177459677e-06,1.518526540216383e-05,338,1300,1.7367907067368013e-11,DDoS
5.655564695368038e-05,0.0001853062367512898,330,1290,1.504937295565362e-08,DDoS
4.718104670918258e-05,0.0001480845550764156,330,1306,9.640320738390308e-09,DDoS
8.304292110629883e-05,0.0002822658964413881,325,1346,2.6141855221942822e-08,DDoS
0.0001071613948049446,0.0003307593019810132,356,1322,3.0298715866925725e-08,DDoS
1.0920629986749639e-05,3.673813696492697e-05,328,1322,7.396844495756975e-10,DDoS
8.458111003153111e-05,0.00027561375790779194,319,1296,1.2259878516329316e-08,DDoS
8.54453224267747e-06,3.1573515918197206e-05,348,1324,3.1393383402893034e-11,DDoS
1.2596860162184336e-05,4.144332116648095e-05,316,1298,8.863771145959332e-10,DDoS
3.548632816859441e-05,0.00011670537415333994,352,1342,4.936264439155427e-09,DDoS
5.338801803337902e-06,1.8318625865514386e-05,329,1322,1.6951031570184654e-11,DDoS
2.9868438343756654e-05,9.070039832802148e-05,323,1344,5.740904624045592e-09,DDoS
2.95216025593523e-05,9.479887401255589e-05,340,1328,4.844680667860169e-09,DDoS
5.2950131509201715e-05,0.00016816794512833165,319,1316,1.5882676742208696e-08,DDoS
8.810954811422987e-05,0.00029572739318520664,345,1360,2.1497615268271856e-08,DDoS
1.3692594871742984e-05,4.6825047424359666e-05,326,1300,3.3040121017353686e-09,DDoS
4.727639446721142e-05,0.00015008743322671126,342,1332,1.1951670467692462e-08,DDoS
1.302006417773132e-05,4.651569457611882e-05,353,1296,4.6820417877418575e-11,DDoS
6.246751354535122e-06,2.076687468260939e-05,338,1346,2.3448249368476423e-11,DDoS
1.122397555907098e-05,3.864242353859782e-05,333,1314,9.78406702105276e-10,DDoS
6.449648337317468e-05,0.0002204440919534615,312,1322,1.1114590647072219e-08,DDoS
3.953034448807493e-05,0.00012136760216311705,352,1344,9.436416981421545e-09,DDoS
1.7443460220825776e-05,5.693078000331312e-05,320,1304,1.968857386643691e-09,DDoS
0.00014486862801416659,0.0004606790798352248,352,1350,3.3068401499284114e-08,DDoS
6.960029644478198e-05,0.00021974382406427442,324,1290,1.8281039338112027e-08,DDoS
4.509460735621283e-05,0.00015150327112891442,318,1308,4.9023921194175395e-09,DDoS
1.155989844231795e-05,4.409080410646318e-05,315,1320,9.638995862020335e-10,DDoS
7.083919522190601e-05,0.0002627320762492736,324,1312,6.256862089689749e-09,DDoS
1.6838399196847565e-05,5.5170589748458316e-05,331,1320,3.971162651149843e-10,DDoS
1.2846726474927043e-05,4.313560497460319e-05,309,1304,5.129013771764726e-10,DDoS
1.0589556513934157e-05,3.495675897886798e-05,325,1312,2.454264390348588e-10,DDoS
6.858453591874273e-05,0.00021534551564007733,344,1312,5.912138508538875e-09,DDoS
1.0607965526961724e-05,3.686861367342633e-05,311,1316,3.1967466259104604e-10,DDoS
8.999855681527367e-05,0.0002863117402936091,330,1318,1.4866531034838236e-08,DDoS
4.042603085837996e-06,1.4342312555217984e-05,314,1316,1.3189254251019391e-11,DDoS
7.01960055418393e-05,0.00023313356769966652,320,1318,6.1898669945767195e-09,DDoS
3.4161288345536054e-05,0.00011920333276160925,307,1310,6.46566168999438e-09,DDoS
5.6545419097028e-05,0.0001916163569458806,342,1300,4.819518057700426e-09,DDoS
0.1253661149744444,0.8586081747823602,239,1038,0.05689359842792659,BENIGN
0.02951870998738395,0.7258140014272673,280,15105,0.009667643377876454,BENIGN
0.010498072870269715,0.21737056601691673,230,5436,0.00011515228972157495,BENIGN
0.009962857219817873,0.16588578529928294,343,9567,0.00011177251132893807,BENIGN
0.004201178820043987,0.03415883484887814,553,24917,0.00010622338451122675,BENIGN
0.0010713629495461494,0.03045321232832027,396,28218,1.6865069892223538e-05,BENIGN
0.0009373332649096057,0.055364839783911525,485,53992,1.8013984652472004e-05,BENIGN
0.041961866235473114,12.346614768048878,196,4326,0.07992338635884857,BENIGN
4.600443429097391e-05,0.0012259306657951008,118,3079,1.0368856613236656e-09,BENIGN
0.0031607985295235173,0.0215208873558864,448,19003,0.0002050145610094538,BENIGN
0.0014209020644499264,0.010754269293810155,1605,72863,3.732810171669126e-05,BENIGN
0.008207226798232077,0.17324078797465983,317,10634,0.00010621032126692631,BENIGN
0.01045779305663745,0.21895218549389164,248,5906,0.00011855869524261779,BENIGN
0.012687472458490237,0.25199470932616413,222,4816,0.00011848725061402963,BENIGN
0.011927381883031654,0.24463631286127133,230,4900,0.00011901229922979125,BENIGN
0.014446873508610989,0.22231352214642097,366,10420,0.0009972773983540335,BENIGN
0.000587200030088813,0.00472680091478205,2250,192666,5.309907720250886e-06,BENIGN
0.005612748816064589,0.021317034665881644,571,24992,0.0010012893623055257,BENIGN
0.0010007948634521537,0.008894271807802192,580,296864,2.911489695495326e-05,BENIGN
5.499377104314007e-06,0.006295518346350805,481,296491,1.0154161622390294e-10,BENIGN
4.748758309325187e-05,0.020361333941011868,481,387960,1.1382630278781235e-08,BENIGN
2.426497408168814e-05,0.000399291359108923,442,194243,3.0149936788560576e-09,BENIGN
7.392033429113294e-07,0.00047318289963186363,537,306093,1.3647328896279337e-12,BENIGN
4.810637820036845e-06,0.005990243538902876,455,246725,1.0358897607408048e-10,BENIGN
3.2065787476667043e-06,0.00321062425695595,404,243969,1.8434562819009666e-11,BENIGN
9.876364033313005e-06,0.005014082765977657,416,304598,6.441755908083089e-10,BENIGN
2.5892112059347535e-05,0.007415001241213307,345,179130,2.376014026213564e-09,BENIGN
2.192665434605017e-05,0.02934312935980525,494,430233,2.5051065463136373e-09,BENIGN
9.181280287824997e-06,0.009540478107555062,385,132048,1.0771573583258113e-09,BENIGN
1.751272437961345e-05,0.02457006936441245,534,343592,3.740559879808033e-09,BENIGN
4.5145577899306265e-05,0.06243086089241806,502,407692,1.2770751911971589e-08,BENIGN
2.2053354193170196e-05,0.033633633869788564,465,371460,3.508289206609331e-09,BENIGN
2.0525324914927293e-06,7.024349151388752e-05,489,231743,3.971306612162762e-12,BENIGN
1.3543895295292122e-05,0.018015653163468263,440,307414,1.669219060425055e-09,BENIGN
4.500984025530975e-06,0.006315500588193389,398,290283,3.298456786040717e-11,BENIGN
7.503766752024739e-05,0.10391767233327949,484,267177,4.6977539927678015e-08,BENIGN
8.229580472606066e-05,0.11703752215798521,485,273403,8.882086480865487e-08,BENIGN
0.00010510733988619682,0.15225184726517077,554,455585,7.060619708210501e-08,BENIGN
9.147814943613096e-05,0.1267367092832638,456,339473,4.587523929857723e-08,BENIGN
8.078455869047677e-06,0.0082250096739177,376,196850,8.502996478413325e-10,BENIGN
1.145548092349518e-06,4.071340565085814e-05,340,8514,6.456057070657187e-13,BENIGN
5.630927833236857e-05,0.07055777383307187,368,315490,1.4909661285255852e-08,BENIGN
7.988656109648735e-06,0.001049840786805487,345,95917,1.353902269885266e-09,BENIGN
2.6771861508678545e-05,0.036097155872803224,352,145666,5.687847804467384e-09,BENIGN
8.56175304622227e-05,0.08329571320988041,340,118363,1.786289252260764e-08,BENIGN
2.8021641138005044e-05,0.03187765306643944,375,282783,3.768471759375052e-09,BENIGN
1.6839251735188094e-05,0.01765927290279032,364,294360,3.046740792680353e-10,BENIGN
7.035810736276063e-06,0.009193298305780912,362,163428,1.468685009267021e-10,BENIGN
6.740619327354716e-05,0.09763439757766566,364,293015,1.885072961445847e-08,BENIGN
1.6593065060401075e-05,0.024146445864632608,344,223433,8.761202877647921e-10,BENIGN
6.445737750158233e-05,0.08046886485254731,377,245278,1.0357087504803318e-08,BENIGN
2.3617243267283777e-05,0.017375869753728415,330,73346,2.1545361847602907e-09,BENIGN
0.015011797824554148,0.015185476831363098,331,84233,0.011249639955857519,BENIGN
0.11950295549080175,21.413975775794903,366,42296,0.0684081447863961,BENIGN
0.25127321148389936,1.8614402135495403,103,664,0.2554575993313046,BENIGN
0.1303087811866633,1.1471019159552107,105,701,0.05751296749107639,BENIGN
0.23492134198499254,2.617836883759685,111,1420,0.1957764563594759,BENIGN
0.11918523350398137,1.7523631740735335,192,1342,0.11089624267331956,DDoS
0.00024795656093536675,0.0010058116547688267,225,1344,2.8998964215369867e-06,DDoS
0.001391410660776505,0.005237352853547919,223,1326,4.394331630514607e-05,DDoS
0.001509859453807178,0.006795005779446842,214,1278,0.0001139182336131766,DDoS
6.251666635005311e-07,3.750999981003187e-06,221,1326,1.2770397257624574e-14,DDoS
1.115813742026115e-06,6.69488245215669e-06,231,1386,9.273282349443612e-14,DDoS
9.09403305737914e-06,5.456419834427482e-05,226,1356,1.9714603107719911e-10,DDoS
1.6750236820290256e-05,0.00010050142092174152,227,1362,2.5504401104352347e-09,DDoS
5.188563267768292e-07,3.113137960660975e-06,241,1446,4.30663368531378e-15,DDoS
6.33118343629829e-07,3.798710061778973e-06,220,1320,1.3107328356160168e-14,DDoS
9.623227398231958e-07,5.773936438939175e-06,224,1344,2.1654127220669118e-14,DDoS
2.7700110184575635e-06,1.6620066110745384e-05,231,1386,2.760622757716771e-12,DDoS
1.0164863844551783e-05,6.098918306731071e-05,227,1362,1.1003586845320697e-09,DDoS
4.882814901818314e-07,2.9296889410909884e-06,225,1350,4.615819463258225e-15,DDoS
7.81768894378866e-07,4.690613366273197e-06,236,1416,2.1765525038334433e-14,DDoS
0.0013809511212299105,0.006216714809734161,216,1284,9.512023311951833e-05,DDoS
8.912945780913107e-06,5.3477674685478645e-05,224,1344,5.465453398023468e-10,DDoS
4.5958792198077646e-07,2.7575275318846585e-06,223,1338,3.820810736859402e-15,DDoS
6.117284338563698e-07,3.6703706031382195e-06,222,1332,8.655157464331134e-15,DDoS
9.9580259863487e-07,5.974815591809222e-06,222,1332,5.953924761214628e-14,DDoS
2.8764729582487273e-06,1.725883774949236e-05,229,1374,2.997614677302428e-12,DDoS
2.062976248342049e-05,0.00012377857490052292,225,1350,3.1035167251207876e-09,DDoS
4.826650948128444e-07,2.895990568877066e-06,223,1338,5.357235035307219e-15,DDoS
6.862903930922233e-06,2.368563612168154e-05,268,1448,3.8992399771445966e-10,DDoS
8.574655352000097e-05,0.00026642174564369753,326,1402,1.8267715166524044e-08,DDoS
6.540039623499274e-05,0.00021287598372571293,321,1412,1.5855664373306563e-08,DDoS
5.013147068234036e-05,0.0001563729255483364,328,1408,1.1359681344427047e-08,DDoS
9.175413904798075e-05,0.0003124232144471986,316,1420,1.5649938727896782e-08,DDoS
6.742143601457062e-05,0.00021234441173805782,312,1418,1.9510240060474812e-08,DDoS
0.003750341119405046,0.014988494373569881,309,1418,0.00041616153089649264,DDoS
9.65613625365926e-05,0.0003870273358616003,334,1414,1.521592095547964e-08,DDoS
5.33367881717942e-05,0.00019028122418083377,305,1410,1.3145379806421967e-08,DDoS
6.14080097268811e-05,0.00020538239964785818,312,1408,8.569911721731347e-09,DDoS
5.795867499736739e-06,1.8753681986212828e-05,358,1416,2.879461173389499e-11,DDoS
0.0009223135059061562,0.002777434476170477,351,1368,3.944831357647597e-05,DDoS
1.2438839663957337e-05,4.147996732538895e-05,326,1470,6.366606773985485e-10,DDoS
9.060420112351907e-06,2.996211024014511e-05,362,1378,2.1682361062399666e-10,DDoS
0.00015022449647369176,0.00046666792454933,330,1404,3.938412715068519e-08,DDoS
2.272148037458387e-05,7.941875604666527e-05,313,1506,7.674981133221979e-09,DDoS
2.4724233488997785e-05,8.496778119941497e-05,314,1418,4.684877608854928e-09,DDoS
1.4596125003679612e-05,4.615170010966968e-05,335,1452,7.167487784849178e-10,DDoS
3.866034644342765e-06,1.3230283892276737e-05,330,1510,1.8732810139882432e-11,DDoS
2.520057828191193e-05,7.838656408122993e-05,343,1432,2.8225481280691848e-09,DDoS
3.13184076258517e-05,0.00010460695931976346,329,1476,4.813228483976607e-09,DDoS
8.198794031893357e-06,2.8609581876244247e-05,315,1498,2.1475937809059593e-10,DDoS
3.270824858337451e-05,0.00011549783793201109,356,1428,2.822737187850957e-09,DDoS
2.868761290532476e-05,9.213579262783117e-05,344,1422,3.644337072451035e-09,DDoS
2.9367206577458866e-05,9.895920974157313e-05,331,1430,4.02129202675924e-09,DDoS
1.8958580538834484e-05,5.860078820070527e-05,354,1380,1.8356475935632217e-09,DDoS
6.00283833813357e-06,2.0517835468963743e-05,324,1428,4.1732616163205196e-11,DDoS
4.992156664777362e-06,1.6985727056880488e-05,332,1436,2.9042394520514703e-11,DDoS
6.815879191102914e-06,2.343870482272756e-05,318,1442,5.307484792096491e-11,DDoS
2.725568812249891e-05,8.93087089483544e-05,314,1416,4.765564214516791e-09,DDoS
2.841127173189247e-05,9.58246387533521e-05,343,1386,4.125741004349784e-09,DDoS
4.934177975031856e-06,1.7744446631768768e-05,337,1454,1.7426427055814962e-11,DDoS
2.9826428057260508e-05,9.922538034408296e-05,321,1384,4.621854119837373e-09,DDoS
4.35816241426236e-05,0.00014102788849974492,333,1428,7.728860531128705e-09,DDoS
8.907325883241468e-06,3.593163161252626e-05,335,1406,1.9473438577448125e-11,DDoS
8.463684559194571e-05,0.00035353944254435873,339,1376,1.600214090567541e-08,DDoS
4.528994886606748e-06,1.5118936778245278e-05,320,1478,3.299957082389808e-11,DDoS
4.4436761533432213e-05,0.00014695111363884728,330,1392,1.0969861801117857e-08,DDoS
5.516350522550828e-05,0.0001760845009863382,319,1402,1.3352145223729756e-08,DDoS
4.740700886593784e-05,0.00015060624767480497,335,1420,1.1294773941481012e-08,DDoS
4.447802541453269e-05,0.0001537837398292288,322,1400,8.014641940414663e-09,DDoS
7.700597135608625e-05,0.0002502322046312515,336,1392,1.529310592962485e-08,DDoS
2.5266747059830703e-05,8.013180040060427e-05,325,1414,2.7225554801303255e-09,DDoS
3.8747397258831835e-05,0.00013910266503037872,336,1416,5.421651382102098e-09,DDoS
2.58787781052309e-05,9.611634016195165e-05,334,1424,1.4965718387881174e-09,DDoS
6.196579498775997e-06,2.061735416111477e-05,340,1504,6.203257930324321e-11,DDoS
1.0211321428683816e-05,3.429160917304439e-05,339,1376,1.3219759771258838e-10,DDoS
0.00011442464633331585,0.0004726926783215644,312,1340,1.8152334926376962e-08,DDoS
6.998134628418016e-05,0.00023241964724390448,333,1344,1.1917146671994628e-08,DDoS
6.785295717848952e-05,0.00021478447607045775,317,1324,9.719488399767004e-09,DDoS
2.4548107027425272e-05,7.765010852029826e-05,330,1302,4.573340436019729e-09,DDoS
0.00012108096434770319,0.0003889115727973398,360,1350,1.4009599753132371e-08,DDoS
0.003665694699290783,0.016462900684880502,309,1280,0.0006609479128846514,DDoS
5.7325309420216694e-05,0.00018840502949372346,323,1304,7.321747607723606e-09,DDoS
2.221042301248017e-05,7.065068941475922e-05,328,1342,3.988229457521519e-09,DDoS
0.00013059929363644596,0.00043451418728624743,326,1324,2.4689850679455145e-08,DDoS
4.750968077723437e-05,0.00016666536190632859,319,1340,1.371025924197962e-08,DDoS
0.00011278965253901216,0.00037765547132886804,331,1320,1.750826533101648e-08,DDoS
5.199826435388183e-06,1.668637535245056e-05,332,1340,2.9246722206825207e-11,DDoS
2.371224174684105e-05,7.93852392803024e-05,315,1298,1.2367437208112657e-09,DDoS
1.041103217215199e-05,3.2409000825754776e-05,341,1324,3.937285564970831e-10,DDoS
1.6960466677920985e-05,5.6660516868220814e-05,328,1322,8.134482786321423e-10,DDoS
4.044010416094465e-05,0.00013374434251912665,317,1314,6.465708303727554e-09,DDoS
8.204540546446225e-05,0.00026130483005473845,315,1306,2.682663143118486e-08,DDoS
4.62873303374504e-05,0.00014068348385770996,332,1332,9.334980669824262e-09,DDoS
2.996633076412874e-05,9.0172269685303e-05,335,1318,5.4828063381644985e-09,DDoS
6.395794922052239e-06,2.295284852879934e-05,309,1338,4.059920245636426e-11,DDoS
9.515451040968797e-06,3.3066199746466686e-05,349,1326,8.170956176661699e-11,DDoS
2.7868639513135832e-05,0.00011303149249310661,330,1372,1.338376575905595e-09,DDoS
2.630966067099275e-05,8.488196002846409e-05,326,1332,1.9889035305355364e-09,DDoS
4.604940800025724e-06,1.6148055145132955e-05,307,1300,4.4932684183472355e-11,DDoS
4.573982274935081e-05,0.00015147029720002982,331,1302,3.682009133375925e-09,DDoS
4.291701968750395e-06,1.4733185994036825e-05,319,1348,1.5399216377766907e-11,DDoS
2.383890750137185e-05,7.896487232042368e-05,330,1364,1.5687930639458224e-09,DDoS
4.688914390655816e-05,0.00015333302274528926,344,1358,1.5554562956516242e-08,DDoS
4.6328588054860565e-05,0.0001543406171146902,333,1306,1.1682440600377272e-08,DDoS
9.446330249263016e-06,3.183579713904491e-05,331,1320,5.7461154858852895e-11,DDoS
6.425128825806516e-06,2.2873191509028212e-05,322,1326,3.0207896474499245e-11,DDoS
8.507467698826316e-06,3.078987155499586e-05,322,1306,3.5621549940200915e-11,DDoS
1.8580207065555103e-05,9.551319421480447e-05,327,1324,1.2962799926747962e-09,DDoS
0.00011128142330580976,0.00043871937462483285,317,1294,2.2223268176887193e-08,DDoS
1.588367779384405e-05,5.2310017950778903e-05,324,1340,3.045416571020471e-09,DDoS
9.544920651598042e-06,3.114758950038564e-05,325,1320,4.291997039236918e-10,DDoS
6.929010146335937e-06,2.3720344922624686e-05,324,1314,3.724807821261563e-11,DDoS
1.3860221542199958e-05,4.7450713526927486e-05,324,1354,9.766907667320056e-10,DDoS
5.296220960827624e-05,0.00016614756602345272,341,1328,7.243862237226258e-09,DDoS
6.362075694179865e-06,2.2158365273478826e-05,321,1306,3.200827929944019e-11,DDoS
1.0265071362990608e-05,3.4223017075414204e-05,317,1306,4.533169528794117e-10,DDoS
9.477901161004244e-05,0.0003067606525773126,331,1320,2.0563746408480507e-08,DDoS
6.995004238375397e-06,2.4949521771328734e-05,321,1294,2.8158691416063767e-11,DDoS
6.383075319027505e-05,0.00022243608769849908,325,1320,1.451048015622871e-08,DDoS
6.038096389411165e-05,0.0001927086172798623,345,1306,9.451101423199558e-09,DDoS
4.82882926289974e-06,1.6336134039087064e-05,323,1306,2.080966808407888e-11,DDoS
7.503259784466976e-05,0.00024782722900686837,324,1340,1.1473050963271228e-08,DDoS
3.002790227107022e-05,9.497020417203867e-05,333,1324,5.6068528056156295e-09,DDoS
4.4565103939058204e-05,0.0001508369798435977,310,1322,7.676856106715203e-09,DDoS
5.90010331743941e-05,0.00018513339145853101,344,1352,1.5110823872126568e-08,DDoS
9.677998015970487e-06,3.011426415436982e-05,311,1334,7.737530837982293e-10,DDoS
3.8512414312925324e-05,0.00012946969087629997,325,1342,6.305215672429583e-09,DDoS
2.94707872852162e-05,9.796340314879009e-05,324,1308,1.929990388316426e-09,DDoS
5.939021941511094e-06,2.240633708905851e-05,312,1334,2.3503977296434407e-11,DDoS
1.3153784769016761e-05,5.0477468677421814e-05,331,1312,1.0316281241009594e-10,DDoS
0.01884883111383355,0.0187817468136382,240,680,0.0007308784500377914,BENIGN
0.035480450815275615,0.12231412966395226,874,131849,0.013830841503679131,BENIGN
0.014882642203693926,0.25008065036911736,200,3384,7.080849271289386e-05,BENIGN
0.018299527111774346,0.2972423527297674,200,3244,9.570361952335288e-06,BENIGN
0.01794404915287832,0.28862213407685,200,3216,1.0660210764644721e-05,BENIGN
0.0180060672855729,0.2912033883820654,200,3230,6.0323768937224776e-06,BENIGN
0.01849715966427342,0.3012698408488558,204,3320,1.0709728678712618e-05,BENIGN
0.01805021437605515,0.2906339490265167,200,3218,4.824150158989213e-06,BENIGN
0.018614332031562937,0.30319153644665936,200,3250,1.3445846141687928e-05,BENIGN
0.019132497484321945,0.31409251460049903,200,3310,2.9540822860594074e-05,BENIGN
0.03153652716655518,0.930898969323926,243,13122,0.01130269695588589,BENIGN
0.003798729758192479,0.000659622138558914,283,16196,2.389310130643879e-05,BENIGN
0.016630188932435046,0.25183167725248634,274,24115,0.00881934909509491,BENIGN
0.2758758678234955,1.9501956030685152,590,27737,0.2669330942734528,BENIGN
0.11106366829900878,1.4084595998413212,287,9118,0.10957229383700226,BENIGN
0.011245089963374701,0.0980883886089704,190,8123,0.0005733750422217635,BENIGN
0.00269631984891228,0.07577505355931352,439,294754,8.349642519072483e-05,BENIGN
4.3320162585651246e-05,0.060928620376805694,355,203671,9.780359484525591e-09,BENIGN
9.075438258263551e-05,0.1233839328471272,364,230914,2.7686770260552166e-08,BENIGN
7.543354606182337e-05,0.1043437388955143,363,303955,1.2064064267382275e-08,BENIGN
4.06658928384591e-05,0.05782816947452329,365,275277,7.795970391119046e-09,BENIGN
6.405131081167468e-05,0.08486541205406453,342,136791,1.862310288191003e-08,BENIGN
6.133421096696484e-06,0.007810555911923339,329,57638,3.8176107740441946e-10,BENIGN
3.0692746260902442e-06,0.0033646903774017366,344,106054,2.0362331210609008e-11,BENIGN
2.1793555542163693e-05,0.032089519700461776,353,125839,2.34153000501036e-09,BENIGN
1.589745282836575e-05,0.018763260363477738,361,119018,2.7760481828518e-09,BENIGN
4.8913853967769394e-05,0.03384078941888482,352,209808,9.75517728013537e-09,BENIGN
5.087060215287587e-05,0.0710088109666429,369,282717,1.3904088212964549e-08,BENIGN
1.055506503132056e-05,0.013383214022549172,369,263700,3.0222174622144476e-10,BENIGN
2.8694074548669236e-05,0.030539839994224577,362,204308,3.065739500480033e-09,BENIGN
2.528805594340233e-05,0.027092183605444783,378,278700,1.7408702687214478e-09,BENIGN
4.389072857771005e-06,0.002614286480571388,346,38555,7.40677712028498e-11,BENIGN
1.5587976300565726e-05,0.019995402664589025,354,164779,4.2405040297826235e-09,BENIGN
5.124595773239451e-06,0.005235280296750247,346,107423,5.301480538574584e-11,BENIGN
6.340300288737367e-06,0.003354659262737818,350,132684,3.92743815660546e-11,BENIGN
4.5657627255304575e-06,0.003123829877097633,356,141595,2.7739622364843358e-11,BENIGN
4.456630083133072e-06,0.0053338418546302465,355,164779,3.274029411261246e-11,BENIGN
3.733313185693366e-06,0.004253414211878707,345,192677,1.5359950996752137e-11,BENIGN
2.843669158980895e-06,0.003038915715712954,339,106119,2.1390721305872064e-11,BENIGN
1.7579183589979023e-06,0.0006783959291596611,339,55638,2.3752630424900978e-12,BENIGN
1.3503823642116698e-05,0.01011854941313462,340,187957,1.1060754607069154e-09,BENIGN
2.9627487110553993e-05,0.025262763916390787,359,206433,3.5949592335712446e-09,BENIGN
7.013439072061574e-05,0.09824585715469,363,154499,2.00377681141791e-08,BENIGN
2.2659026089642543e-05,0.018397801810913533,353,194195,4.775447296909495e-09,BENIGN
1.276469759545293e-05,0.016985146872486583,348,151101,2.1169712330031358e-09,BENIGN
5.173566196931035e-05,0.07527327305841418,358,241807,8.444460990035745e-09,BENIGN
2.064568984367405e-05,0.02922494092042109,358,292342,3.2790520403827366e-09,BENIGN
1.2960325627305364e-06,0.0002955084658981635,341,35823,6.206875843002625e-13,BENIGN
1.8061382854614706e-05,0.025421153594725257,346,166755,2.637072714587834e-09,BENIGN
2.803624520228022e-06,0.002328434733921753,334,67858,1.814081958968923e-11,BENIGN
5.631167327577731e-06,0.004271713423646026,366,178386,2.5281919961873645e-11,BENIGN
1.7020704265041043e-05,0.02055213553737263,367,220052,7.339998999250993e-10,BENIGN
4.045352085785278e-06,0.003470523010081808,347,128595,4.554166538167265e-11,BENIGN
0.038674017828134045,3.4703189608862157,341,88525,0.014855753096499448,BENIGN
0.1144318839866424,0.7085891691729739,107,2167,0.033300824892397295,BENIGN
0.054839275448983885,1.428666323863644,363,14780,0.030385234367848995,DDoS
2.9309339743901865e-06,1.0610481332960434e-05,317,1434,9.045817603141313e-12,DDoS
5.2632332597814565e-05,0.00016662998681017877,349,1402,9.015052711284638e-09,DDoS
7.732611386497818e-06,2.6787213627831692e-05,325,1464,1.2664459985301004e-10,DDoS
8.389506867116059e-06,3.0126977376367742e-05,324,1390,1.3264977321831387e-10,DDoS
0.00011645822645549122,0.00036089133828726556,360,1382,1.1504755130038327e-08,DDoS
1.768652181833571e-05,8.004903669875416e-05,313,1456,2.3453489889973535e-10,DDoS
6.920507246673266e-05,0.0002778584287338724,328,1436,1.9214618810133668e-09,DDoS
9.330734607231554e-07,5.598440764338933e-06,222,1332,3.842532606906227e-14,DDoS
2.5967007685557683e-06,1.558020461133461e-05,228,1368,2.8832392229533117e-12,DDoS
1.1991260030617163e-05,7.194756018370297e-05,219,1314,8.358930215826535e-10,DDoS
2.6567483290908928e-06,1.5940489974545363e-05,226,1356,1.0754737369948267e-13,DDoS
0.00011022918054556807,0.0006613750832734084,189,1134,3.067466745842868e-08,DDoS
4.6265828535452586e-05,0.00027759497121271554,222,1332,2.3295268693542505e-09,DDoS
2.5675367942669948e-06,1.5405220765601972e-05,218,1308,7.92260760621496e-14,DDoS
2.6939830626158816e-06,1.616389837569529e-05,220,1320,1.4052253723118237e-13,DDoS
0.00028558719968042445,0.0016620164411905738,214,1228,4.431766152359155e-07,DDoS
3.0000526878305878e-05,9.33997087375369e-05,319,1348,4.173745700765236e-09,DDoS
3.2564442270206896e-05,9.510461574328465e-05,339,1330,4.670051126911527e-09,DDoS
1.689601768309005e-05,5.561525335427735e-05,321,1328,1.5727595744128839e-09,DDoS
5.3927047717731256e-05,0.00016925188428626984,342,1306,8.334237252354329e-09,DDoS
4.728732088409581e-06,1.6561597601203135e-05,321,1336,2.1671992092556713e-11,DDoS
7.093912108890603e-05,0.00022971006776097258,333,1322,6.351664797806109e-09,DDoS
6.234864825867515e-06,2.2734147925610678e-05,319,1322,9.983042915377246e-11,DDoS
5.7543958260012716e-05,0.00018850817766576385,352,1328,2.565804375915465e-09,DDoS
0.00011438683951443494,0.00034221252614105823,334,1320,5.6506110099485434e-08,DDoS
0.0007483949555643298,0.0023745077448512767,338,1336,2.4793994386494737e-06,DDoS
0.051796804044607604,0.181120237778545,193,910,0.017891063481469807,BENIGN
0.07067294020594792,3.0181565863676205,408,15900,0.03561783915946488,BENIGN
1.2007203371414451e-05,0.00033575270219939307,1882,85014,4.38659354991687e-10,BENIGN
0.005609802663346925,0.9917362496486194,1491,31942,0.000891208046134467,BENIGN
0.009233971344630276,0.18407457986752768,200,3770,7.918977596844135e-05,BENIGN
0.014035827789275328,0.09004205441041936,358,7304,0.00521220708717698,BENIGN
0.061656132129841244,1.2526709074041702,305,14944,0.08818425003864262,BENIGN
0.0001187492541299634,0.003282448773333986,108,2866,2.509211213846499e-07,BENIGN
5.4353309413967165e-05,0.0014575535126539205,106,2742,8.255778305319191e-10,BENIGN
0.0005791991390459559,0.016885001862296946,114,2656,2.1131755587606843e-06,BENIGN
0.015420759513609803,0.08522032864025383,333,194665,0.005703108812764238,BENIGN
4.468188407375973e-06,0.005497099870762392,342,119738,9.277036599655859e-11,BENIGN
7.196243888344427e-06,0.00952363579257969,363,240480,7.495473082373364e-11,BENIGN
5.373578709841368e-06,0.0033953134090756064,351,153833,1.7189308694778463e-10,BENIGN
2.4414280563770997e-05,9.664371744467427e-05,336,12621,1.301307633784509e-09,BENIGN
1.9435617104302706e-05,0.007653895388378263,345,54912,8.060850202404729e-10,BENIGN
0.03201581318570691,1.6448261634923846,396,42680,0.013341040440942035,BENIGN
0.0026549917117031376,0.030931331828457687,1130,49529,4.878217990248653e-05,BENIGN
0.009614162972436422,0.20383156271139652,355,11627,0.00011624492177059454,BENIGN
0.012701098123773806,0.23468111425854007,200,3682,0.0001335976160179241,BENIGN
0.010376898199307092,0.21919683782704438,200,4280,0.00012204565070663025,BENIGN
0.007991207991150178,0.17085730485370615,200,4056,0.0001004037443862238,BENIGN
0.010839667185338435,0.22964193523762183,200,4164,9.897079700953108e-05,BENIGN
0.012271197826106639,0.23160877646242134,200,3866,0.00011408680340724319,BENIGN
0.012677566591500529,0.09089705149345907,788,59363,0.002464263048478823,BENIGN
0.000465622285208904,0.0037725118823840453,2324,49860,4.588043718240216e-06,BENIGN
3.9607781862961644e-05,0.0008548834730814042,752,36202,6.542097899121291e-09,BENIGN
0.11580638131066466,0.6684058044835729,2437,58629,0.1676311975013405,BENIGN
0.1981575594891293,2.892961027394745,114,1028,0.07280963463955405,BENIGN
0.36415839664667926,3.3490886105902176,169,3060,0.26361997899930706,BENIGN
0.006271082762078274,0.11472696719219817,778,47898,6.766774816783541e-05,BENIGN
0.02703821046655233,0.08285265919059973,183,4330,0.019985140922765106,BENIGN
0.012217188722987871,0.17320790103823555,963,15416,0.0009769185701807937,BENIGN
0.005889205872966553,0.1117425042520268,818,24178,9.613291850941781e-05,BENIGN
0.11458211794176919,1.7741552717573634,282,1275,0.05039842753793629,BENIGN
0.02883227622353046,0.6479416233432534,945,15392,0.006646539460092735,BENIGN
0.010035447168534576,0.1577287725428886,254,4658,0.00012749354711205003,BENIGN
0.009587563707925482,0.29615077526901046,294,5334,0.0009593447712252628,BENIGN
0.012487752181735834,0.622015987794214,1741,28156,0.007661987822636023,BENIGN
0.0004841064712341055,0.004630009689808871,537,22217,4.288355959245825e-06,BENIGN
0.02423407816873169,20.781266713690297,2435,48064,0.019933790341172077,BENIGN
0.18948447930814905,2.539451282876264,445,39041,0.19052204026509295,BENIGN
0.20086482693275273,1.0911889741427465,125,777,0.23967829762432113,BENIGN
0.11302428146703992,0.4260356308130906,168,1535,0.1072205855256169,BENIGN
0.1284370366162003,0.5422762264031342,744,35772,0.06851061542320737,BENIGN
3.1340769367868196e-05,0.0005422782918951239,1889,43271,2.217691866128734e-09,BENIGN
0.0002660401531850056,0.00032732102580066834,636,17351,2.928235981732852e-06,BENIGN
0.0038751428557413058,0.06978977808876874,204,3766,5.203358895017895e-05,BENIGN
0.04233403242541454,12.386835128265496,1045,44926,0.07996220046576334,BENIGN
0.0007681335549565518,0.014593941701193169,1082,35272,9.147850525427542e-06,BENIGN
0.009129217347774572,0.2783975674768097,656,34931,7.909920766184125e-05,BENIGN
0.022194243733756426,0.7124714090000438,234,6756,0.006800162597050093,BENIGN
0.000823339497533718,0.024219727247096777,104,2622,2.7599095542038878e-06,BENIGN
0.001453098404311528,0.02052636470141925,265,8268,2.2341335797189966e-05,BENIGN
0.018858380877604927,0.17650398715799637,691,18148,0.008825047036906479,BENIGN
0.0439620969739028,0.9368279122931383,581,68712,0.01915672987098147,BENIGN
0.09079432957109472,34.90034170909393,480,47107,0.049279800908629635,BENIGN
0.09120758750782278,0.9642240788419519,286,2711,0.06635163853784654,BENIGN
0.12836498012124595,0.627256523461882,138,1497,0.11114373288187207,BENIGN
0.05254721408343549,20.844825170924537,1075,55557,0.030313821628013774,BENIGN
0.0010374786631493207,0.006999369988883077,7317,127979,2.3862537087804155e-05,BENIGN
0.007102072267753993,0.14284206530684324,293,10620,0.00010925965063959537,BENIGN
0.011713260956248622,0.24123430169857754,242,5518,0.0001219181847349662,BENIGN
0.010809538541767336,0.21301884572156848,254,5574,0.0001274536586093782,BENIGN
0.01380359481032577,0.27431187699157816,240,4916,9.988811873721391e-05,BENIGN
0.014687876275629074,0.2812012076246064,232,4862,0.00010204470968380716,BENIGN
0.009500739955088482,0.19695085422163977,264,5858,0.00012597898117117456,BENIGN
0.005228705408766295,0.09026246059590289,820,36800,8.518860884670893e-05,BENIGN
0.000380215811647915,0.0027723063694840085,1107,36360,5.201474966942263e-06,BENIGN
-0.03563376468777459,-0.10208122978125068,698,134873,0.0810215369948601,BENIGN
0.029227738426412,3.0192828673417176,815,29616,0.013948666913936408,BENIGN
0.0002699506174111625,0.006436579187051599,106,2743,7.768145721384367e-07,BENIGN
0.0005333260881948906,0.0147138715153066,100,2615,1.7597371574222303e-06,BENIGN
0.18488082035722164,1.2525640257212753,268,13466,0.3116280861398848,BENIGN
0.2786371906839203,6.116581763438181,152,1594,0.23009181998096168,BENIGN
0.13100426026842363,0.8561220340180433,313,7960,0.06323403843330323,BENIGN
0.061545644374886056,12.364381976498658,563,47551,0.0870512725968022,BENIGN
0.05729972133028256,7.7593059627555885,487,35255,0.035067514307109776,BENIGN
0.008552532986037644,1.5794925545187168,1053,49716,0.0026046940871076456,BENIGN
0.0012167777120723553,0.02166721045510502,3017,152260,1.495818398678502e-05,BENIGN
0.007652422977355795,0.9308256895377841,271,10399,0.0013001618085285438,BENIGN
0.12757566620189492,2.030546029341877,484,16472,0.135148663545313,BENIGN
0.21611858858279503,2.178242003413614,208,3218,0.28784037278370717,BENIGN
0.005681590154118992,0.10670084358191381,956,73660,0.00010081553841373448,BENIGN
0.012041632180390463,0.2219105797288417,252,5402,0.00014077668464649795,BENIGN
0.0020049704196176458,0.03754578363499295,3266,51542,4.670489102453782e-05,BENIGN
0.01217788648002307,0.06201895594251632,527,13419,0.005009533389481013,BENIGN
0.004542678650735705,0.07230465562662386,232,3894,7.381417907888564e-05,BENIGN
0.00828689396604698,0.131286005177195,227,3867,6.613762472310954e-05,BENIGN
0.014204398239724646,0.09575384999896698,1063,18499,0.008899846226916962,BENIGN
0.011306923989070756,2.5461606278717746,963,31126,0.005862811056985777,BENIGN
0.07327440269807448,0.7568487104636473,310,9118,0.04004134663822158,BENIGN
0.0002206046900477807,0.005585677234343965,112,2639,8.914064173036779e-07,BENIGN
0.015882797578303583,0.6494418768084563,129,2650,0.005033436770421091,BENIGN
0.12265530722757276,1.522753339431167,308,15345,0.11611297331181039,BENIGN
0.4018667048072387,4.566055210915695,116,724,0.500013959709709,BENIGN
0.34174464570307145,2.934256294531516,115,3691,0.20302187075407097,BENIGN
0.06983119876494188,0.7845273588761148,1005,44020,0.09601060640084302,BENIGN
0.014008129291284296,0.28598191594855654,256,5354,0.00016443079737298995,BENIGN
0.011263972218700107,0.21087969560732692,258,5280,0.00015800507971713555,BENIGN
0.010989644972964771,0.1998646629473432,246,5032,0.00011242030244273725,BENIGN
0.009128743389792865,0.16763343780616688,503,17483,0.0001250931746290827,BENIGN
0.045569914086588816,0.15971141725043467,694,35856,0.0798346115155429,BENIGN
0.027123195837440647,0.7192161185582809,512,43828,0.016160918555757506,BENIGN
0.026677429537115632,0.7306087140993663,168,4930,0.016200825364726272,BENIGN
0.0002668588647858059,0.006633003444451585,114,2912,7.578963938602691e-07,BENIGN
0.00022746957950115008,0.006117651536082498,108,3024,8.605441139138591e-07,BENIGN
0.0001473159003841095,0.0044019048994754515,104,2606,5.037569178193265e-07,BENIGN
0.00021591900661198398,0.004996291895098672,106,2733,6.867452529093012e-07,BENIGN
0.005907213704991984,0.13354552855094254,641,23228,0.00011172849621354954,BENIGN
0.017384975024256975,0.3709144494701198,226,5038,0.00015232345670710022,BENIGN
0.007438298987587338,0.17320992712994956,258,7020,0.0001306856586152475,BENIGN
0.0077835105197701145,0.138772440257003,1809,53944,0.00017676672613694514,BENIGN
0.02507030119190844,1.2148052551999435,486,32264,0.008753699427095094,BENIGN
0.003701516471923161,0.06285563226465879,829,52930,0.00015461762174426863,BENIGN
0.02503512377716156,0.21619796911301908,1119,64811,0.015942089525417754,BENIGN
0.009717032940443677,0.17709473380921398,369,13774,0.00014564294643188848,BENIGN
0.01703475415428194,0.3334932233635313,204,3920,0.00012222193734562882,BENIGN
0.018528411859030095,0.3483027494130365,200,3774,0.00012165410594519035,BENIGN
0.015331525001005358,0.2906512296719891,204,3752,0.00015278920037885155,BENIGN
0.011770040840151074,0.24384544494145843,200,4034,0.00014972612452964447,BENIGN
0.013433371464148258,0.26627805968712015,200,3940,0.00013494026032830864,BENIGN
0.014762600680450924,0.28271316203505714,200,3896,0.00014341811662483108,BENIGN
0.005652574600728796,0.12284215122892483,739,28433,0.00010258783450220979,BENIGN
0.0003140641679690722,0.00192373039213638,4332,85179,4.8818175743656345e-06,BENIGN
0.13592441287236623,2.1356670834658655,564,51449,0.0817152210122284,BENIGN
0.20128565422639827,4.331816369824319,111,2033,0.08114921504106266,BENIGN
0.18446934348525607,14.304133313850844,392,24917,0.19104350105145457,BENIGN
0.061678115671283985,0.3790981564474181,675,48363,0.08730417299295781,BENIGN
0.047417983728795264,0.07471840589828886,189,3329,0.01900662488745435,BENIGN
0.12224886213908291,1.4291352236415287,141,1170,0.06686394163895631,BENIGN
0.22411637760128575,2.254345857817089,138,1339,0.14905256793610963,BENIGN
0.05750101456757938,0.3788530085442898,389,36956,0.08740586803680218,BENIGN
0.042594979999293736,0.28001528076729176,1126,16854,0.07982308005660624,BENIGN
0.0660603250981798,0.9444319521452355,1376,32812,0.09407324913064691,BENIGN
0.0790953647751307,1.2689797643601433,448,24848,0.0866783362893318,BENIGN
0.06655180992020349,1.4522181125717706,414,24804,0.03307087810089117,BENIGN
0.1828673695852984,43.90958427549105,435,35150,0.13807464283051557,BENIGN
0.25923803473272816,2.229654001964149,305,667,0.19167273155179224,BENIGN
0.3035844282059718,2.271939895003135,333,7936,0.15080418246399735,BENIGN
0.016262559582130773,0.6774074100749751,959,18384,0.008436499008033753,BENIGN
0.04179169488362397,12.396879061159387,382,29297,0.07989363275704062,BENIGN
0.06707257746149937,1.592701126987988,312,7086,0.033790631986770736,BENIGN
0.0665605578765241,0.7058003270005869,184,2617,0.03093235399318344,BENIGN
0.01794171639877993,0.12972604152410827,400,32503,0.005048720874336006,BENIGN
0.001266299348727262,0.028078665649850124,5989,119353,2.2636656101999778e-05,BENIGN
0.01320418588044946,0.24287004762280154,289,6515,0.00015666190405147872,BENIGN
0.13084431581407246,19.334578451609456,1083,80807,0.17876132335565065,BENIGN
0.0005385391204642231,0.014429854928759011,104,2599,2.297499104767798e-06,BENIGN
0.00013927354431678653,0.0034006743065916837,116,3048,4.1254894343402593e-07,BENIGN
0.00019912029918892632,0.005773716454600235,564,19327,6.665661201143578e-07,BENIGN
0.008657468078878626,0.17774420486252793,369,13340,0.00013032881255632865,BENIGN
0.010621360231818642,0.2178654993006828,206,4130,0.000136522830897286,BENIGN
0.013604986175669425,0.3120130445461725,206,4496,0.00011359803931051261,BENIGN
0.005179513551100377,0.11479659499269411,892,35092,7.19991280165686e-05,BENIGN
0.04241638833155795,2.8374151633459728,1117,56477,0.026488444729958212,BENIGN
0.08416187784315371,1.101917554197577,406,4482,0.09453447196268058,BENIGN
0.038880350230028136,3.1456351437886747,466,21230,0.012244424258650613,BENIGN
0.10215530457754472,17.17050383177607,1292,53200,0.10996070174380013,BENIGN
0.009474285929150256,0.1131363059721596,213,7882,0.0001592231733132473,BENIGN
0.1828832654726762,3.2492589798632094,201,5136,0.22467689429883997,BENIGN
0.164081346044276,1.62209992579304,104,545,0.07148382909550824,BENIGN
0.07902916632134603,21.184515988679617,388,34154,0.042318777259707736,BENIGN
0.00022793373518651338,0.0015211265543010946,808,47525,2.333638660211856e-06,BENIGN
9.688446223082521e-06,0.0003255151299301647,2421,99743,1.8880161701308163e-10,BENIGN
2.22163361093714e-05,0.001195853997692672,256,19795,7.936990411232355e-10,BENIGN
0.0005827005696612589,0.003929374097747419,630,34245,8.12232709649158e-06,BENIGN
0.006633975543242949,0.12432536124878184,350,12921,9.014578418288133e-05,BENIGN
0.007281869730899223,0.1309341003576008,250,4750,0.00011476170321468479,BENIGN
0.009197651221043188,0.1796881022838518,266,5892,0.0001264924016541054,BENIGN
0.0060484752134439945,0.11250205020460399,246,5108,8.858255802198707e-05,BENIGN
0.0092437317086656,0.17640661737825453,258,5586,0.00011265871747366134,BENIGN
0.0064699861228311025,0.11838655425478621,254,5232,9.064742972847255e-05,BENIGN
0.005559066490958185,0.09298309426798018,266,5090,9.7310433889791e-05,BENIGN
0.008201913632854073,0.13855304557096593,250,4680,9.772924547272587e-05,BENIGN
0.00792690515878087,0.14559537305528,254,5086,9.902892663758637e-05,BENIGN
0.01003539689139746,0.16866689835329518,238,5266,0.00011111143622010873,BENIGN
0.016058904879724688,0.11735980375555438,957,20862,0.003901191828342743,BENIGN
0.00013816968876321147,0.0012020884644185035,525,46065,8.356257714235857e-07,BENIGN
0.0002607080078629706,0.001957044956250345,1649,50890,2.3047227754273555e-06,BENIGN
0.0012437327683007303,0.007649036248725383,999,60509,3.054127407240434e-05,BENIGN
2.653868156523653e-06,0.0001167996778405448,1239,50530,4.421223261675662e-11,BENIGN
0.0008282145417256795,0.005276366894375891,1013,46890,3.330015572156341e-05,BENIGN
0.0011088209442930055,0.005049907045519204,830,58449,2.1219224828625682e-05,BENIGN
0.0003038081229037987,0.0012758738027627006,905,65889,4.022345118377823e-06,BENIGN
0.0006984141807144508,0.004515364644668212,728,71137,7.653950891564127e-06,BENIGN
0.000418535636824039,0.0026971486081131513,1158,43067,1.944291510679422e-06,BENIGN
5.508017355192164e-05,0.0007815517511197283,927,17647,5.421590563475618e-09,BENIGN
0.0011748817821798793,0.0007002394966137845,715,27501,2.1606404959596438e-05,BENIGN
0.00025824468834548286,0.007499058990738451,118,2900,8.261593810920916e-07,BENIGN
0.00031050825644284583,0.008620007714139795,110,2730,1.0936149092040934e-06,BENIGN
0.00012845101826266915,0.0036565132867373185,106,2672,3.156304647968064e-07,BENIGN
4.1100739692262075e-05,0.0009423771404475678,110,2522,7.620400602179252e-10,BENIGN
0.00013241333416673826,0.0033569817771848657,104,2471,3.22937551370744e-07,BENIGN
0.016133784884756544,0.0792888663035326,116,2453,0.007300602605653565,BENIGN
0.15963398001999912,0.7529306976148422,288,7112,0.1686293114254911,BENIGN
0.18613740211764637,1.5747798954372174,113,663,0.1349409576559153,BENIGN
0.11525460180204991,2.2895778636844932,227,1785,0.10192911197433134,BENIGN
0.3510734369741813,2.851512457463558,112,978,0.15280443282860356,BENIGN
0.027016789984800248,0.15404421529181986,766,29042,0.01359601012769953,BENIGN
0.009333296817040402,0.04104424834402253,1076,74034,0.0012781123023588533,BENIGN
0.00846143666785334,0.17952687886729787,246,5700,0.00010753395212591168,BENIGN
0.010237971002405043,0.17721714735176178,288,25568,0.0001578762090445406,BENIGN
0.0023126824479695316,0.014137383669901592,784,23756,4.784921645292824e-05,BENIGN
0.002720279193567049,0.017110167863793376,646,113809,6.860432939045561e-05,BENIGN
0.006451014059262052,0.07386666270539646,535,31233,5.048768770767077e-05,BENIGN
0.0004591506721417761,0.009178922222768875,120,3032,4.362834495734048e-06,BENIGN
0.02410324967611793,0.1324603618255878,578,57867,0.014917338956760394,BENIGN
0.26033412417947477,5.4331016933571625,115,1276,0.17053102316632462,BENIGN
0.12611221834463307,0.5090594539093584,156,2778,0.05749390346914026,BENIGN
0.02168135881059535,0.15707291705135337,356,10077,0.009245210756498925,BENIGN
0.09923230801856625,1.869988146105608,1031,15500,0.1052914753771691,BENIGN
0.00015092130326617553,0.0034118133985779854,185,5173,3.9110473891894905e-07,BENIGN
4.824741106085228e-05,0.001268636681621875,100,2618,6.540944938206014e-10,BENIGN
0.00037681963285149893,0.01023051562295692,102,2407,1.4141905883752507e-06,BENIGN
0.0726420209799333,22.274537140648473,355,25891,0.03747735784617016,BENIGN
0.005002416561703819,0.030412964252113893,1037,52140,0.00025286808989210207,BENIGN
0.004751439916469433,0.08738476219241034,280,15668,9.075174946162954e-05,BENIGN
0.01030326014756185,0.21029411858546607,212,4120,0.00013295622007802066,BENIGN
0.011360474584369363,0.2248802712812482,208,4104,0.00014827252494838253,BENIGN
0.010147309144335539,0.2143732619147103,200,4074,0.00013615052981897667,BENIGN
0.009964671741266178,0.18655412803073243,200,3874,0.0001233175249669865,BENIGN
0.008171527171869869,0.1485892961877561,200,3436,0.00012254619750903733,BENIGN
0.001906881787630558,0.0322423986680013,640,24800,4.194262570682767e-05,BENIGN
0.0030488112379621034,0.01896134431628733,1076,49643,4.584416405562645e-05,BENIGN
0.013230707530482413,0.04517375672072882,1826,61866,0.003655107010410948,BENIGN
0.0030678875969996655,0.019010040035116457,605,46276,6.0920839148439815e-05,BENIGN
0.04385605189278311,0.15259165603181693,536,26732,0.07974409849086876,BENIGN
0.0748001907342811,3.911250905672946,367,16443,0.03615479778039893,BENIGN
0.12460019178742336,1.2347259245721671,103,523,0.05101584293357008,BENIGN
0.22315197662332475,2.150225385053273,281,16300,0.13567726247136025,BENIGN
0.1521305991374627,1.119525489373939,354,7444,0.18514128090582613,BENIGN
0.022781134593048757,2.9808197173334277,225,13084,0.01239469383364265,BENIGN
0.00687453934009284,0.14442335927332717,971,23400,0.00010653200836212572,BENIGN
0.008253982693793741,0.16839255368764824,2390,32179,0.00010874550217794676,BENIGN
0.023002600409628024,0.8893842572899021,5450,33411,0.008823804760923381,BENIGN
0.12224665841244504,1.3179420989287098,129,1528,0.05606338281697956,BENIGN
0.2847928125254364,1.886167886939868,149,2344,0.20887043930517019,BENIGN
0.030234728523848738,0.3141999114759292,2785,49590,0.016363140377667895,BENIGN
0.007633236788682657,0.1425715702152067,200,3754,6.454114508114315e-05,BENIGN
0.07378612969931492,12.666192418820927,680,42849,0.09436774343775962,BENIGN
0.04172424582443985,5.001714526163394,194,10599,0.019424909300214524,BENIGN
0.12925803522191,2.0281558938985995,417,25077,0.07808308392200515,BENIGN
0.2273834442545583,16.919572577953502,314,23619,0.2517943125878923,BENIGN
0.05855177865280048,1.4406569569464585,344,8328,0.023542199257953648,BENIGN
0.2741707401147049,4.037757313406433,143,2042,0.28321339575562854,BENIGN
0.1893055412904837,1.074902676448796,372,35727,0.18481014278875219,BENIGN
0.00029314233555980106,0.007917919196308118,110,2845,1.1057418078491365e-06,BENIGN
0.00014155006692756998,0.003697478824415021,102,2644,3.725709227957661e-07,BENIGN
0.0024165958295817437,0.012508569996035645,210,7638,9.484501097681344e-05,BENIGN
0.002405077293629293,0.007990704202569542,3375,76470,0.00027660664424290836,BENIGN
0.00010769195834414315,0.0017916277722487414,1298,45267,1.2277565099448207e-07,BENIGN
0.009186614950024548,0.20038445059654442,212,4426,0.0001358167725343989,BENIGN
0.011575891059949796,0.24707894859783283,200,4032,0.00015295011285587458,BENIGN
0.008237120186140937,0.17715602495458208,200,4108,0.0001316493324598982,BENIGN
0.008416747897642756,0.1588908157675853,200,3856,0.00014330612869415055,BENIGN
0.008105181327650196,0.12042905297387176,471,18167,0.00019439834211687327,BENIGN
0.022362265050150706,0.06732607228101381,751,25851,0.00835369308804247,BENIGN
0.1663973866147067,2.007055395781305,387,15875,0.1808134214167083,BENIGN
0.2278768061771127,11.072203308901965,515,11785,0.20765953531595202,BENIGN
0.01951169840597394,0.59043943296622,930,28972,0.0033853939149218006,BENIGN
0.0005953800392748279,0.012319674726749798,139,3640,5.242220377012632e-06,BENIGN
0.018598707841879416,0.875833757874475,523,16831,0.008867981291233016,BENIGN
0.006698397771211989,0.04121317980795486,1071,26746,0.0002949058440161353,BENIGN
0.0048285571988378705,0.09794288147209192,1351,41995,8.925886313358981e-05,BENIGN
0.00981179676149123,0.17985020022853504,200,3732,0.00016396468185555504,BENIGN
0.005685688703888901,0.1123374699665363,810,15789,0.00010557106115923994,BENIGN
0.1671164507327939,0.5777782038977544,110,399,0.17339329338642212,BENIGN
0.14374857732634372,25.883211007793967,404,47034,0.1740387260772341,BENIGN
0.0728865397130981,1.8012836103167948,251,8476,0.022110343799067612,BENIGN
0.1835252827380675,1.595613509965657,220,2181,0.1834576705827736,BENIGN
0.08125502576142289,1.3758895220150942,414,34014,0.0886559564934032,BENIGN
0.03958454362665702,2.0332610885342586,278,8110,0.01660201721335859,BENIGN
0.07639267618372035,21.126568335272655,239,24289,0.043867615307255706,BENIGN
0.038075430083532744,2.8613144234890084,462,40251,0.01685339404303379,BENIGN
0.10669610055676076,1.2312251658365903,373,8847,0.06223398011741195,BENIGN
0.03225937217279871,2.7804309101727576,611,22842,0.01515413976837159,BENIGN
0.030135531341582537,0.2028483904983725,688,63976,0.017342749889734995,BENIGN
0.007979411124941261,0.14387071428992113,828,52814,0.0001465516210169535,BENIGN
0.016725520160145935,0.3322895505746583,234,5094,0.00016839637817490097,BENIGN
0.014367307096066859,0.2990027585448392,673,19376,0.0001606562408305796,BENIGN
0.0005329929684111621,0.0035684201391545057,5164,84483,7.725971996064802e-06,BENIGN
2.111924531868942e-05,0.000714021322114546,3128,116131,1.6506894799281668e-09,BENIGN
0.008407635910804708,0.16742674712953157,354,20287,0.0001230025029371121,BENIGN
0.013321112982775522,0.2726559939459741,248,5380,0.0001388278042523992,BENIGN
0.014070493064135124,0.2598757590846634,246,4818,0.00013752701773528657,BENIGN
0.009507458390139662,0.2063192914352954,274,6054,0.00013509927184068024,BENIGN
0.013215616353055284,0.2708835982843993,256,5968,0.0001200178247419251,BENIGN
0.01585702814998171,0.28416917163691147,228,4300,0.0001099615298314774,BENIGN
0.01403294796117917,0.2695086144584168,238,4898,0.00012423293577205527,BENIGN
0.006537006529722911,0.11604675246660667,1208,49417,0.00012282602697738623,BENIGN
7.335115041731598e-05,0.000540500523658884,5810,70354,6.278643122471078e-08,BENIGN
5.21591553645281e-05,0.0020961208261947566,710,113300,2.7793428124772057e-09,BENIGN
0.03331094153697847,3.644976286563641,668,22332,0.018242002744680172,BENIGN
0.0004081625150237307,0.010862380434469441,120,3114,1.2969000401493209e-06,BENIGN
0.0003098184817309668,0.007534528171686985,124,3345,1.14306895064717e-06,BENIGN
0.0002023138280454928,0.004712593325884895,114,2889,6.339972178026895e-07,BENIGN
8.837201067129998e-05,0.002150949251982778,124,3126,1.0882549476376792e-07,BENIGN
0.11205440992354088,1.8697677007352138,284,11164,0.16105291631188134,BENIGN
0.16287671354871308,2.591812056540397,244,13048,0.12286853417843638,BENIGN
0.2556699325723476,3.44475960644474,218,4188,0.26509389648352005,BENIGN
0.03323239950098635,0.30517290984112555,368,9589,0.019638806208501974,BENIGN
0.005895810564340536,0.03551247618270556,886,37079,0.00012898106740746326,BENIGN
0.012769602207730758,0.21982487114979815,258,7575,0.00012241103871081123,BENIGN
0.013389798424192034,0.2651731300816574,252,5056,0.00012291164719228364,BENIGN
0.006150862085779193,0.0849981783364491,769,26579,8.813552144004068e-05,BENIGN
0.009036868883408938,0.0483968014635881,660,22658,0.00090938758869016,BENIGN
0.0001950886450541997,0.004606750428183548,122,3124,5.493292937508162e-07,BENIGN
0.00018222181235092567,0.004746674382913137,114,2994,4.546824252157323e-07,BENIGN
0.0005303733585944739,0.007582426446427374,624,19872,5.861494705439258e-06,BENIGN
0.0012588336718400326,0.009202414413404473,1098,36665,2.915501069215725e-05,BENIGN
0.012634839257014635,0.24980002720115896,317,7548,0.0001613735784621359,BENIGN
0.014025117328952834,0.28021636012930745,240,5154,0.00014103975751545575,BENIGN
0.012006458355806876,0.24242263487567434,234,4812,0.00015337652593507928,BENIGN
0.015869154545105832,0.32181249263875117,238,4758,0.00015421450594625365,BENIGN
0.01644958380788613,0.3179135552689628,232,4750,0.00013216605965294778,BENIGN
0.007332788523888268,0.14754556637553137,1478,51037,0.00012200755497170971,BENIGN
0.014769079951050326,0.041194351669707835,906,28884,0.007192665302754797,BENIGN
0.005779868603724565,0.038808993809398305,647,65275,0.00034384985118928504,BENIGN
0.029916816900668372,0.19386484080851926,599,21729,0.012592877995357021,BENIGN
0.38694245242760367,6.362772838275146,125,2197,0.3316063106431457,BENIGN
0.1552634805004944,2.1929894598272663,109,1296,0.06371721191619294,BENIGN
0.08604747008833816,0.7652107237484245,262,1570,0.040621654606143406,BENIGN
0.12147543696436493,1.7177347881032907,383,30156,0.06552877048941477,BENIGN
0.019085845754905094,0.34264092989297057,294,7856,0.00045753375466004446,BENIGN
0.01765835953651108,0.5745270670350673,425,14416,0.005845300688081256,BENIGN
0.003242043883733811,0.056823480093515705,200,3438,5.3836756485657385e-05,BENIGN
0.0026321763769392176,0.03394793579792159,2924,51996,4.6472378143238075e-05,BENIGN
0.0013163025387299566,0.007431351945360289,521,15654,1.9534832115501205e-05,BENIGN
0.00034136278349121245,0.008280379121726264,104,2636,1.1866815269492225e-06,BENIGN
0.035435320930689296,0.24222844380532418,137,3234,0.04477373540697679,BENIGN
0.03462374595174237,0.7423776238040644,580,22688,0.024388920964226395,BENIGN
0.010279460376358336,0.19219446053990416,335,7631,0.0001089702641965521,BENIGN
0.012656749321171787,0.25243839479766933,202,3836,0.0001315690737711002,BENIGN
0.006091811783860032,0.12338900273415554,522,9461,9.652609610196726e-05,BENIGN
0.003797413685868976,0.023432565289093765,3696,64779,8.829368240573915e-05,BENIGN
0.20051728603070806,1.4370422897269313,2203,17400,0.20613173733050458,BENIGN
0.05256503349317318,0.2772364792256571,140,1086,0.010035774007043868,BENIGN
0.23723393785999508,1.1141452485848242,113,1204,0.2121678526081263,BENIGN
0.20959573847902568,1.7313364692082296,352,23221,0.19747153044937288,BENIGN
0.03650171526127562,0.5317625184723547,452,18322,0.019422450819513104,BENIGN
0.012670908119161635,0.26725009098344094,240,5442,0.00012993362021784056,BENIGN
0.01042033290462555,0.2104426076453676,266,5936,0.00013938325377155293,BENIGN
0.01436226013668953,0.35592810706570843,728,34883,0.0003315690105237629,BENIGN
1.0006024815794136e-05,0.0004462079861453963,1666,72404,1.0736533916487172e-10,BENIGN
0.045663486790476424,1.9140308365418683,428,22266,0.021787554694710432,BENIGN
7.217249685190357e-05,0.0020022542160269,183,5244,2.8302774804700536e-08,BENIGN
0.05676315596873451,0.34960013929236544,284,7650,0.08190608436394278,BENIGN
0.21131242711110418,4.622017648574017,229,4050,0.24692013005334335,BENIGN
0.35091990695890773,3.0522688162840823,421,20339,0.26063670922228926,BENIGN
0.02039528330594436,0.5606473591814237,202,11038,9.907285341878315e-05,BENIGN
0.09628652917689347,3.0079696312812443,230,8507,0.10812967999988736,BENIGN
0.14850140690475727,1.912401011466035,246,4845,0.12398122735100059,BENIGN
0.21629298027205698,3.57829165928733,112,1673,0.18388761481647672,BENIGN
0.0407384484374725,0.23578106825901773,326,7528,0.017116683646451664,BENIGN
0.02114957881930833,0.23365509046504265,1193,31079,0.008798472002506276,BENIGN
0.008099020820990335,0.16002163200330288,3338,33290,0.00012228475755274174,BENIGN
0.00046584869095337664,0.003118583043666547,1042,30593,8.873482260500864e-06,BENIGN
0.0030909279018949067,0.059447884715661765,223,4266,4.336714102053974e-05,BENIGN
0.003934118143480666,0.07275684814650395,200,3520,5.453669053578969e-05,BENIGN
0.002540680483729009,0.05716892075943564,207,8143,3.597243542724476e-05,BENIGN
0.0014271090153352426,0.008220602874226548,3853,125153,7.370194281555991e-05,BENIGN
0.03354877795666531,2.1544756319869993,524,51666,0.017433729360880376,BENIGN
0.0006932586577422198,0.01855562581884327,102,2632,2.1136324305079187e-06,BENIGN
0.0005216922919884434,0.01487185843010922,100,2573,1.3785778467831198e-06,BENIGN
0.0005756746510775448,0.01531986702101986,108,2692,1.8177960005443801e-06,BENIGN
0.011885438630500756,2.285572206997141,314,12087,0.006383903040502928,BENIGN
0.013087792859608663,0.2579664480977603,299,31413,0.0002092796800729958,BENIGN
0.023492560426521984,20.846137905392474,1545,63728,0.01996908773630885,BENIGN
0.024824375562843053,0.5769036869419887,203,10996,0.00023557512594153164,BENIGN
0.2085831957825107,1.669134484650451,203,3787,0.1419180705499224,BENIGN
0.20626103111020144,12.716896506383469,387,22895,0.2485125801445484,BENIGN
0.10844062231993157,15.479663998938912,460,42823,0.16416999124454887,BENIGN
0.0770667867046385,6.855912839389568,443,64133,0.1033072744057665,BENIGN
0.048291945486170766,0.22224106521592582,432,18985,0.02618418346009896,BENIGN
0.15331700526360195,3.2697173767144805,294,12777,0.1797274763525448,BENIGN
0.08928296847358824,0.49334177354556685,300,6078,0.03376374666869396,BENIGN
0.028134363010883724,1.0030392733071216,322,22142,0.006127566323830287,BENIGN
0.0001480330591940687,0.004115522402401464,104,2615,5.254012572534191e-07,BENIGN
0.022238970052296202,0.902731685787923,781,25033,0.008941234123789546,BENIGN
0.0059009423368546025,0.07498307883441299,462,14197,0.00014561627127979295,BENIGN
0.011866435522563175,0.24010042728503042,200,3970,0.00017032388052907687,BENIGN
0.014184233626726338,0.2692518882875637,200,3766,0.00015147311160595734,BENIGN
0.013433476727447024,0.20030111621047447,796,201001,0.00016825742011281557,BENIGN
0.00593348937530412,0.018252492414664204,3527,36363,0.0007893159005631298,BENIGN
0.07218200284536035,1.5084996384054117,224,5704,0.02690262914272686,BENIGN
0.14862431697989897,0.7520330227451588,108,378,0.06719105754891763,BENIGN
0.1524609417825312,1.109481817826814,969,42129,0.11540835696480946,BENIGN
0.013094897448689802,0.2628459791033854,248,5218,0.0001368334090052588,BENIGN
0.007944863167634823,0.10003076172061486,1942,45289,0.000217744507765319,BENIGN
0.08010251400641386,7.081819234914717,274,24648,0.10512365573624574,BENIGN
0.01047455993559767,0.62843873448068,162,4829,0.004996837470837311,BENIGN
0.02293528649507438,1.0038866032876437,1156,28798,0.008848530277287018,BENIGN
0.08795206764419441,0.9302312985019299,493,10387,0.04184446418936357,BENIGN
0.06570361186494997,0.5201239658253851,443,8350,0.028584770382946108,BENIGN
0.03640478174066393,1.5316887318908903,1894,41399,0.015140972814249599,BENIGN
0.21608685287229698,2.1167532980613606,153,1874,0.1209705907201016,BENIGN
0.01446567530265233,0.2120634993072463,1796,39420,0.0051821258795083655,BENIGN
0.006964573248636693,0.13957876642387362,344,9514,0.00011446536821277648,BENIGN
0.011899984751466322,0.2574090264741812,246,6372,0.00014079240412478275,BENIGN
0.004200978990432171,0.07587098846514145,6792,75890,8.263005548373622e-05,BENIGN
0.04216085010771147,0.2675080844277128,785,25228,0.07986127164656147,BENIGN
0.006658752536457448,0.16962946727453843,829,33251,0.00010002276860317983,BENIGN
0.004279960153014683,0.06261664165605624,6951,93475,8.038560793729669e-05,BENIGN
0.0019426257761953516,0.0006564115300900331,259,14929,1.4155474396433706e-05,BENIGN
0.002642092170648288,0.006192271953953391,214,12946,1.0118421461701097e-05,BENIGN
0.00029086032641323795,0.006664961233219322,104,2640,1.0704586916260121e-06,BENIGN
0.0002955586658446539,0.009481323648597117,170,4951,1.159674185650501e-06,BENIGN
0.0072643622418970275,0.15119100222952267,359,10951,0.00012517986979480164,BENIGN
0.0037346076523778375,0.16380566045723655,691,18159,7.912241927927404e-05,BENIGN
0.13392213004800546,1.8136531945958305,143,3851,0.05717777883693577,BENIGN
0.1406704190432133,0.7092312816339285,463,5196,0.12128882688574881,BENIGN
0.005625338008096219,0.09535689995691012,200,3436,6.036184992244744e-05,BENIGN
0.048801522214750495,0.12151659729709846,331,6181,0.07935499981179646,BENIGN
0.08225008997596504,0.00047353064462941094,1034,8694,0.15641257199321618,BENIGN
0.04382118839182377,0.2884157716737116,858,22147,0.02533492050421951,BENIGN
0.013804402760145598,0.5608889926215226,133,2547,0.005908573306510945,BENIGN
0.0776379802885755,1.1012499283703583,152,7981,0.039770853185541,BENIGN
0.15594774413661397,0.8183178952438572,107,269,0.11414144038521275,BENIGN
0.015600946076998254,2.5948166151245404,891,26127,0.00585658791485099,BENIGN
0.006975339877260383,0.12379767155564676,425,13427,0.00010051527332307215,BENIGN
0.034240222405731276,3.058451846614629,1694,68792,0.017983399167711377,BENIGN
0.007944052147209345,0.14151449748152667,200,3508,8.022052471213168e-05,BENIGN
0.0257866524049687,0.1657300134219968,2442,96084,0.013540830209611086,BENIGN
0.013179938205601673,0.6291643377443935,2171,129943,0.007657343568081038,BENIGN
0.001520225390108053,0.0006632964155366362,307,15074,5.257797014114626e-06,BENIGN
0.0028342605737636767,0.0007687866112908963,244,16287,9.248769003729317e-06,BENIGN
0.000535155282380791,0.015885650280239007,106,2736,1.959254327070754e-06,BENIGN
0.04476355921317133,4.228163589183064,165,8657,0.022506957809984914,BENIGN
0.05637511038055729,0.6602476592045835,276,3918,0.02107039596294478,BENIGN
0.19311070729070112,5.237670969028187,189,4917,0.1031305975255163,BENIGN
0.01556990858562596,0.09372761947601449,1118,54048,0.00907487889510902,BENIGN
0.0055114864664958544,0.09130821300795532,327,16105,0.00018151670623405407,BENIGN
0.011077353601982209,0.22759135445186968,244,5226,0.00013896432228522704,BENIGN
0.0075137440919459475,0.15125596593713705,264,5476,0.00013257827152969814,BENIGN
0.006060620910222474,0.1334873649718277,258,5698,8.807308391016404e-05,BENIGN
0.006999376154631515,0.12285237288106535,387,31856,0.00010466472350966648,BENIGN
0.0012840206268948946,0.01042229755817028,1235,47606,2.803141252604506e-05,BENIGN
2.807156055875349e-05,0.0008757248447034019,1261,36563,4.8806741972996056e-09,BENIGN
0.0015882168863053225,0.010724315592511333,720,68528,4.11640662424694e-05,BENIGN
0.004336529854864283,0.18543501486501313,1023,107365,0.0006545222848728818,BENIGN
0.021002872370793582,0.7150712870498869,128,3729,0.008486146400631504,BENIGN
0.00033004145630062526,0.008463371154826897,114,2955,1.3444652502657572e-06,BENIGN
0.00010373592247333117,0.0027757319568034898,104,2732,8.197800827415596e-08,BENIGN
0.0007054726442976239,0.016484649261316642,108,2658,2.9103167521785123e-06,BENIGN
0.07100423889073074,1.9791363788024219,827,28363,0.09490985544614997,BENIGN
0.014051895851026907,0.2609897585148789,1957,40692,0.00015931166046881495,BENIGN
0.003000910931164592,0.039480862883605486,1183,48102,6.603560502901456e-05,BENIGN
0.010612473266350208,0.2180908116608989,201,5278,0.00014123929313256695,BENIGN
0.013739067316031549,0.2881947154031394,204,4370,0.0002168426489648064,BENIGN
0.013977004486376822,0.3049081290700522,200,4318,0.00015786935833931904,BENIGN
0.016371421478429696,0.14955529596394154,578,14965,0.003672452339429152,BENIGN
0.02151350136997,0.06915897250852682,2219,64283,0.019968097140562593,BENIGN
0.1317681416728923,1.054424111649292,645,22748,0.06517823153549618,BENIGN
0.12926846280393206,1.458815215019738,117,1080,0.04963517925486295,BENIGN
0.1908189942615371,1.639642486181306,105,914,0.129520727470076,BENIGN
0.048220050429431,0.5923784020818649,219,3415,0.022587410172535453,BENIGN
0.0012632033561298186,0.006978204337358014,1491,130156,1.399045172757293e-05,BENIGN
0.0012105244355896892,0.00936980077635817,591,20557,1.0881307516920317e-05,BENIGN
0.0025303319246321905,0.0007225126040610328,248,15288,8.76273616911592e-06,BENIGN
0.008241825647679512,0.02847377721740727,260,9830,0.002214393504359998,BENIGN
0.038975291815399354,0.5026278052924423,601,11773,0.019381440932326965,BENIGN
0.28354216253727677,14.905328279086582,261,10182,0.16391671540922093,BENIGN
0.1554090849265004,10.928843453699741,377,52517,0.08824960286642948,BENIGN
0.044024185584552275,12.413934729326074,998,35803,0.07978986062390017,BENIGN
0.0029615338157469146,0.047331640743833885,690,16540,5.421982831519543e-05,BENIGN
0.036674877477797053,0.22027934261976562,1724,99818,0.04484245294696049,BENIGN
0.018725178246059574,0.13949049374711164,747,14234,0.011190992169600511,BENIGN
0.003936832574978557,0.07972185645557915,200,3966,6.978458512303587e-05,BENIGN
0.0060399646252731545,0.11007589372175114,200,3646,0.00010157546186504976,BENIGN
0.04727405384932155,0.3311331736418164,433,13126,0.02814178113694272,BENIGN
0.032018043562708896,0.18191367093799035,747,40512,0.017242591414969737,BENIGN
0.014852071519350741,0.20976111891285115,2847,130306,0.005035180474053058,BENIGN
0.024972745122510333,1.9846845702304188,216,7374,0.013991865532598948,BENIGN
0.0004469202018388467,0.013984177394486715,108,2921,1.7003304407654075e-06,BENIGN
0.0005186097490496389,0.01572565974868158,110,2832,1.834886704784341e-06,BENIGN
0.0006846859193039204,0.008610102224446458,198,6974,1.6110005777995717e-05,BENIGN
0.0005043590030474283,0.00194552698696676,1627,21691,6.17443092688401e-06,BENIGN
0.006995757083720817,0.14818453540207957,480,15993,0.00012385794803076452,BENIGN
0.006138828303902393,0.11206363328169494,906,21322,0.00012347948177627227,BENIGN
0.04911038947950152,1.0219384222086805,424,9391,0.021635689707933257,BENIGN
0.07016292170084419,1.2823150347088597,149,3032,0.026736690610031526,BENIGN
0.2940976747333571,2.009644566528528,113,1077,0.2632704608083587,BENIGN
0.3260939143481705,2.1280550630673964,146,1884,0.15934608022211277,BENIGN
0.026233979504092,0.30478898977340163,816,30929,0.013534577211779813,BENIGN
0.03246375408347122,3.141959927766406,476,17378,0.011827856908437457,BENIGN
0.005194315245091364,0.032643279956046885,438,26806,9.155572335154942e-05,BENIGN
0.0012403675441693316,0.009839240706773403,1437,122893,1.7628219690075835e-05,BENIGN
0.001902775264110601,0.0007444181676919334,255,15735,6.240239016594628e-06,BENIGN
0.002394165955250598,0.009828116432576894,204,12526,7.365131054097949e-06,BENIGN
0.11427956473132594,1.3288232348615403,255,24584,0.1646315917339393,BENIGN
0.08799170179696547,0.6631359866470808,249,5775,0.09444273945017803,BENIGN
0.11393169860864072,3.148445164254329,233,2965,0.07010558547153814,BENIGN
0.08490172628149047,0.5551773122325465,254,32455,0.039160095258649864,BENIGN
0.13220609372855688,3.99132281622541,358,46117,0.06729861447294037,BENIGN
0.00020181506285207542,0.004934651262507739,118,2932,7.015629115283577e-07,BENIGN
0.031736652850055495,2.9642386965104692,6022,94942,0.012136515132837844,BENIGN
0.005217985380548725,0.09564339230014086,769,22709,9.970363481016169e-05,BENIGN
0.012238813614558395,0.24295435928966413,204,3878,0.0001494441179843663,BENIGN
0.00915247428256544,0.16745997495354145,2473,66348,0.00015176661148874103,BENIGN
4.781665658491414e-05,0.0008055648569265365,961,30081,2.289447074239573e-08,BENIGN
0.15670712284324434,1.980170618226417,168,28210,0.12103985434514324,BENIGN
0.29978410168238834,4.392820027537285,144,2389,0.319031659923848,BENIGN
0.06630233008656441,1.617580356095843,1904,42151,0.09024727384802755,BENIGN
0.002450334960858153,0.04790662457130903,954,54742,4.3916288504635645e-05,BENIGN
0.009833970804365662,0.2123428906763195,242,5610,0.00016066705181362587,BENIGN
0.006887653915028682,0.1689959876397833,268,6540,0.00011232363273805791,BENIGN
0.010766295639221156,0.22822444868757993,238,5186,0.0001505283363981528,BENIGN
0.0019616682715526026,0.0354101824799002,1312,30415,4.48712039434976e-05,BENIGN
3.20131616048228e-05,0.0005390222326528645,2051,47942,1.4546328971837422e-08,BENIGN
0.0007967870095298765,0.014473886328253558,1177,65876,1.4497238524728242e-05,BENIGN
0.020210238396491814,2.6591468832682095,879,22939,0.005675773331230627,BENIGN
0.05865796428842814,0.520913434456433,496,35019,0.08744305748663342,BENIGN
0.02393623514788993,1.1664669942029657,1619,125940,0.013075399639090836,BENIGN
0.0016206323990122797,0.0007322861886951245,257,15451,5.169770731513585e-06,BENIGN
0.0025384877225031006,0.000757385520441634,237,15505,6.9408308654847215e-06,BENIGN
0.0002469989077029491,0.006458922113111792,106,2825,7.52205513138425e-07,BENIGN
0.0001471862996058675,0.0040400759576295865,106,2678,5.670561489675186e-07,BENIGN
0.066554641153801,20.997201462137646,228,24954,0.09901072838872421,BENIGN
0.10798872237093762,4.023633288358738,2509,29834,0.11369924645377669,BENIGN
0.011404582075331897,0.21722982818224554,837,15016,0.00015357287398394534,BENIGN
0.21532380095607853,2.5063677679233045,295,3542,0.13902921813976238,BENIGN
0.1687942677493273,1.521247367775292,296,10753,0.12410578316012782,BENIGN
0.0012101276757853206,0.00836988130339131,1091,95149,2.483091166348259e-05,BENIGN
0.010492983301304153,0.2116245582335533,230,4942,0.0001472922828618694,BENIGN
0.010761890699416594,0.20690193355106526,238,4880,0.000142825922562561,BENIGN
0.004371773804853819,0.0765559671281524,910,134614,8.076176115437169e-05,BENIGN
0.011667781869299844,0.04251714688893015,931,107494,0.0049929687232940535,BENIGN
0.008952505497281384,0.1331865712389618,460,26624,0.00013404477114326298,BENIGN
0.002904379011008861,0.023950895276523866,477,14246,8.063079228339386e-05,BENIGN
0.0005828426683696525,0.011037909556546724,174,5023,1.0661267896249199e-05,BENIGN
0.1800318674300121,3.447340458517705,154,2997,0.3060074469305642,BENIGN
0.26403810823084717,3.3301334570634684,106,781,0.1452417177142075,BENIGN
0.20762527742777284,4.580950712294881,122,1224,0.10134461245643027,BENIGN
0.11254189299003162,1.0457878046294549,205,10152,0.05855218215301655,BENIGN
0.0020927123416889064,0.03129472433333122,1042,45595,3.550365792918784e-05,BENIGN
0.00600266278156879,0.13235289701239955,337,12854,9.488242479378465e-05,BENIGN
0.008097569995534964,0.1704088973878845,246,5550,0.00011646317938091045,BENIGN
0.011812574689264534,0.24495621132493667,232,4938,0.00014238182372956914,BENIGN
0.010789049080076296,0.2139977531969473,236,4956,0.000136009863010246,BENIGN
0.00907410341422039,0.2611854080792596,658,55708,0.00011811334480619367,BENIGN
0.0030080125754506056,0.017838160826933895,481,26510,9.944295173429691e-05,BENIGN
0.0009062657456850372,0.006002344650162658,2189,88178,1.2539082911932092e-05,BENIGN
0.017356695351096883,0.13757426132487668,1587,122553,0.00883268569868969,BENIGN
0.007658040029732201,0.04338433003590589,2893,43440,0.0002756259066945317,BENIGN
0.014286912899750662,0.10463305182683992,1516,129189,0.0050030451305042994,BENIGN
0.0035032325702208413,0.05990946578239039,344,20996,5.4200172226476064e-05,BENIGN
0.0027325145099805614,0.0007294564430205759,248,15956,8.474865524026742e-06,BENIGN
0.0006809701766130187,0.001947478029525442,154,7722,2.9243967614052717e-06,BENIGN
0.00014949633433562984,0.003943366646450751,102,2643,4.6639934366785593e-07,BENIGN
0.0002096111481556008,0.005813582603137048,102,2776,6.384846791758465e-07,BENIGN
0.0763590454650625,0.9201319138942605,445,42490,0.08999185504987527,BENIGN
0.019012218567205662,0.29430093376450256,321,8585,0.0003302712923366787,BENIGN
0.16703596408438298,1.4801540368131278,368,28639,0.14536237957238654,BENIGN
0.037850297657716,0.2661621365800178,146,1194,0.0027793624643357583,BENIGN
0.4009116396346989,1.3727229373592982,261,509,0.3004412992936341,BENIGN
0.11240076527027859,0.644541803241543,443,32351,0.11060453910347942,BENIGN
0.05001814831461476,1.1244878719531461,238,9597,0.021604170404065936,BENIGN
0.015402925660174262,0.20211060344462495,287,13694,0.0004090600452526946,BENIGN
0.23017026339580773,2.5268414903067833,527,40928,0.30165202662564017,BENIGN
0.044086316933762984,0.5535759457731815,354,33433,0.013730161697338525,BENIGN
0.09009916493893601,0.7062901292953785,164,2693,0.04085362456463567,BENIGN
0.023610507379254048,0.6953411877618878,402,15841,0.007644789415197945,BENIGN
0.08994688843093333,0.8382273089696274,213,8217,0.09328365879419495,BENIGN
