mean_pps,mean_bps,total_packets,total_bytes,var_pps,label
562500.7830759595,6554457.80778204,107,1303,458901037662.6687,BENIGN
208145.0733304404,13378948.315270098,319,32516,251631445020.07187,BENIGN
2581.160385179594,33114.11735377194,4075,54517,27586842.330280893,BENIGN
746.4176707183667,8277.504634786348,4893,61783,177374.1149080576,BENIGN
803.067854891988,8682.696455816998,4614,59217,266258.7135682006,BENIGN
699.2491087271436,8497.043605645307,4858,62396,134161.24153862108,BENIGN
778.5636692424249,8764.035783325902,4335,57959,285075.58711658756,BENIGN
1552.1772488582462,20806.045971559466,3397,43651,35100578.30134551,BENIGN
44281.807398362886,1206110.9350170186,231,5890,19444934687.106026,BENIGN
4611.110593709682,59132.961173048,400,26809,90772438.61938506,BENIGN
130.80167770036024,3302.1753785685687,116,3010,374573.8213418538,BENIGN
286.5015219597944,8197.909201138626,116,2961,1009619.9986931507,BENIGN
103.56033028339017,2630.37859392536,114,2947,169091.26137056868,BENIGN
117.21529519922699,2893.4610208471304,122,3127,324291.3632224612,BENIGN
977.646598894344,9161.235095828866,4694,71311,11063031.332061496,BENIGN
886.0143375072998,5783.692182294154,1131,69493,12369966.507555626,BENIGN
4021.1887346325066,84403.1829326556,910,67234,67762742.9753335,BENIGN
10969.125437541406,208705.72769077544,240,5012,124851440.3221454,BENIGN
8325.087592503794,149287.85976344795,246,5096,100941659.08959477,BENIGN
7805.932956132217,164279.35057491163,252,5568,108764872.77674632,BENIGN
6766.734391128341,140760.62418292573,264,6224,84542162.56740354,BENIGN
8708.765344574811,178083.8658702264,256,5946,102857301.02334277,BENIGN
9495.416153258184,185058.69406101725,242,5114,109126110.40799586,BENIGN
9162.878539399979,192149.20171491904,264,5922,108635077.98240681,BENIGN
10562.170110683146,201231.30386885788,254,5238,116898231.29374228,BENIGN
8170.376167349848,157334.5994729417,427,18540,105842606.92530045,BENIGN
1473.890789244585,9051.794963582382,667,33353,23239641.020297915,BENIGN
441.61904932885506,2865.4878485990976,879,43417,9446034.639050767,BENIGN
308.4003471377345,6086.6416493221295,1292,90783,4588123.734213878,BENIGN
494.10225905197024,2310.1238315668797,904,43649,5646081.613825491,BENIGN
962.4646429243425,6052.053776316678,697,28035,10550797.736985387,BENIGN
55516.23736978715,769679.9046270773,906,12984,26255717802.06113,BENIGN
134442.32175981975,3061557.915026849,1195,1290879,111278446218.90968,BENIGN
307733.4749493854,3594723.2741460903,108,764,304720451547.0769,BENIGN
282600.1745301234,2783902.164043101,115,780,199589429583.53284,BENIGN
243960.54290725527,2494195.7457806994,135,22902,200023350086.4708,BENIGN
126123.86475856755,559775.7315075676,694,76590,54373583055.365875,BENIGN
866.3909813299236,6198.294397041365,1925,98272,34667159.87709111,BENIGN
6764.358406958194,126578.14437843167,226,5508,109857909.01538514,BENIGN
11423.264527348721,233908.21630814602,252,5656,134864738.03538465,BENIGN
10108.735776943744,204374.5856878616,250,5510,125435784.52019316,BENIGN
5283.281654902824,103030.8636190671,1795,23896,82070558.06929795,BENIGN
16140.861915096688,68046.87175853732,497,21536,5004704111.654005,BENIGN
7015.7862377943575,17765.105829103584,951,59771,1636483478.2482464,BENIGN
14294.580182396261,92959.69858121435,843,40903,8877507044.81443,BENIGN
14975.913961086968,109254.95488789286,1370,60713,8909439098.52783,BENIGN
2629.8423883605137,51629.079968002305,543,55316,58594853.89435825,BENIGN
10658.853461339166,215146.47231325804,200,3918,75839138.32552446,BENIGN
8741.995001071347,153162.96664472914,200,3672,99262766.19790529,BENIGN
8112.100893903918,147802.76921694283,200,3660,77098280.93438877,BENIGN
5444.927388817483,100740.17483227642,204,3600,69220149.07004476,BENIGN
2749.0448582533177,41382.65823972513,1229,10726,41098797.05933022,BENIGN
2345.48405912707,34528.073170022915,4425,136836,78708310.68026298,BENIGN
245.11322291387285,2520.44970169203,2094,42944,185806.24393474945,BENIGN
40837.06880624313,245106.71443908964,903,43860,79964958715.84695,BENIGN
801.2413542937512,2248.350819701234,840,323510,15727516.24239899,BENIGN
97.64696704861554,3369.159872536614,871,58423,14243.991766649378,BENIGN
50331.43695099791,301154.96772543277,1247,116957,84154648791.02235,BENIGN
12762.370720571687,242805.55002805582,509,13198,73238730.39782265,BENIGN
13555.156448720172,230967.471514991,200,3356,117882888.43352462,BENIGN
4802.746503011823,84397.68963256449,1165,35360,54729770.08723297,BENIGN
37876.68671973767,227493.9630055479,1195,49725,21852178488.10345,BENIGN
58688.00116408577,1475247.7111152536,444,14329,40923497963.22966,BENIGN
267.8430817240099,7808.3726660544335,102,2731,912255.9474587475,BENIGN
187.8448608162934,5026.51205602857,104,2763,437802.9542118624,BENIGN
738.9272472702421,19301.71789538417,112,2775,2229934.604674911,BENIGN
2212.5423365385864,27793.370369025524,214,5730,51328145.3462809,BENIGN
55561.76961480885,1819134.9319819396,234,10480,24403123229.327034,BENIGN
40045.044184096114,427270.69391859695,303,12838,22848491777.759926,BENIGN
35516.301803460774,737530.6404358612,494,460889,8986792845.436241,BENIGN
148419.72989557043,4827386.600674264,110,1301,58447945091.81676,BENIGN
109437.96170380978,10496522.058878018,106,5838,45470790985.53765,BENIGN
191501.06306948615,3243627.556075402,331,1127,72751259428.22375,BENIGN
212028.02216904782,1765744.6548252709,177,2984,193244315439.4318,BENIGN
6801.94721364744,80509.67082631895,967,15783,113452864.42961025,BENIGN
37704.08016936637,988123.2852828288,166,2677,17763905741.303253,BENIGN
35136.17161753896,2680616.2713757693,327,10949,13582820906.096994,BENIGN
66975.63881438391,3508672.9541851664,802,58748,32028309589.98024,BENIGN
141369.26048710785,3563534.6714001163,503,87057,134800600437.9031,BENIGN
74273.47232976968,21060334.321476035,862,37187,35192956801.34875,BENIGN
248312.1579461569,2565920.408984627,118,845,143641911881.63293,BENIGN
136510.74383087666,1165185.28854734,335,7910,91656847345.12901,BENIGN
29885.83746582982,210411.53663862328,669,43601,17304747571.127926,BENIGN
4733.305670178698,80862.0613202109,200,3590,65924787.21297398,BENIGN
3745.7143183372373,60577.04313631921,939,183617,41607722.28965478,BENIGN
13356.662615807347,80274.67585729779,555,24841,8888258794.508112,BENIGN
5197.208276806594,110000.023982886,847,56343,55532713.88692567,BENIGN
11929.62729383162,202451.99747320235,200,3426,98010359.27440974,BENIGN
87540.20545380744,12736970.569366522,569,35867,101197687980.74513,BENIGN
11187.95900520609,67108.44393142933,1722,56207,4997996332.001307,BENIGN
65491.04356077635,6190281.491076172,383,29277,98184912775.37773,BENIGN
215.77148765712852,5586.587122821778,116,2968,826894.6962627149,BENIGN
41.568985468135864,1114.3291730309224,112,2908,780.9242716349729,BENIGN
653.6138423847093,22550.965143407084,110,3023,2065549.1467275808,BENIGN
11726.44278966044,2285219.333755184,131,5579,6381083176.342013,BENIGN
6640.884508010694,142026.93429069658,477,15192,97465080.51958334,BENIGN
6387.811023859167,133046.72112216556,928,20843,90870325.67688635,BENIGN
75183.23644008943,292835.08084258926,1552,65134,101630990613.41206,BENIGN
668.0093729938119,11043.307338441999,1264,41289,10806834.65062148,BENIGN
12160.320776618899,254888.46976824314,200,3996,99321546.07407936,BENIGN
9443.316647557605,207358.6759247796,204,4264,119391822.38400847,BENIGN
9931.046372406343,200116.7243340521,200,3984,100744640.9768388,BENIGN
10239.980117691184,194024.77035548873,200,3906,104217420.71604246,BENIGN
6176.596420096569,74102.8154897453,1715,59065,506361232.83111775,BENIGN
1621.0415898161625,10111.10987882411,877,27368,31572081.498518415,BENIGN
11368.572484434044,28600.60084375585,1070,63469,4994455698.702133,BENIGN
310963.4701068677,4830443.464208131,144,1868,169796072589.5208,BENIGN
170531.85569181826,2127363.2986552133,111,769,129948108273.2187,BENIGN
240496.31186415922,1105237.8915634204,221,1001,192351196770.13687,BENIGN
221493.2705073205,742969.8104317507,161,1935,149465166695.27304,BENIGN
44308.47343794985,12414942.926398678,337,25768,79765472267.44485,BENIGN
27863.800082794343,2948982.904894363,1196,59949,14418122695.038418,BENIGN
13199.932293434851,249498.68019151027,200,3646,84981930.69541867,BENIGN
13538.26745466232,239553.9391058988,200,3500,85837866.00462534,BENIGN
3653.6422317944734,52741.18750830364,1450,48805,40170686.0151195,BENIGN
14052.448539431913,80213.16333971127,1379,47916,8877450364.490782,BENIGN
3366.6328083812327,60347.90324510826,558,30592,41112702.430171676,BENIGN
3988.98082851232,73696.04717654813,200,3702,46645117.20237442,BENIGN
687.9072252616648,10376.927373979772,1678,25390,11108149.067717312,BENIGN
13984.149580605646,663818.6226621734,651,33261,8445331024.906392,BENIGN
510.4642251060786,13368.941032979901,104,2632,1700235.718511809,BENIGN
465.4611136052987,11744.355800935202,625,19653,1482801.1282677818,BENIGN
13512.486710207653,251014.9907484371,488,39463,118311012.55291314,BENIGN
68687.96560441428,1170932.9684957766,1095,72573,86675319520.16173,BENIGN
71409.34749146107,291065.4191163962,113,698,17057196530.161236,BENIGN
114616.49084243545,666755.0544387167,111,643,42732843468.363144,BENIGN
204695.4986710556,26625543.632133737,238,24556,145148574278.22385,BENIGN
34957.21931792781,829700.8501902013,836,213485,17279324076.3489,BENIGN
23404.738366156966,838242.2010816488,205,4290,7459924147.126989,BENIGN
60683.954900119126,395194.4253714474,568,25969,32693556510.967224,BENIGN
23438.003534716867,142468.23790543177,261,10983,13612057490.169954,BENIGN
192.4083469944744,4583.246692517067,675,11933,647073.3221957624,BENIGN
4550.114473871294,80904.17332997575,1302,54726,65445040.16170714,BENIGN
10932.222852722109,246718.48615474178,244,5812,124219908.50738093,BENIGN
8280.696252780916,141603.29096194412,481,30016,143108235.02878624,BENIGN
271912.0080547166,1384771.8149495912,681,30421,255563920545.74677,BENIGN
172277.55049986823,2182940.558121771,125,712,144275599706.75122,BENIGN
263906.4810965259,10373971.0931086,335,3584,319658297992.10114,BENIGN
51307.12865186942,21035492.07393588,427,51423,38501228372.16077,BENIGN
49524.721765435876,1124171.9960855679,278,10747,29715632936.996765,BENIGN
54.61085360662669,1512.6406064947444,112,3107,927.7304729127931,BENIGN
6181.641115932369,99700.25516838553,727,47626,101438517.5944968,BENIGN
64660.3189376297,1268479.7004600428,1601,91038,91579093141.87514,BENIGN
4465.782738392554,66599.12455415973,527,28334,65527933.9342448,BENIGN
15835.297860991075,326986.6776099319,200,4038,63258049.50496315,BENIGN
11418.853689220898,221646.3453331815,204,3924,102248448.45310655,BENIGN
9798.574333410512,224636.10546116796,200,4228,97290755.93179359,BENIGN
3835.5363296773303,69369.43158023889,1270,26885,54233509.181810476,BENIGN
19.825884217780803,1010.0958827500089,791,29201,1099.6748560393567,BENIGN
92861.44476035252,1017949.8411156938,400,18482,97527538032.30617,BENIGN
396332.0360497241,5587556.236525238,117,1796,326377870148.9848,BENIGN
46682.26423059588,1077007.1027919764,859,26145,25635251769.470066,BENIGN
9276.648631291122,199688.88281500724,1135,21542,106886447.80894916,BENIGN
6238.864314532081,248898.71511624643,2126,187878,915588274.3151549,BENIGN
13488.65531968154,240259.59883282802,200,3582,67185239.03886408,BENIGN
10915.07691302256,190062.5196871201,200,3480,99142409.80281393,BENIGN
52570.24675163544,357839.9266872635,1114,34131,83952636260.28896,BENIGN
122392.47275721247,1904163.999599274,1077,48282,174403364258.2317,BENIGN
5235.122154512915,33768.16705481722,210,6145,982948204.3375957,BENIGN
37.737597735430576,1062.28554104827,114,3078,744.6836841102693,BENIGN
44.668994372839954,1186.251903448277,100,2666,592.8767250801332,BENIGN
7.87065622548004,258.11096807480845,3337,98863,349.52061390698356,BENIGN
5237.815870120953,103117.04668665047,1650,64781,78098434.73073341,BENIGN
8414.18359914842,192592.06011302277,252,6442,118747764.35312678,BENIGN
8641.935867248398,187351.49470009233,238,5774,106240444.79054877,BENIGN
29274.687429479636,6305212.636297302,319,27467,19746871091.972637,BENIGN
5.689823843286374,103.30531564081569,2945,66972,810.2118025670643,BENIGN
44664.337461793526,356091.6675021464,1301,235243,44360189411.179115,BENIGN
91742.89238980036,1068901.7715455675,383,12469,96892995535.76353,BENIGN
107927.77737564636,1116378.669003018,105,324,91012406969.01562,BENIGN
266910.8166461895,3201212.1467536055,110,915,174938510821.25735,BENIGN
21150.69474575276,315064.95413572335,822,27717,9071101824.197847,BENIGN
10059.670493171574,204000.11348869416,236,5426,111229513.24720667,BENIGN
13086.122633004768,259749.10012311343,252,5184,207541426.58394346,BENIGN
5114.491302868497,90774.39204434436,494,24646,73746507.84926791,BENIGN
3180.318594402345,19260.59798547989,719,24106,58001199.50501547,BENIGN
19113.742702290943,386892.47672270914,589,96394,5247327094.332421,BENIGN
12476.712054021864,193933.093817787,158,2754,119694720.73537365,BENIGN
53.69016379310018,1218.053421344666,217,10375,1377.0437172806364,BENIGN
200.60012780573953,4913.260268583583,108,2882,611527.1121167733,BENIGN
118.61946369241136,3121.5124822693847,104,2792,288852.56070954766,BENIGN
2172.63572207724,7810.511738936068,2585,55530,107734243.71758817,BENIGN
9091.745826185255,169146.56697733744,540,52864,124784554.16814849,BENIGN
11447.840710236982,246665.93812961754,262,6090,133712347.53996648,BENIGN
11498.398764945627,244603.98288066126,254,5876,110892554.72122064,BENIGN
12145.851230125973,228212.26124976284,260,6440,131283407.72628967,BENIGN
2169.426756817123,8931.211693325684,814,55325,80645430.23808107,BENIGN
592.0920316455581,4025.2562537343706,901,112181,8140199.321418863,BENIGN
71864.31959817462,41736396.397322595,738,49188,90880913846.40976,BENIGN
172779.85530367587,2356294.995839197,114,843,69980530013.81377,BENIGN
204530.30432607856,1844724.9918959427,105,982,142718311164.77036,BENIGN
167910.11896246616,1360389.3447927744,268,1267,101619400285.07263,BENIGN
12820.616211915682,72159.35028228752,1383,168359,1309480049.8150098,BENIGN
10388.079827976919,202600.12998220706,480,10421,71312247.28966565,BENIGN
9553.900442705766,172409.1729938427,535,34520,106325877.1201187,BENIGN
29829.43682098399,377074.9551589859,5090,85303,17287328641.57579,BENIGN
77257.60512953057,12610298.226888204,336,27798,105396311198.05437,BENIGN
27778.34120881685,497294.7191628402,504,42913,17386972164.89882,BENIGN
9218.181253679932,173740.82470214166,1365,65487,98593169.01322678,BENIGN
12196.224971087073,264785.7719775467,242,5432,128643986.89826165,BENIGN
27900.410968976645,485284.8810419755,1006,168810,13472297879.897104,BENIGN
142476.34361980984,3425263.5338641666,358,19183,170146545877.2953,BENIGN
138851.63081142213,661624.339018844,104,414,45627294104.95465,BENIGN
364265.8838935249,3974690.9324199692,142,2068,351580533770.36584,BENIGN
47360.135289940095,2747502.987905551,459,17939,22527958172.0654,BENIGN
10787.169618010892,210635.84892541255,250,5560,103864775.92058408,BENIGN
4724.7122116011915,88829.7297225211,2210,40917,84340410.25096074,BENIGN
35050.70366072054,3006329.727506536,718,47616,24886732469.9194,BENIGN
19709.329224116005,728614.0906517218,828,22630,6265743892.341851,BENIGN
10556.826373315107,183496.96997961725,200,3370,105237486.0676339,BENIGN
33269.15514161677,297796.38555886043,803,29579,17135716202.466413,BENIGN
26363.421671021177,853036.606265963,1670,42028,15501202618.771843,BENIGN
308.5631131136953,7930.259297086895,114,2980,1165338.2325027864,BENIGN
475.61309274943983,13468.494426211319,116,2954,1482995.6231290954,BENIGN
201.81055293607744,5924.051915049192,130,3272,762875.4199547798,BENIGN
58587.62695575837,545630.1237828039,667,46928,91855003779.59427,BENIGN
1966.6607155537815,22615.197633327673,866,70661,37234374.02391844,BENIGN
11727.182720616445,258554.99053797402,250,5762,128750055.37957981,BENIGN
51557.0058032575,1846280.7790420877,264,5970,79220231635.29283,BENIGN
14445.093794119337,304323.8511532578,226,4750,87748690.15312488,BENIGN
5822.936156742507,120318.27751922734,513,45386,74188058.80002011,BENIGN
858.4491369559911,5947.313040715891,981,69096,16966498.6963112,BENIGN
20648.3823972717,908577.7106945536,504,49163,5089140043.304714,BENIGN
22475.805261988524,392065.1061587872,306,19046,120117083.89085312,BENIGN
7528.676938365695,177231.4518124412,3802,78038,148571372.8454813,BENIGN
4739.668715358528,100824.476915315,587,19718,66867843.39468858,BENIGN
11906.808037031702,236223.89294384167,200,4004,107961601.83290727,BENIGN
9066.844238912077,135155.28494103425,1370,26947,402935886.58147967,BENIGN
38692.402312031925,433867.9614118324,3087,68817,18066111756.290466,BENIGN
146422.99507573334,1135863.1598057246,114,701,112232954145.64272,BENIGN
389772.7926187992,5546795.3783604475,290,5048,362333693967.31647,BENIGN
493968.17748910194,5057499.379005682,111,1045,403675350587.1094,BENIGN
39645.24934425617,499744.2953665144,691,128504,17895677625.893982,BENIGN
12408.209120775666,257312.43307342744,200,4052,63039791.19717942,BENIGN
55625.57397992686,344371.6797813135,645,30238,29280129783.600754,BENIGN
276244.8035538394,2127406.07310385,640,17207,397645584528.675,BENIGN
42.35175230587397,1119.1287767986023,110,2906,798.3173030233279,BENIGN
123.49116938219424,3691.633985584139,1283,18355,390016.19850978575,BENIGN
7140.491295081127,16976.67941743096,1040,37281,2224805590.443291,BENIGN
10842.744156716733,234011.57476833844,234,5162,114269731.1155754,BENIGN
10627.964987663283,225106.65488518224,258,5900,127393784.4590179,BENIGN
9262.384883783077,200206.78035317725,248,5792,122779912.22616687,BENIGN
7091.118693412431,136048.93670179957,277,10634,91094911.37203778,BENIGN
402.0754218429367,2917.960394795704,701,44350,7530665.63921191,BENIGN
2673.5286458489513,5784.126648227832,534,40219,99114275.4960166,BENIGN
30338.71351562404,822661.8920577763,4958,38698,11724520275.300758,BENIGN
287911.42840804777,19720411.739521623,273,34484,329819385617.4563,BENIGN
55732.50278119557,641166.0606798443,149,3622,19484208630.16458,BENIGN
175838.26122758607,729624.8127054294,851,34756,193290167418.35147,BENIGN
106.08554146259779,1056.9401719316409,643,22092,90224.86681168446,BENIGN
17319.640663470775,731320.9979212515,484,12746,8390232420.636679,BENIGN
6835.503921156853,128831.8236091979,200,3632,92888258.13823864,BENIGN
6902.296601955023,134781.61497941057,200,3698,75124492.00148658,BENIGN
5667.976881162269,107024.8824027396,200,3854,61554731.21044085,BENIGN
17247.903061417233,158594.16663243016,335,11230,8832905090.622654,BENIGN
19.56083898251491,247.5741197244155,1294,26759,1291.1811339952176,BENIGN
13353.011780387149,388.79576258823613,823,70983,8888357153.021654,BENIGN
10263.587682015077,270478.768048102,645,71498,4996029578.081721,BENIGN
37591.03449090116,21419172.808904618,520,40553,26876933174.769047,BENIGN
19863.951817155685,368411.11833673326,762,36876,4936460119.661413,BENIGN
78603.68913553926,13381249.725787476,254,27566,95343894368.90352,BENIGN
523.4382222451216,13777.264962718467,104,2618,1737097.8724657744,BENIGN
548.7385140427075,17205.505521197483,104,2739,1999832.8384113593,BENIGN
32180.673681837405,734646.1309658621,360,13305,13835092659.698902,BENIGN
122934.87626477495,1304148.175532848,491,25903,190920036404.0454,BENIGN
386038.2698601871,3937316.010211383,111,991,399493733517.5911,BENIGN
313462.0113011262,2215789.071511381,329,90011,212314624000.2763,BENIGN
241338.82830944043,13908825.574407917,243,21762,314391711476.1861,BENIGN
82240.66713324893,6387387.5018919185,1468,169383,104456401374.08041,BENIGN
96638.39004324355,22493967.467943672,364,31676,109721067766.24747,BENIGN
85407.00405241863,579223.3514345979,218,3862,49974374140.82042,BENIGN
56667.540118526806,5008711.731316774,501,19478,25974093050.841328,BENIGN
48385.51150517644,396355.40626735124,534,22130,17113316847.805868,BENIGN
95181.70885708072,532630.2896991607,806,40597,45055105565.87528,BENIGN
31436.51059352332,471392.81257801445,392,26012,8722805918.658028,BENIGN
15128.398996540585,692800.3706902604,2285,38283,8424435382.46919,BENIGN
95090.17182810351,2343737.3593987827,1947,52193,133400458546.89746,BENIGN
8133.415368595011,152866.36556801264,210,4094,106959036.90505986,BENIGN
3078.640723889745,41601.032237869746,5936,64144,59597945.47411455,BENIGN
44716.92297003524,2500333.8434898793,1157,27242,79838457285.6632,BENIGN
107096.16652514582,868817.3560528291,370,8973,49624507335.620094,BENIGN
23117.433810748877,126771.64952973703,807,43409,9415954965.046047,BENIGN
5927.743081185236,110709.2036133413,590,18888,85392251.3705069,BENIGN
9407.295108340746,177872.12515293452,250,5012,128830013.92757015,BENIGN
8622.290568446535,163285.64753758264,250,5428,121928883.79282829,BENIGN
13588.815117637238,244485.22934597795,236,4910,101711240.2220288,BENIGN
12063.541100779035,216399.82963523068,244,5206,120786809.37725627,BENIGN
11794.323756056321,217888.62312451008,234,5068,113744718.46544833,BENIGN
12386.897688847861,243543.40749154176,224,4890,111298690.29976588,BENIGN
4491.6026760278355,48956.40589657891,956,18624,140866418.88906908,BENIGN
116815.13308891853,15856213.581594376,639,83819,163964853641.84128,BENIGN
518.0759085542753,12339.197098056859,102,2523,1689575.7913494438,BENIGN
21.894700369340793,511.3126273498881,102,2470,382.9794838397616,BENIGN
134.36562315953626,3086.6914958604543,100,2540,417798.7652278545,BENIGN
57626.10388069621,1587299.4573014705,330,19845,25667240548.868114,BENIGN
144155.3634049864,1612869.3384553117,531,43822,85676393754.33676,BENIGN
142618.66614248476,1100727.2988167317,334,28093,166629040356.75858,BENIGN
22465.171046583895,287371.60674838256,762,21872,8735374687.088257,BENIGN
240186.4138850268,21958202.471887488,298,25297,267754487746.02457,BENIGN
103660.34473545616,456781.6212162806,306,6695,49043145199.48145,BENIGN
57500.96247438129,21541558.030488577,526,34538,33741229778.213707,BENIGN
17343.848671176012,266122.7512171512,854,32862,8933498947.084547,BENIGN
5366.139313125874,89958.24002413101,200,3480,94652585.08001561,BENIGN
65966.48234200229,2174689.3008129755,2894,48143,35805867500.363266,BENIGN
994.8000402952738,24075.662265265455,104,2546,3447791.1067988034,BENIGN
220503.31618439854,43363999.54568741,684,41621,427140236137.98975,BENIGN
11910.067049718891,126135.98464321377,396,34982,218199712.23724937,BENIGN
38342.78027254936,801079.4085983329,977,35235,20543657147.61011,BENIGN
66216.42813391043,296590.4464273097,3099,80643,91386900135.84837,BENIGN
11020.154001722944,641603.0976477773,4750,37661,4997231814.383163,BENIGN
43667.59857439961,115933.98635036526,336,14077,16837546464.6309,BENIGN
135653.80671381034,42565471.07243436,1933,75795,115197328183.76378,BENIGN
55856.91160925204,644691.8868508379,385,24126,78825314160.96057,BENIGN
22738.376957039494,908505.8127089569,321,37092,8864703418.714264,BENIGN
125311.67339521283,21662322.70312207,594,33413,173345547785.80273,BENIGN
200540.74605573717,2676358.3155306615,306,5926,200257611424.2854,BENIGN
694.0214472924683,2965.196539173426,1260,29205,7149188.083517103,BENIGN
2667.0991499487463,47296.929261284226,6624,77131,57598574.35257641,BENIGN
4459.336275348822,84959.30566238101,204,3752,47125196.32375832,BENIGN
1947.6572863675174,10039.023538747437,388,21493,44621789.25785621,BENIGN
4522.902483491557,553.5550517199537,225,12222,24499039.497899465,BENIGN
2651.0453982749063,644.2754321805711,446,24574,18072305.110967852,BENIGN
8547.905401467728,164637.43218524675,639,19946,123878581.55563621,BENIGN
7319.8281348479995,179076.95132202737,250,6688,94977691.78658015,BENIGN
3309.55065626553,33172.49616957466,880,33318,60839010.46852487,BENIGN
367.7450795840305,3087.1129965167847,1684,64546,5011122.356783018,BENIGN
1242.2940384895128,14289.791004557223,1131,32793,25555583.699339896,BENIGN
10585.003820781843,204572.6033090722,234,4826,92501297.95715371,BENIGN
14502.486184102683,294386.8860538089,228,5002,194988464.74761787,BENIGN
8876.225860302255,180476.29131008248,244,5242,102950148.00289167,BENIGN
32847.6974636351,390920.21874699934,2749,75542,24463506980.13838,BENIGN
3653.6692653428186,22838.771107436292,870,28779,114448543.02158317,BENIGN
44231.483012866105,12437451.377447179,4799,86216,79749893263.51701,BENIGN
12146.437840597697,600824.9003376246,163,5440,6976683499.552564,BENIGN
164.55214940386725,3591.759633094332,102,2356,512379.14992719964,BENIGN
125.66337623711394,3337.502687750237,104,2753,357340.5189195175,BENIGN
114.41030644478313,2801.689444565508,100,2492,221056.34989303662,BENIGN
162736.9182910748,3969346.7150767366,564,35935,190517069205.74814,BENIGN
134624.5180506042,3404147.714349404,143,3764,43872169803.26352,BENIGN
109505.84258076982,17826168.85368576,287,29743,101660440649.4308,BENIGN
53137.19472171148,1326530.3677322802,332,13778,21924420541.384506,BENIGN
156272.16641218102,2447629.8134365086,324,2811,139957777870.77078,BENIGN
731.690278478533,1494.8919105424297,928,124652,9022432.449079143,BENIGN
28124.300569744384,878921.2053602674,197,3518,7331611712.681396,BENIGN
18100.025715076215,294256.8176945776,200,3254,38969650.986742795,BENIGN
16892.91465218157,274596.78929779667,200,3254,33320048.724738695,BENIGN
19151.408532450663,312409.51162053837,200,3250,24537442.8199039,BENIGN
19659.147364399363,321819.3400224977,200,3280,18018075.16997991,BENIGN
14723.91000498564,247867.52473210602,200,3430,59924271.67623952,BENIGN
9562.926668212953,141796.79893053355,522,23493,71973324.51838054,BENIGN
4900.929662949698,679.5875048382536,233,15278,39179642.550928324,BENIGN
3086.1421079817283,8067.561175743608,235,12883,18113729.837907936,BENIGN
143233.4047547454,13239443.924650723,674,48907,233129782244.26263,BENIGN
223.62771533588636,6342.098410138998,106,2851,888288.5778860872,BENIGN
122294.18543091009,22214767.91212292,262,25361,178040414268.49442,BENIGN
84313.80301766885,1273850.0426143596,653,24981,108723854118.22742,BENIGN
8003.613623724697,168136.1727766874,238,6179,103864189.68334217,BENIGN
6128.138006406698,137924.18409358832,200,4270,93423619.76648198,BENIGN
2341.476224021249,32669.348619419245,4288,46131,44649655.55117916,BENIGN
13383.147934850946,74285.35235301648,1025,28170,5017952414.000315,BENIGN
437761.3705661094,7411013.123777853,119,3460,406932760981.3123,BENIGN
296622.9693329772,1561996.809725461,212,3552,263017077417.26248,BENIGN
36288.376362591545,171118.9355176583,414,9020,28198948075.46515,BENIGN
7839.827813511251,88170.42130361631,319,7674,176174846.0889385,BENIGN
85223.24151038256,1767739.1782518101,160,2298,36941830286.85956,BENIGN
17266.151521703905,255567.51331748138,606,37350,8877797072.530577,BENIGN
14856.667726704618,241936.6284558436,364,6605,78585287.87952004,BENIGN
18001.90788102321,298721.61540284305,200,3340,29147924.292882014,BENIGN
17516.31408120531,286654.00543598784,200,3270,8282816.320930823,BENIGN
16088.474660310038,261272.4535283413,200,3246,39627052.54346672,BENIGN
16334.287644629869,266188.4928894482,200,3286,36408720.97334725,BENIGN
11907.212563708816,201188.28408566915,281,5958,49556752.8944583,BENIGN
5117.554621489832,688.5734591530058,854,114678,163140109.88262486,BENIGN
4667.014470810925,737.3342092320894,226,15685,26200278.410479624,BENIGN
60752.7480725242,23432977.40109451,477,37085,40863162023.146935,BENIGN
62125.13028847816,1906619.8922122077,339,25546,23959907960.50635,BENIGN
18915.52395195894,423367.2236395839,351,25178,112279045.76575379,BENIGN
182154.53666681863,2647982.499998749,304,1781,247880984237.99872,DDoS
175.03211523585728,539.1910217799647,325,1292,154939.44196431982,DDoS
50.2403617993317,162.679681988674,317,1296,24629.762759367837,DDoS
149.01490537839763,474.8250571450995,319,1300,136625.7180240138,DDoS
25.200158342065993,79.09632327612736,323,1292,1673.4754599006508,DDoS
40.70937616751159,129.10771553643366,319,1316,6278.251537428691,DDoS
35.16375248223531,116.92085813520934,329,1342,5822.288281876267,DDoS
107.49475841032714,340.6034821918385,328,1288,30463.977785795156,DDoS
10067.515647444681,30277.965074279982,332,1278,4998628579.519441,DDoS
6.290124565925937,21.365389381342208,313,1336,54.903009500390326,DDoS
10.82246681945586,35.06144553299827,317,1292,165.72321491132374,DDoS
5008.081185031172,22527.379084352044,327,1260,1249917579.8563542,DDoS
7.411403555698731,24.725334187289963,324,1304,62.96917253049887,DDoS
7.032308225513954,24.183476998130264,348,1288,29.7079866743074,DDoS
30.312223893516705,91.841810280756,325,1298,3637.9922151549954,DDoS
36.49353914049047,117.73821742273888,324,1282,25533.283870514762,DDoS
17.280967883716112,56.36078572598905,318,1262,1408.4691403243187,DDoS
68.74302438491681,227.39135427854606,313,1254,23854.67443578985,DDoS
52.061727227550335,176.83411024865916,306,1278,18181.216121262878,DDoS
39.47062912531168,124.74619099242078,317,1288,10441.284883427388,DDoS
15.125942499487806,46.32134880607101,323,1308,587.6390828560004,DDoS
27.165622150611092,85.1298654493237,324,1290,2794.3224385182834,DDoS
11.688116258026906,37.21978212476067,320,1304,349.8421818216317,DDoS
39.661753322167016,125.27545256934086,322,1308,4434.742183339052,DDoS
50.584329473915005,171.90287924378697,328,1318,7622.802788095825,DDoS
64.98185147517694,205.37036823215618,335,1314,13468.820140108492,DDoS
1187.7634894081273,4743.801898847667,323,1278,69177321.71784413,DDoS
11.60254765767063,37.18983875972753,342,1318,91.75165964823562,DDoS
6.322495430069093,20.885731762675036,327,1274,25.903936080560154,DDoS
8.036583350047628,25.405295562855255,335,1322,75.28283356416112,DDoS
6.500446805797546,20.737042602144978,483,1756,26.47861008347894,DDoS
6.573526729442318,20.615025422819226,554,2086,446.11047315665684,DDoS
10.349941441573316,32.21410183032328,540,2068,621.1449558871234,DDoS
23.89925246313214,71.86005423695657,546,2074,2133.7767063255865,DDoS
310.84081393496723,967.2800315991043,529,1936,422490.82263268705,DDoS
22.413070456980687,68.1555624344943,546,2074,1030.3715540153407,DDoS
110.29460253181749,353.5075316011908,548,2074,39769.11631579151,DDoS
16.480501034849475,49.830919333913656,537,2104,716.5830608938395,DDoS
27.591446590913314,89.7703364250883,525,2026,4015.25546230296,DDoS
43.69438458292213,145.1127457302929,546,2128,14691.085356245934,DDoS
12.284048761413562,38.414009795744406,538,2086,384.40397364443805,DDoS
19.991166213106418,59.9317866348287,541,2080,1926.4607482805848,DDoS
114.48027193615029,353.6487993208287,505,1840,21944.610670555358,DDoS
26.45047839852107,78.56999304100658,542,2086,3562.909402439483,DDoS
39.56261660294424,116.72110019155116,527,1984,7808.389516279058,DDoS
17.13458709353155,54.84642040026616,481,1774,407.0363258787493,DDoS
4.773939096936201,14.735020436352773,543,2068,38.299058170968,DDoS
9.247904522210918,29.045611692204048,524,2044,93.67297779634342,DDoS
5.986746341981806,19.999732841127592,495,1876,24.848158314475196,DDoS
58037.82132194305,367382.7922619459,399,8263,33035456460.962097,BENIGN
14.507271211632736,310.4089794531576,3020,71215,1905.7853956537078,BENIGN
3866.3611868915455,79575.74444743164,1695,93403,69107965.67750596,BENIGN
8377.479487266704,173147.05377512935,260,5952,111623407.39929812,BENIGN
6830.641339272915,160229.07034228873,250,5890,100365428.57445928,BENIGN
5077.24951403673,115246.56595347727,272,6388,74007946.37886539,BENIGN
7093.975339498912,132566.86511825607,272,5566,98888070.12141933,BENIGN
5568.226342655241,129595.30382510893,280,6582,80770109.08729734,BENIGN
5406.795845337119,92296.87516492105,828,101983,156944264.06298566,BENIGN
736.8546797572676,4628.175639647478,1448,152778,13248893.640979748,BENIGN
7.756215951570307,224.44815697133185,1417,113104,1122.8940883940859,BENIGN
15.527859799923235,535.7560940917501,890,90027,458.2206319680129,BENIGN
6746.646599514344,127033.50145395659,775,33655,170916224.52952847,BENIGN
43477.94707729858,5555171.248446141,517,37489,22522429494.24447,BENIGN
115.0785192551729,3152.140601577741,116,3097,302373.7437407648,BENIGN
38.3304146778238,1037.2677852492834,110,2925,661.4496932525361,BENIGN
125.11225992214085,3406.7301553209873,120,3005,375494.637929698,BENIGN
132305.29368423895,713002.5483105658,198,32174,179468728622.12894,BENIGN
37.153045750161255,51429.990871864335,524,410448,19265.66168530878,BENIGN
6.169951505478576,5874.913162093983,523,280195,517.3484415352093,BENIGN
2.29182368069544,719.1994144671985,514,243951,14.388076500412096,BENIGN
1.7993421218130567,1943.400155300809,361,82858,26.31550607901156,BENIGN
58652.74870778681,21962741.05244993,567,67508,34784278738.42431,BENIGN
284209.00737894344,2545342.2825840805,157,3003,210750181981.26852,BENIGN
166095.78062613352,2394571.0785340727,303,1454,79015159010.37372,BENIGN
6.5356145020683,22.59068590202691,294,1270,64.76839768780026,DDoS
8.739030492659872,29.767955025687282,339,1310,38.99565290429988,DDoS
7.20089925294026,24.779079285315056,311,1298,62.21559818165504,DDoS
92.04301721936118,290.35378618421265,326,1264,46963.39434530986,DDoS
17.300695027402465,64.25030739578783,294,1280,1880.7579348415175,DDoS
48.50473008426985,165.86037652845494,316,1332,6944.662295776954,DDoS
38.32626711432933,160.92553457935463,311,1300,3493.943025662031,DDoS
31.699353064940798,100.62645691040882,329,1310,4917.130998899661,DDoS
77.34214732251817,241.63277020249458,341,1316,10212.71843613225,DDoS
5.214604331193762,17.40939288003027,327,1356,23.61188693000058,DDoS
63.6440758073954,209.03966829705004,324,1332,7650.259286898545,DDoS
26.02692879644055,85.49475001218357,344,1324,3034.5972498921624,DDoS
9.126708459693289,31.938113133461002,319,1346,777.3210303647066,DDoS
50.33659350429613,170.0036999872987,316,1340,5692.139346203014,DDoS
133.3508274274162,431.4244683076375,338,1330,61862.58575271132,DDoS
60.31837108204887,185.0693149865725,341,1306,10455.599504125323,DDoS
13.048904186557257,42.01893090715126,323,1344,1198.9687778905572,DDoS
69.38701031311726,233.34293619615033,338,1322,8955.513058988658,DDoS
58.63814638971237,263.8854229698378,315,1320,2421.471717501075,DDoS
115.93716033703272,382.18727248702197,330,1326,10237.693520486606,DDoS
16.105401706686102,53.18155271511952,302,1286,3911.978748126072,DDoS
71.36838312982843,224.02460161139996,341,1300,9185.982900459676,DDoS
37.29505454587361,125.46166472166846,329,1308,3752.92584240585,DDoS
5101.999074614372,22854.09957838729,348,1290,1248993072.3297498,DDoS
38.95180841243274,126.35626422655443,317,1308,2057.025774589129,DDoS
25.151981733536555,84.19594232234338,316,1338,1943.6507945696137,DDoS
21.585981715580395,73.52356020879333,315,1330,978.1921252866498,DDoS
52.30833248313131,175.0913360378498,330,1294,3594.524302566845,DDoS
22.606698981088027,79.16995519215465,329,1316,1294.3715405778978,DDoS
1697.5860881092876,7605.633752437279,324,1344,138784995.4793851,DDoS
19.661890693385306,68.64759022489139,321,1334,1783.3127778453245,DDoS
9.631972039917969,34.02346084859392,314,1320,806.5525454670715,DDoS
28.49202681262118,86.33107860955455,352,1328,3515.3308138278117,DDoS
21.447191274745563,65.81588384017385,347,1322,2729.2294581872256,DDoS
10.558832410380244,34.55738563712707,319,1318,140.19358545868272,DDoS
10.342111615050092,37.14973358669807,323,1354,453.2812322620799,DDoS
8.714215364597909,30.15252136311955,324,1318,116.72009702839257,DDoS
28.850354847753856,88.80083819237903,331,1316,2795.065362403967,DDoS
17.73816101778083,62.632962783681,346,1308,1460.1047906852266,DDoS
26.500168053672887,122.29008195416078,337,1328,1510.7970972918772,DDoS
9.883993496003198,30.198428603359407,326,1340,394.7817148408147,DDoS
12.222708732866666,38.954972122868966,345,1334,118.36855780348144,DDoS
5.204703006335951,17.71861633798733,313,1328,30.21195682063822,DDoS
9.872435800084387,33.58397502232981,325,1300,69.30642559032468,DDoS
5.273325403737248,17.7167275469329,310,1292,27.64102703722714,DDoS
26.009434982271518,82.83696404824428,333,1306,2638.053290511196,DDoS
9.775976347287054,32.34403342791615,324,1326,565.7910890939576,DDoS
7.346355194589308,25.30770844071804,320,1318,47.01028822707269,DDoS
11.702925801790913,39.56618115354814,326,1306,237.74438037423943,DDoS
9.262574494304834,39.56963013034615,329,1322,20.40194027422328,DDoS
30.984425661971446,115.8249954169148,354,1302,1163.1168227957214,DDoS
7.264246910453661,22.830271823863935,323,1300,135.91833610335942,DDoS
13.735916161480956,45.6744486016724,327,1346,197.1724980122064,DDoS
8.899381613218257,29.308827575078958,341,1334,92.93940871955007,DDoS
15.560061221570372,49.518487649148085,345,1302,269.2535889801575,DDoS
8.844386229687041,30.33668348820121,300,1340,94.99084379824382,DDoS
6.66941490810685,21.880206866235365,336,1298,33.79246643514174,DDoS
7.276664752623417,22.767679439196076,327,1278,66.26216363672691,DDoS
82.21302643912958,274.67181973585093,331,1332,20346.35407462052,DDoS
89.4335400063081,281.2397678470828,322,1306,53578.048632468344,DDoS
39.865683611656664,127.2175621274475,349,1308,7251.532426024414,DDoS
13.454682686744603,62.156253951300975,323,1306,343.87775657622745,DDoS
115.12160734491115,473.13314947066897,344,1324,13555.097554190237,DDoS
27.56639044196421,88.88971044544738,333,1350,4985.959538731617,DDoS
11.260767746316251,35.62907432169705,332,1294,667.0934683885773,DDoS
23.567320042896327,74.50678541737611,325,1322,2906.4649262481375,DDoS
37.71469601077317,116.35964450632231,332,1322,5725.066934199852,DDoS
64.59475631262079,198.35804139791568,348,1298,10165.092978028682,DDoS
75.09966827784302,230.69752447744344,332,1288,23259.614584562183,DDoS
30.665261664549735,97.14548704253686,331,1286,4018.168030218874,DDoS
42.34769138026615,143.39318165202982,320,1310,4517.101842696682,DDoS
27.36972530233317,89.14725009548782,323,1322,2434.450513607677,DDoS
36.41998858051993,132.35624197814906,329,1328,5131.380321635549,DDoS
63.61548744411227,266.189278895869,314,1298,2786.524194286329,DDoS
122.03061183705624,400.70716328896214,326,1300,11460.798858153546,DDoS
73.85263341797062,232.35426216504646,324,1328,21873.77523957609,DDoS
62.25389313056773,209.38137702366922,324,1308,6776.711679783298,DDoS
50.41979637074085,170.64349935508625,308,1300,19954.138198237702,DDoS
82.02868513072153,272.2689798659046,337,1314,8901.149664774544,DDoS
15.06551576246869,44.81145290087301,330,1312,1530.0484047451782,DDoS
46.145623656443924,148.1386084339479,328,1322,2678.073587339716,DDoS
27.542822576837043,86.30425048752917,334,1314,2629.9798811613255,DDoS
32.615674327884435,105.52635106766917,322,1324,1795.748055534396,DDoS
1090.9652175295137,4883.1039581713485,335,1286,56837067.93630311,DDoS
10.40248522118334,35.86668817536803,318,1324,410.861043192992,DDoS
51.83491973504224,165.87054635098488,328,1326,3226.2747037510176,DDoS
3553.1427406130488,14219.44564583456,329,1286,622667086.2410513,DDoS
38.5165015670377,126.83511019755217,343,1326,3365.914653426773,DDoS
5.91224532900789,20.05107560851523,322,1290,40.83620597079736,DDoS
31.377502754410433,99.23488468927815,317,1322,4671.587641733674,DDoS
41.10874831081417,130.62163467789685,328,1284,5052.557546798348,DDoS
9.299408732027159,30.963247713631617,319,1300,124.24317178590083,DDoS
11.295087310699783,36.018349154094494,336,1326,163.20581270027512,DDoS
7.287642389521052,25.128741668195527,312,1278,85.82183541358687,DDoS
19.53756210162981,65.34139981097675,337,1318,969.4958712651093,DDoS
11.720016776161968,37.3461017309974,323,1294,1179.0909429701715,DDoS
19.023404503352143,64.12355175209565,317,1342,1206.7171747290236,DDoS
24.770950125469952,83.87473213896236,340,1318,1206.9538430247385,DDoS
13.10159382534888,56.06571542523252,321,1320,49.51102764311925,DDoS
10.644220376678057,35.69241444875611,327,1342,105.01351004025395,DDoS
6.977111389670678,22.67968121449833,322,1286,71.9159550473233,DDoS
7.749417484671384,25.22735166816103,331,1344,71.39007322637845,DDoS
27.678569106332606,90.99335969767019,324,1304,2263.2175881628646,DDoS
6.45349152297003,21.49767649141342,331,1346,38.51314666852848,DDoS
23.092100337019392,76.57290822373386,343,1316,1451.3688503993997,DDoS
10.624584787199538,32.25872081431176,331,1312,832.1809947936315,DDoS
10.625368615495768,33.82180096826699,326,1336,429.5251543410185,DDoS
2.468756113036674,11.384364063638513,247,1326,9.483134992400219,DDoS
6.608038577288565,39.64823146373139,232,1392,22.23864965857535,DDoS
6.720476727601603,22.071403932630414,377,1660,100.14788196414085,DDoS
3.9434367627642057,12.536661203089407,539,2074,16.729901567158866,DDoS
8.084460360456537,26.67297543406923,520,2026,77.77467854141824,DDoS
13.00611795871378,40.29962333743581,467,1720,1449.7420662930776,DDoS
100.8910606629253,318.4439000469091,533,2050,27686.550814127117,DDoS
8.672124351953135,30.362840987387116,532,2044,779.0809474131296,DDoS
47.355383437996686,155.8717336534915,526,2068,8380.361041540298,DDoS
26.230084255650812,79.36452246786779,508,1894,3161.0778537971787,DDoS
49.0667568022762,154.6494751638904,519,1918,8720.719695503456,DDoS
4.468372530578328,14.236759679449138,535,2032,20.28068387400608,DDoS
49.47473894055844,156.87140500116584,507,1888,6755.943468749426,DDoS
41.71958447834234,126.29789175991502,498,1828,8415.363616197372,DDoS
11.932752985447042,35.57265523597736,539,2038,2450.0343256867545,DDoS
74.92772942036659,241.45023046720823,497,1906,13446.081975380926,DDoS
68.22862071165098,217.26229893903223,529,2008,31668.202081832264,DDoS
41.2557599530844,139.64369611281938,513,2008,4244.9956991886875,DDoS
4.673543354343244,14.05567760663926,552,2068,42.49544869024488,DDoS
49.91562949868509,157.53244750722962,533,2050,6837.693987489576,DDoS
4.412004448592023,13.681085459533996,530,2068,40.812516887920985,DDoS
85.889082302094,279.06776786476576,494,1870,9622.432030069678,DDoS
128.7777025782778,405.841561583655,516,1942,22977.43037093483,DDoS
26.777232777304818,86.45274216402697,500,1858,2348.7723638249513,DDoS
83.92061807617728,291.96907522980194,510,2008,30092.8269697016,DDoS
64.76659791004496,211.17643887983377,495,1888,7957.591687014026,DDoS
19.285604694147235,55.99764804300402,531,1960,3327.6758850410956,DDoS
43.72109394120309,133.57493278083476,540,2092,3174.860863516621,DDoS
14.587289975209401,46.10551259995203,489,1804,717.2953056143176,DDoS
36.2995140717154,116.90276104674292,514,1972,2813.873703312038,DDoS
34.77505665054339,111.6917327554757,495,1900,1989.2632255076385,DDoS
16.735098838186204,57.225544864319005,510,1924,1612.6610566566178,DDoS
52.326371531636305,171.38831089209197,501,1852,3151.3083633019355,DDoS
32.25926377368919,102.99337373766888,492,1810,3872.510600037722,DDoS
4.805978655717932,15.080426526523928,532,2014,23.33478870983657,DDoS
18.92153745285261,60.066799182676135,493,1840,2014.415002953858,DDoS
6.709036634445506,21.53407737330726,533,2014,59.2091562141404,DDoS
10.72431907327717,36.59907261134171,512,2002,163.30790214171148,DDoS
31.22641021007697,106.20815959933242,479,1828,2911.9870396196434,DDoS
4.37272486860715,14.040103171245345,541,2074,19.922406607500296,DDoS
13.665065753869353,43.297108967888164,502,1870,193.61280693043906,DDoS
5.946795747469838,20.194997084704514,500,1894,43.24938191269212,DDoS
10.77427427391249,35.635661904935084,528,2056,161.32086793693244,DDoS
5.401029988627662,18.54577991803457,498,1960,22.317433479220128,DDoS
13.551166359106178,44.22830820389359,475,1756,116.92480661253592,DDoS
5.450052412901057,17.910464066723286,529,2038,32.441536799659616,DDoS
9.540316383844578,31.150006494511395,474,1744,56.2102399556467,DDoS
18.833678108943356,61.76440798679843,504,1912,662.532377438039,DDoS
5.244596785865546,16.42663943784178,549,2074,31.15225962864993,DDoS
8.934019156059449,29.39738287696254,506,1948,101.01050830006244,DDoS
4.910923597922894,15.527561613266624,537,2050,26.369766537433797,DDoS
11.147803061875974,35.780025294961376,513,1960,189.79014592697496,DDoS
8.887619250807797,28.809940020849158,526,2014,448.4379185770076,DDoS
17.00626131937471,54.42169579307575,524,2032,299.2699225765411,DDoS
5.293994052625476,17.029451901266192,519,2002,60.21270506255406,DDoS
14.269265086033231,45.85904180472997,518,1894,184.08286268875418,DDoS
8.266995507566838,26.732669233616456,509,1918,70.70244996833537,DDoS
121866.31599108341,6477112.126935668,350,4976,113522550756.01408,DDoS
761.1446235312844,1643.247842200059,892,122998,9288346.481239565,BENIGN
11199.721055273632,189786.73137734667,188,2982,75629735.62526967,BENIGN
17303.727095295297,279997.7205578277,200,3258,13209867.801497832,BENIGN
17976.63147620403,291706.63439205475,200,3248,5912550.189394706,BENIGN
17867.66939090579,288592.1176024822,200,3236,7889167.934375644,BENIGN
16880.06228827157,272273.68017688714,200,3244,14969850.676550562,BENIGN
17882.265728114624,290491.74454134144,200,3244,7585182.099416267,BENIGN
18227.67462340899,296524.3346387744,200,3260,13726633.912153283,BENIGN
18027.863266949484,291358.5441421076,200,3230,7806041.19079216,BENIGN
13820.515522663049,229897.04836170602,200,3330,40963852.33696191,BENIGN
44346.80698370837,12406256.049871122,467,42908,79742080986.62646,BENIGN
3136.1925875537563,788.1804822748536,231,16725,15256412.600068582,BENIGN
8070.660625596235,129470.99605137423,402,12469,79458018.24773358,BENIGN
6100.434167512467,76930.75587944083,1609,192273,91207611.70499842,BENIGN
2396.9683992704126,17033.142074817697,509,36336,62275829.24433807,BENIGN
13839.268831266912,188813.7709009872,2069,41897,421029514.64863455,BENIGN
6265.090405702063,112846.57393238925,1747,29845,82987768.50715798,BENIGN
18887.06261735567,179165.5597840246,1568,24344,8797000752.863085,BENIGN
114.55876469023872,2961.8237009056734,126,3249,347130.02307079313,BENIGN
7397.736091811708,1071532.7046645526,513,249037,1316387890.6976905,BENIGN
2.176804266389915,1978.3457052933957,359,82864,15.85960486539556,BENIGN
1.7785445559883728,1226.8191977239,498,285581,14.381507967987476,BENIGN
3.5965139590561357,446.64520084705043,449,191416,11.428537651045037,BENIGN
0.9082657395465872,910.2571287364552,421,166166,5.612440514059421,BENIGN
0.6420386268510034,259.49050168672005,465,185297,0.6035640819404587,BENIGN
1.3400105551393824,1225.8552169708382,487,245314,7.23469908526808,BENIGN
7.910604121198802,9400.212825454759,440,201005,2382.3722988543427,BENIGN
5.573901778177649,6490.2162300748405,390,134119,466.6203641836664,BENIGN
9.606651191604549,11492.432333657354,469,260331,908.9787344687202,BENIGN
36.38467869319195,15615.720618827392,490,259010,3543.425872952918,BENIGN
0.457231008593045,72.53974715344344,485,222832,0.035530104590062214,BENIGN
3.2040638717274517,3324.119252072313,383,104054,168.77878970819017,BENIGN
0.6524411293132438,199.48745584902622,497,258290,0.3262959501821435,BENIGN
4.869437321149027,5581.624418471217,460,230296,233.42756593449687,BENIGN
4.166782637882849,4960.433625257122,510,290319,185.22746385353483,BENIGN
6.252883017730062,1630.565572018022,503,261082,63.26914727311996,BENIGN
4.6836979654781725,4780.810326336289,459,222874,340.55187487675335,BENIGN
2.3767978258737212,2862.991377893787,426,183940,53.363312485400115,BENIGN
1.1395878579379544,849.7233885061619,463,222231,12.895793357490328,BENIGN
4.713284452764466,5650.7477245039845,470,229701,523.2551759184179,BENIGN
2.045312352243544,494.7934559142814,442,186011,3.9275176539544248,BENIGN
3.8006135536040664,651.5931726539131,423,142268,8.699759624589332,BENIGN
2.343531250299402,958.6420737812696,499,263347,51.567576848819655,BENIGN
1.217386492662114,989.1943558647738,560,327944,29.448229359429863,BENIGN
1.4729621565274365,1372.433629589917,426,183916,14.816408666590535,BENIGN
6.8451395584083015,8050.377032256628,434,211231,692.9727044433098,BENIGN
5.467321360579394,871.7378522696445,425,155256,75.3832334203664,BENIGN
1.0604019970780396,141.61912794017945,573,320450,9.032762135582706,BENIGN
35606.37582135252,254321.91552550436,445,21569,16209304705.264738,BENIGN
149942.4055803357,1095794.16987427,120,5813,168440700026.3948,BENIGN
83723.95137441732,1004546.5354548868,197,1041,66808583815.2226,BENIGN
4.638375558492329,15.56298146863869,332,1360,15.513269719529678,DDoS
19.967495209301944,62.88240855248702,350,1310,1917.9606011168528,DDoS
1374.1749474930184,5489.810116361656,345,1320,92946030.38393076,DDoS
16.056977839747987,51.835430878234035,320,1316,2786.427743921227,DDoS
8025.648616167705,24082.801093317103,337,1288,3199583744.3776994,DDoS
6.2815711701583545,19.850820829896527,335,1312,29.584583594143158,DDoS
5.984775617304784,20.136358629914927,326,1320,24.424118021877693,DDoS
15.241095230750183,47.976439224881595,335,1324,1750.7137716467857,DDoS
21.567188016050313,66.21956394628545,336,1320,2567.526716643735,DDoS
71.33007798892545,231.21057831530717,350,1306,8313.433616747252,DDoS
36.56383420222217,110.87125265405435,318,1278,13265.670352696845,DDoS
25.083716278883877,85.38330259394498,313,1294,1838.2256328207702,DDoS
5.206279563276926,19.07536275208558,311,1286,17.642063005236274,DDoS
50.28802762596375,173.00903993075477,330,1316,7728.072223915403,DDoS
84.89369053349063,312.8927357156713,337,1276,7555.945566673029,DDoS
94.74371160572473,294.9819679451015,325,1304,31136.37778730871,DDoS
48.865932796762365,149.08975541108816,329,1322,5450.303118273995,DDoS
4.224859983193041,14.323535981895459,307,1286,31.728414085298983,DDoS
47.25993978442733,160.16024812648234,320,1284,3886.8384975213758,DDoS
5.444675243244302,17.68392022885642,328,1296,19.781025522514952,DDoS
85.91796168865021,258.1976456966338,344,1304,19847.102782699756,DDoS
4.441790554053624,16.041663702685785,322,1342,10.768212459836908,DDoS
50.13149580281255,162.56891683213365,334,1332,10099.905087475021,DDoS
16.582270498465157,56.93401450480395,321,1274,1092.9195486700226,DDoS
54.21168876530562,259.7166319700744,328,1316,5721.680498408917,DDoS
24.026813176850354,79.60999563053497,327,1338,3892.914506729322,DDoS
24.48004330805432,79.0867383981072,319,1296,3926.915993195694,DDoS
9.748405228576388,31.856591497029616,318,1308,252.93285298711322,DDoS
7.1984540070804925,23.320830938990557,334,1310,71.54551252999335,DDoS
44.99007306880961,147.95816958923533,336,1314,8333.82294586601,DDoS
34.08598064937747,112.15935198846083,320,1306,5761.40147566672,DDoS
55.432880506823665,176.4196696537655,339,1332,12194.034762901083,DDoS
7.502446973573773,26.64580137449927,310,1298,92.5455306058615,DDoS
24.1336998647486,80.28955423293296,335,1332,3959.223368850686,DDoS
10.444699282608093,40.88579246251968,319,1284,73.10315356313151,DDoS
6.942603114392675,23.91706705140014,318,1312,44.31958870355218,DDoS
5.8901305401929065,19.541546395154402,322,1330,35.233774279998514,DDoS
6.639309652281436,22.08368542218449,330,1330,43.5838503361812,DDoS
7.438115241522761,25.69342442062274,315,1342,51.050505100228115,DDoS
18.10197459808812,57.63178777462625,341,1322,639.0097967994769,DDoS
6.698428526559589,22.541885114888363,355,1338,15.750483667737889,DDoS
29.026123721957944,91.85989540913097,350,1336,940.0076089364044,DDoS
5.353478695248843,20.085785564243626,328,1350,8.675961930129736,DDoS
15.360260057378428,55.49284590989286,340,1356,192.07549908083018,DDoS
10.415909331280503,33.04036165684184,336,1336,165.01166519398615,DDoS
8.078801219697587,25.937336198188813,321,1334,136.0412970144397,DDoS
11.569024974990016,36.00303050960956,335,1318,161.8478681904876,DDoS
7.447041949048447,24.08194993638515,315,1310,76.95078944587313,DDoS
6.412430019913428,21.983936520213643,332,1338,36.9295886714382,DDoS
11.290827228183788,36.68987961238464,325,1346,124.17156287564319,DDoS
7.4223300106195556,25.200170278679096,336,1310,25.04568557467507,DDoS
9.932422518011672,32.22388173261598,370,1284,24.959582511841482,DDoS
0.5365178567779626,2.908102525076548,228,1346,0.5494753726772023,DDoS
0.5897927971995657,3.5387567831973943,226,1356,0.008589186473457381,DDoS
0.8747314611021825,5.248388766613095,218,1308,0.019964694479312213,DDoS
679.7538426618297,2044.624750886233,229,1368,22979428.620664056,DDoS
21.40171045365711,128.41026272194267,227,1362,761.9101694615854,DDoS
0.4067990820299518,2.4407944921797107,225,1350,0.002884860409446663,DDoS
0.6040042442071979,3.6240254652431867,225,1350,0.012579299448915322,DDoS
0.8132862463192332,4.879717477915399,230,1380,0.012941161994061975,DDoS
1.4803516551078544,8.882109930647125,227,1362,0.23508354908485668,DDoS
28.994056978715545,173.96434187229326,231,1386,2570.2343499233602,DDoS
0.38895043966792314,2.333702638007539,226,1356,0.0025654688445831708,DDoS
0.4992082981317019,2.9952497887902116,228,1368,0.0055802965314293955,DDoS
0.6671842120518334,4.003105272311001,232,1392,0.01483796809948063,DDoS
1.0574805820084436,6.34488349205066,220,1320,0.06711957982319668,DDoS
2.745304827281907,16.471828963691436,232,1392,1.5738093778591586,DDoS
16.44523078393386,98.67138470360318,224,1344,1832.5535589066467,DDoS
0.5611399366424645,3.366839619854787,218,1308,0.008255006384801157,DDoS
1168.043274999157,3506.6047459230754,222,1308,38888638.908831745,DDoS
1.7108015415131468,10.26480924907888,223,1338,0.2728070826623941,DDoS
3.067917531264083,17.70598459064682,329,1708,22.258530705308754,DDoS
0.5528702424522126,3.3172214547132755,240,1440,0.007428285881292434,DDoS
0.7323858591676522,4.394315155005914,227,1362,0.014975466089782721,DDoS
1.206257664950538,7.237545989703227,229,1374,0.08273548254874975,DDoS
2.160690162615255,11.88338726381129,376,1832,0.9243325341661254,DDoS
0.9499572134279927,4.017453755624243,327,1670,6.395671686984613,DDoS
4.500587249319885,14.576393963708766,528,2032,18.92318181762071,DDoS
11.140749714714941,35.51944479444168,509,1906,195.72963503402704,DDoS
5.664219300332501,18.705625992756463,529,2050,53.50103086910809,DDoS
11.040095866417193,35.10611119903217,515,1972,256.8813142653765,DDoS
24.80718087500798,80.10259429986141,499,1858,3068.507417241096,DDoS
18.57965261868472,57.73303019492019,528,2020,2591.987119882241,DDoS
6.892416971196,22.479949896956136,491,1846,33.79960032837191,DDoS
25.721966890235482,84.17813786646242,521,1972,5242.040111843008,DDoS
23.808727992207622,78.53266901677566,485,1810,3631.272912128067,DDoS
29.033613513398954,94.61097521902094,514,1996,2211.7623031566923,DDoS
49.99788166298813,149.89378420523167,532,1972,10862.765953187954,DDoS
69.02618849413649,224.4246092827364,480,1816,11515.71073117057,DDoS
8.472192631149776,27.597807504377897,511,1978,762.3717817787252,DDoS
64.07113313875985,210.58005232243718,491,1816,5829.012184474906,DDoS
20.90232427193426,69.09268147672829,510,1918,1683.935047031837,DDoS
151.51394862139242,471.7403386522152,496,1840,30207.850525403304,DDoS
22.417222496269932,68.0704386039671,518,1924,1622.4287288167416,DDoS
43.189382207780184,143.9023091775718,538,2008,6346.90329912504,DDoS
65.0921789770179,208.8023604175209,496,1870,7624.203151462666,DDoS
6.785435086812327,20.54419534177106,520,1924,71.24774178534844,DDoS
91.88208894914925,275.91222957854615,515,1918,28296.55754774641,DDoS
23.580789621906796,78.31075247377811,542,2038,4754.18567933581,DDoS
78.94291232265451,250.42659761997845,501,1852,17933.481414193917,DDoS
3.782858031821596,12.391811539004987,529,2020,14.138556977954956,DDoS
78.8420667486814,260.26986818817426,504,1894,17666.011411779535,DDoS
43.65776160748071,141.78077705336582,514,1900,17603.275008919936,DDoS
12.707043016335195,39.937417934759814,524,1990,853.0729148501522,DDoS
28.792809359829157,90.75232584021255,504,1834,5891.040653241154,DDoS
8.131850996799916,25.02099160099975,539,2044,160.55255458272094,DDoS
99.61664809433958,322.01235834831414,500,1858,40727.65503481312,DDoS
44.61113124328582,142.22440304618544,521,1972,12857.217698718056,DDoS
177.44630760628087,559.5432141720826,477,1738,153195.43070438274,DDoS
1884.327312579866,7472.843285806362,496,1784,165071619.80075422,DDoS
6.690563506468384,21.760793865410715,519,1942,91.6307347035316,DDoS
55.72704984211991,184.5014083614595,497,1858,11098.671172259834,DDoS
9.33962371108136,28.992928613947367,518,1894,61.54020155865532,DDoS
6.277337739868163,20.301133060548405,524,2062,51.759548661320245,DDoS
8.014421242747071,26.277363709811056,519,1966,58.90903473183062,DDoS
5.130482985054694,15.88085151665598,546,2068,29.51328696934363,DDoS
10.520480495954313,34.12650689065002,484,1774,60.67224694337574,DDoS
15.319069221842298,47.714131268329375,505,1882,467.1843641116099,DDoS
7.024471207581358,22.70958159289393,489,1780,24.324358440030966,DDoS
34.792298093769,109.47532172803818,516,1906,1223.6012665826238,DDoS
5.353111999467423,17.00555543524268,518,1930,24.908373095497108,DDoS
20.620405089955977,64.51135971967113,528,1930,653.8839708474151,DDoS
10.550529146607932,32.966464300621006,519,1900,185.78214721966435,DDoS
10.771027919254735,33.22617045338187,541,2032,189.79611246882052,DDoS
12.01319157391489,38.44068092529173,504,1912,244.5780976807814,DDoS
11.236105855390731,37.21324632728931,510,1834,160.26405716334372,DDoS
12.401678680181895,39.13289693676012,526,2020,146.0602891728846,DDoS
6.319291726377504,21.072094293870087,518,1972,55.91567090102365,DDoS
10.253062819808024,34.63042945765279,535,2068,112.97590049336935,DDoS
8.19488350968502,24.87968699656985,513,1888,50.07978494724317,DDoS
7.111114034241804,23.088296932049584,492,1846,31.540488247678798,DDoS
99485.9595149084,2052705.688964474,526,10701,43024387103.9916,BENIGN
9674.859863707943,86443.991304891,1865,41224,1278671025.427619,BENIGN
45233.088480698534,316588.96044217685,1291,60335,79661273489.67537,BENIGN
8988.27437045318,177137.37685514233,491,60521,107105844.63311782,BENIGN
10503.35753387981,34750.20119173257,713,55486,4994707269.126707,BENIGN
14179.593111451524,88315.79311952612,934,83392,8876313812.635933,BENIGN
24169.331810187476,145018.02834512875,3932,47163,13611688349.825474,BENIGN
20814.350284005905,826787.9122852002,1006,36416,14038493189.756472,BENIGN
4251.671084915641,82236.26019320222,200,3796,51173748.54342812,BENIGN
8071.766636128114,139742.277973676,200,3682,91217099.6302187,BENIGN
2526.9510331739143,46973.74891311961,200,3536,39825579.898268536,BENIGN
3086.520866951955,54194.37449137553,200,3450,50782819.09555221,BENIGN
4470.935270991544,72476.9178315652,200,3454,51994014.60325167,BENIGN
1618.8815342766436,30643.95486707073,200,3462,28536308.130545065,BENIGN
3025.8320203059893,54137.30366454759,200,3706,42573764.08969063,BENIGN
1856.6890534736276,31388.667759864125,306,11611,28273972.956504695,BENIGN
23672.126819108133,60415.590669164754,1150,61252,13605926885.374985,BENIGN
67681.96323863717,405224.16070527525,746,36975,95135728424.80893,BENIGN
7101.313817976255,693.2565407004294,698,34485,2220287531.950906,BENIGN
13345.617243231127,80263.63530398867,664,53591,8888555151.430365,BENIGN
1986.2937166223453,7968.431106704716,382,32470,42311144.5841812,BENIGN
266.37233680330775,2918.2317661065676,595,27525,538639.0798699114,BENIGN
35595.558807243404,3361799.2501876755,694,45563,16816852121.175755,BENIGN
462.9450417705904,11491.107509005598,126,3096,1443436.5797810992,BENIGN
635.8753550209696,17270.107843698544,130,3414,2127844.0200072825,BENIGN
609.3040399167131,16509.262826661914,112,2843,2159447.953424948,BENIGN
477.1248373461585,14323.479272436485,116,2896,1805037.0178075077,BENIGN
367.9889809139352,11471.333426369922,106,2635,1347843.0895081244,BENIGN
299.7133624894439,10822.884522608047,106,2667,839098.3075276443,BENIGN
363.7708694501564,13258.154278304242,372,167381,1405726.0479231589,BENIGN
1.071042568114578,541.290974057417,458,188023,4.900058056280448,BENIGN
1.4734985370474356,897.5646034827009,457,226945,5.8953420880101906,BENIGN
3.398856006388503,1910.6141180538502,447,195547,34.27544441105815,BENIGN
2.4796467287170643,1037.7858564010073,503,263742,14.02217481355433,BENIGN
11.459261013148875,14697.718916008589,555,334243,1838.479363400879,BENIGN
13.550969511628434,891.7013986106017,453,163482,1173.3714913837168,BENIGN
0.7931563111513701,419.93897356241445,473,239903,1.2561620680964498,BENIGN
5.269092510932752,6328.700703522331,541,341598,868.299540743773,BENIGN
1.9749537052199286,1212.5166243563935,553,322527,33.5239084575627,BENIGN
31.419260716421995,4482.427049805144,471,212175,2244.2300955247447,BENIGN
7.043709361282911,9126.804816899537,488,246070,776.4824316169389,BENIGN
1.8298861474045867,180.48495373404236,479,222850,5.757680755610423,BENIGN
0.7202561887210374,74.18351853991118,465,185339,0.2757796218103804,BENIGN
28.72429259666717,39903.87136189858,456,237826,8545.276885956357,BENIGN
0.6708790803509268,365.21577927348125,524,279516,1.2360324065994588,BENIGN
1.0238199070980483,296.1958208592968,413,149107,1.2285551404926343,BENIGN
8.294759769676089,11495.271526979224,472,229484,1335.6304152840926,BENIGN
2.800390251858129,1354.6725746204775,590,358015,43.60025315266175,BENIGN
12.149508632566423,7468.658136640314,507,262560,2537.902223048755,BENIGN
1.4787476385080764,310.39634021032185,472,217422,3.4295888517790574,BENIGN
0.49740687788013693,106.30516842075544,489,237921,0.1006785988387564,BENIGN
0.8205293186649988,144.31183216938982,495,245451,0.3330328973202138,BENIGN
1.562368070488676,586.3957691834394,529,269290,8.562441700971066,BENIGN
1.4158000696303348,877.6235827711082,641,435103,5.949991246665649,BENIGN
2.5905609267730565,2077.8328608951765,421,142351,53.22314787792869,BENIGN
1.4268464912353418,86.72492554288603,566,303391,3.371647230327143,BENIGN
0.7624451773510263,297.66018938719094,515,269296,0.8758165218886362,BENIGN
0.8856791101318234,262.65436208077114,524,281588,1.0984613861562587,BENIGN
1.816524223900023,47.95614527552266,433,153881,4.090259530243964,BENIGN
53056.58055382638,2820047.734919667,308,16011,31970231767.64061,BENIGN
88431.86850169135,753604.6676187003,125,1315,33405984590.825943,BENIGN
214319.93425388372,1937838.8595460805,112,552,139754856031.43314,BENIGN
216996.41884077582,1988588.980468581,328,1184,148312171621.19202,BENIGN
16.33698153652179,69.78681381611297,352,1298,237.1717684500749,DDoS
12.570521152428734,39.830052510661545,341,1300,263.2681467004373,DDoS
6.514658714804215,20.811680534977473,323,1336,62.48762922550276,DDoS
12.868133480574851,42.467015194362645,338,1308,168.47747775372926,DDoS
31.242946274847796,96.2059695565294,344,1324,7561.2339030700305,DDoS
6.010084655777047,20.16093507385135,325,1326,28.020655224216174,DDoS
53.45591304354347,170.2832674272464,348,1332,8486.1252600072,DDoS
5.590882468676318,19.16113506474863,324,1306,21.67729432326695,DDoS
7.248650030261594,27.10575144938423,307,1288,24.862258965171442,DDoS
15.11326515168326,75.74448600864558,318,1298,1027.3826619550036,DDoS
544.0218486824512,1683.2887541643881,338,1298,11561593.400812158,DDoS
10005.260730345917,30016.9853599487,331,1290,4999892660.855724,DDoS
34.153363923718,109.0255343052916,331,1300,4765.534894565118,DDoS
12.041112341384627,41.26706730768764,330,1308,1109.678863707923,DDoS
46.8323225825073,149.84044848906726,320,1322,5088.676025564061,DDoS
17.18087152850035,51.46351565648082,339,1300,2406.4787006876245,DDoS
14.80965766825902,49.47711551123039,308,1300,770.4178490326256,DDoS
11.42678022807747,42.8651506773024,319,1302,535.8038025739216,DDoS
46.40076759689846,182.4929187579588,352,1326,6907.493774892164,DDoS
43.20250921118051,146.72966213397692,318,1334,11267.571001426713,DDoS
7.271099841293996,22.59301952232951,348,1320,418.9380581193065,DDoS
39.04057066187802,122.35315943067215,327,1358,8449.99639826037,DDoS
72.21238856634265,226.80435223408585,325,1310,16367.672361858298,DDoS
87.95217634951914,270.24622392994195,319,1346,26662.277675549267,DDoS
15.238012485980454,48.84324025948395,347,1314,440.448425827285,DDoS
13.78508733068559,46.4737172697835,314,1316,587.9199771318215,DDoS
26.51529980681387,89.42886822197787,324,1332,1060.4379660574039,DDoS
14.93002056855743,57.40586119541947,332,1298,683.0542332539378,DDoS
90.05717420605346,335.48298237013137,318,1298,14712.6802288726,DDoS
23.581087051217096,82.06842847752463,315,1340,3619.1433185608944,DDoS
3.576864156256696,11.45167131955061,308,1264,42.97889799537194,DDoS
72.10238614768383,238.64762369366247,325,1306,8987.247342997593,DDoS
45.455729567331986,143.64309539255865,342,1308,7983.409241410852,DDoS
38.0429878052758,120.2123947612188,323,1346,1486.8740334573843,DDoS
51.91011797206499,172.052363257051,355,1322,6448.770547883411,DDoS
45.53797976043223,150.47514480585684,334,1300,3009.828698449724,DDoS
11.287454069351742,39.50856548137379,308,1270,246.9110405730169,DDoS
45.42310709772638,230.64290815855577,330,1342,1900.4293963205089,DDoS
83.77825084229173,262.17000594376174,333,1312,8543.286677492175,DDoS
40035.106518916095,180114.83676599697,301,1284,79997136510.56184,DDoS
13.973971835311975,40.77867837371526,331,1300,767.1167504835414,DDoS
41.71535181485931,137.5587137710459,327,1322,2087.2855419777593,DDoS
23.721861704720308,76.64793382866922,339,1288,1851.3998539113138,DDoS
53.49001218011974,172.34860760308152,334,1296,6643.142470740989,DDoS
23.38426545174382,77.89575694088371,339,1292,1517.9902253873424,DDoS
5.588323621640971,20.848536044068897,304,1298,26.52819435354363,DDoS
44.95024137376955,144.20669871160305,333,1324,4797.614518500316,DDoS
110.2715779410609,440.42481725540483,339,1338,28224.893751380685,DDoS
35.10790441218614,119.72504116596676,273,1280,4701.96796933612,DDoS
0.6182428909562495,3.7094573457374964,224,1344,0.009569402518353655,DDoS
1.020180529275634,6.121083175653804,230,1380,0.05819957442559212,DDoS
1.8799855449098968,11.116818985448042,245,1410,0.8937667847659814,DDoS
0.9785771794462466,4.750404965165019,388,1894,0.28308266589488895,DDoS
0.46822188331419623,2.8093312998851774,239,1434,0.005310205893187688,DDoS
0.5765484107533094,3.459290464519857,224,1344,0.006940111152732134,DDoS
0.8179226398823083,4.907535839293849,221,1326,0.026775045358344234,DDoS
2610.3994037074303,10444.93020354326,237,1388,340255580.2576543,DDoS
0.9861165931970852,4.579480087537023,411,1944,0.3703144784207559,DDoS
0.6889439675030592,3.4644934973290997,322,1666,0.262745408495019,DDoS
0.5095915867047457,3.057549520228475,221,1326,0.005535995538222985,DDoS
0.7185788994986969,4.311473396992182,223,1338,0.021373266190369746,DDoS
455.8584160656792,1371.5141327577105,225,1344,10329360.747317374,DDoS
1.3966680082426008,7.001138027873824,431,2048,0.611071504993994,DDoS
0.47005382128150813,2.8203229276890482,220,1320,0.005307203937577778,DDoS
0.710285150541753,4.261710903250517,222,1332,0.023245970185650756,DDoS
1.4462882065365985,8.677729239219593,226,1356,0.19096236218179358,DDoS
6.4395619098324515,38.40543098207226,256,1444,44.81411797993688,DDoS
0.8590632434401329,4.215048842894554,370,1848,0.2722226285904903,DDoS
0.5146645143165416,3.08798708589925,223,1338,0.00837493798710279,DDoS
0.7196510497216133,4.317906298329678,220,1320,0.01665382728986422,DDoS
5080.543727060694,21753.10363220543,224,1332,642107063.7762244,DDoS
3.8240513401705534,22.274970629514332,309,1622,47.94465814004666,DDoS
0.5286589775951847,2.9769955977677913,251,1428,0.0763762110743969,DDoS
0.6458306394226215,3.8749838365357294,223,1338,0.013309958512709892,DDoS
2.320565941445404,9.35998259979572,373,1752,13.731310719988741,DDoS
8.205928257252685,25.417682793281973,527,1984,84.31159009919803,DDoS
10.029291131548295,32.621150556055376,514,1960,178.125905791044,DDoS
12.95356390169869,43.62864930751392,480,1780,192.50463687759725,DDoS
9.032383191417765,26.949301647019567,527,2002,262.33923143200764,DDoS
11.975498780409616,38.48034591283642,515,1948,239.06669766323805,DDoS
42.21968503721032,135.06828432854903,499,1930,9638.901505448814,DDoS
7.161430317463229,23.166573255398717,495,1822,29.792331169414574,DDoS
9.377495952252524,29.593610091981034,507,1870,58.980453645424944,DDoS
6.207723154218262,19.676235093111504,547,2104,42.39840136318174,DDoS
8.248328460560838,26.97920810993436,498,1894,42.82357012488753,DDoS
5.522818059628742,17.549421541881937,533,2056,29.806176252807017,DDoS
106.35857036409479,341.3375992652575,503,1870,34935.45375038499,DDoS
16.239094123330528,52.20867932624717,536,2116,3670.952825840053,DDoS
82.3186907591905,275.46192260687565,498,1876,24683.87992702892,DDoS
4.800001949519094,15.681753505046872,540,2056,30.0866616374304,DDoS
1001.3901342011425,3927.070485389006,507,1928,41170777.4051114,DDoS
4.991130352112504,15.527976146440029,532,2008,32.90442294155045,DDoS
67.48696926669382,211.1649032966712,514,1948,7864.736530797722,DDoS
23.5337274282812,74.49416559526674,526,1984,4108.478134499968,DDoS
8.704147533627212,29.38773859059271,512,1996,118.06974014034908,DDoS
12.412958835925433,43.17167680374609,505,1984,1332.4629248562035,DDoS
17.705492647864176,58.63871300174366,528,2056,795.1041185095944,DDoS
90.98004499380812,290.105655799769,496,1864,21320.427594467463,DDoS
22.33332777501685,69.62851962510953,540,2056,6900.362130135927,DDoS
50.96476565946087,159.6203928208424,485,1768,10519.532943074035,DDoS
5.0307955372588085,15.835484663079473,534,2008,28.83949661202607,DDoS
67.64995085907435,209.69456331108734,545,2038,10736.106424628137,DDoS
31.861782030330765,95.00800087770396,507,1846,8246.469440421859,DDoS
135.07024400838145,449.65171136831924,523,2056,33319.51358028986,DDoS
12.344505873053915,41.72605921874004,514,1906,399.99277729706813,DDoS
30.565895005836136,99.33326321413475,547,2134,1742.4215277012174,DDoS
15.324267650038045,50.146843434134446,502,1888,521.3153444882666,DDoS
20.863340400163988,68.46383103889546,532,2110,1385.2467367118431,DDoS
26.674827814777633,84.76697559418223,510,1954,2525.979728787298,DDoS
133.94712441331245,438.6095798710744,480,1822,35238.55598701047,DDoS
45.73580714553406,151.08764318121402,501,1864,7194.840447819555,DDoS
36.5591355468953,127.43698412849062,497,1960,5938.056108049729,DDoS
117.727811412263,396.4264417459755,490,1822,28478.437158683202,DDoS
17.460472315639215,55.27962447685956,536,2044,2638.8974343324403,DDoS
73.90881664043772,236.26626276077178,519,1930,6570.857109234565,DDoS
41.34101962178676,130.3978475179905,505,1864,2526.9593546628057,DDoS
19.97710457089731,66.51882814247762,517,2026,620.5620960670258,DDoS
27.439077297018322,91.54819320080395,473,1780,1546.755349291871,DDoS
35.20294721097367,114.95284425151677,516,1960,1181.9277997565016,DDoS
36.35410969302524,115.01002737339145,483,1720,3125.58232862882,DDoS
53.41377479884043,171.13924391800433,532,2056,3612.8936678905025,DDoS
19.922891105761085,65.0384447222004,523,1906,1563.911667934736,DDoS
43.99494470509242,141.53506630654698,522,1996,1976.6845101451597,DDoS
26.06864166534984,82.24502429493069,526,2014,3436.733615946867,DDoS
39.94048398074474,126.19464048822014,537,2038,2286.129192162273,DDoS
58.996467877489074,198.07973314919488,480,1756,6334.893332819147,DDoS
12.762161728673327,37.22066264914165,539,2068,1355.2693222465757,DDoS
46.63232871571229,145.013221165477,505,1912,4917.114376362144,DDoS
6.672886087040986,21.25644487057394,533,2050,63.756671048314466,DDoS
40.292573362432954,136.441540518628,498,1912,2879.954841239135,DDoS
4.5240953324298605,14.559449459009624,539,2086,23.438183403634923,DDoS
941.3225667795238,2839.631251151578,487,1790,36073227.68428667,DDoS
204419.9431807878,1321291.343499286,233,6947,186036867565.2483,BENIGN
518.0658820215577,1259.2401289984257,1096,121728,4193061.60099722,BENIGN
10499.981595475276,178729.86181802818,184,2868,79029724.87737226,BENIGN
18527.69026456791,305757.683937398,200,3302,10679082.597421255,BENIGN
19079.98280465936,310147.68771843845,200,3244,8252876.761862543,BENIGN
18727.464505542892,303529.37870492967,200,3238,6304413.66407197,BENIGN
19045.933849557383,308088.5174209096,200,3232,6167445.351513483,BENIGN
17919.18367662227,288810.50394263834,200,3220,8117032.500498413,BENIGN
18249.349285690925,295205.88329387223,200,3230,5751105.977105721,BENIGN
17984.275177749943,288716.9402347939,200,3210,6766674.078899931,BENIGN
14838.247702374101,242347.8789621367,200,3338,47397161.06663114,BENIGN
5333.061977094656,24369.61035211769,273,21617,48366778.488380715,BENIGN
5000.819976129395,722.84572014814,221,15510,31726182.879070487,BENIGN
2980.847929155941,22067.973423324987,2678,85709,82666879.40745988,BENIGN
3020.9027999737796,43661.30631116151,820,25449,50128113.1333547,BENIGN
10108.392311728025,198807.33059211084,216,4128,102275253.36585091,BENIGN
8294.887391642616,181769.19648254453,216,4552,101417590.1930933,BENIGN
10432.779064007553,206001.38954465665,297,6862,87417994.44075167,BENIGN
13985.45134771374,82131.57350428996,1024,38977,8881462064.84559,BENIGN
1607.0087328838324,13751.296925053475,727,43648,19431638.225081794,BENIGN
2219.5362527630596,49998.21720926168,274,7025,85861292.61922298,BENIGN
90238.04548547602,545540.7826837677,142,3646,160058952143.66583,BENIGN
269.67827724700464,6814.5709948842195,114,2903,848877.6224986676,BENIGN
60960.71235421576,20969209.92603712,376,184674,98290956300.40388,BENIGN
3.268786977469532,134.0297119526995,403,123215,23.607457286078432,BENIGN
2.443814798424631,1272.0909978938623,522,268558,36.73133992294021,BENIGN
1.4270795516214256,1042.716631808871,463,198934,16.91949914599146,BENIGN
1.11145214727551,145.38204222853383,480,220767,0.7178081200045278,BENIGN
1.0251397225051917,588.3289845505535,580,368271,1.4089136016244546,BENIGN
1.0468475204646837,440.68758094900494,545,315652,4.1637607806492625,BENIGN
6.510696238526193,8850.372961116102,503,284266,1396.3827404310264,BENIGN
6.09793495120192,7305.774924244956,407,131405,1166.0355858741846,BENIGN
1.6221576803098592,1382.847190373301,551,361431,8.402301592861933,BENIGN
0.6960118247992892,96.96439719619626,515,272076,0.3553343809807986,BENIGN
1.5735499307541332,561.8578539826435,441,186672,3.722183951380291,BENIGN
0.5100374910682016,60.79449861616915,489,217386,0.17181001773175786,BENIGN
1.1842062169394691,675.8442929443898,438,190047,4.967497835443085,BENIGN
3.9538791033503533,3881.736869085168,493,268588,249.88269191015416,BENIGN
3.334181570150469,3629.4428362422836,457,188726,234.52812834055788,BENIGN
0.7757095727188189,69.81875416545648,512,254957,0.41604087676416607,BENIGN
9.46936431079165,62.15733277329293,406,138911,232.70768009883537,BENIGN
9.214612845528386,10606.265210115469,521,271350,3318.493410732908,BENIGN
4.480648020363679,510.65252718698883,535,274010,99.46226759263338,BENIGN
3.985733939766511,4510.965485563996,504,273998,172.00945968278887,BENIGN
0.9537856213074446,88.37632627770675,514,240636,0.47538072204870996,BENIGN
1.2432232817727238,70.8378983835413,500,235106,1.616195457102183,BENIGN
3.921327377930087,211.5304138045988,524,272635,492.7326647527457,BENIGN
2.1329626226696576,1160.470255802353,541,304117,38.214507676482114,BENIGN
3.4342239551266154,3250.331976967822,418,193317,85.86323451568339,BENIGN
4.087982054019798,3841.9671399639396,494,275288,103.38814599102533,BENIGN
10.384451109079782,12575.003046646983,401,140262,2033.920359928118,BENIGN
88356.04808487721,504701.7574066866,786,39213,186442019978.4973,BENIGN
20144.12096130014,124457.46555743604,5856,86145,9002151504.270071,BENIGN
14197.54092019762,251309.4452214749,259,4665,675917578.6363147,BENIGN
11223.377079739186,220427.33174985842,334,14741,113366657.55041263,BENIGN
195544.75093488712,13599236.051728677,601,45362,244482877362.63818,BENIGN
206145.52051020306,2624371.3205892714,121,2411,212349714251.6367,BENIGN
364633.9292251909,5126700.5250050975,133,1119,374980415246.33203,BENIGN
59.595183902667856,194.04064251363516,335,1314,6687.582119534255,DDoS
12.445278242084184,37.36239928647387,336,1290,1513.867056206885,DDoS
40.78434367466287,132.98917760965952,319,1306,4018.287362396318,DDoS
135.13490747531972,445.18075119570346,331,1326,31251.764694110756,DDoS
15.831779350992951,47.829276407634325,331,1320,3281.1755482373533,DDoS
55.28528718303415,181.6174032084843,321,1298,10345.637645331522,DDoS
32.973561006342905,103.91030500131902,349,1330,6251.075989989484,DDoS
65.61372344156342,212.88480145146164,335,1322,14878.140928240593,DDoS
33.27726225672429,111.19213836603025,339,1312,4231.6814212976615,DDoS
6.836589096982274,22.67246666582038,323,1326,39.05698112209392,DDoS
5.457068270831344,18.117026630583876,319,1296,48.01287480042179,DDoS
22.89060778164818,75.723257178608,338,1316,1932.139406079708,DDoS
26.457529740454333,85.2896271555641,365,1318,536.7495491530678,DDoS
8.392389902208935,26.481042585447188,329,1292,153.0697514960233,DDoS
16.17566154079731,53.142369475333716,327,1318,251.63312139599984,DDoS
7.656043156881813,27.176505600235227,330,1326,80.52261015121296,DDoS
20.892481633475885,81.6720631594342,337,1306,244.4252673480968,DDoS
19.266429748318416,66.56309761155946,369,1298,777.1656853876383,DDoS
27.15176200919028,90.09755016334995,317,1298,2254.165785504699,DDoS
903.9367875064778,2721.5853768403117,334,1282,36136465.5478046,DDoS
15.610127027730812,48.98888068661203,343,1286,186.5246943078753,DDoS
1727.4267756730662,7742.985656953133,335,1282,144774609.48831084,DDoS
10.731484275765153,36.6757961869142,341,1346,173.32484803201973,DDoS
17.534665449576774,49.842228919094744,327,1314,2273.607992288216,DDoS
24.835474222407726,77.99098856136852,333,1308,1956.975635905699,DDoS
25.438833384989017,129.7963426207603,334,1296,2581.699337906358,DDoS
13.564363955123037,44.030072326006746,344,1346,185.98811042113064,DDoS
11.659331918577324,37.46815665909709,334,1348,131.07627533190498,DDoS
6.2115018586296165,19.390969134143763,329,1310,62.862042387456654,DDoS
14.37202523997436,47.59427353724294,319,1306,233.63808161150328,DDoS
135.2368573387931,443.99088829834744,355,1352,32358.11050066732,DDoS
16.286603084316532,55.05898810827372,317,1334,1871.8671490658126,DDoS
66.36312184723363,223.88981573682017,318,1294,11203.283922690207,DDoS
10.845946865053715,36.691126661993195,304,1298,1542.5395293304327,DDoS
64.79908868074324,208.83470740880944,333,1318,7791.2469605878005,DDoS
44.314128549887336,254.73675553193945,315,1310,4694.8430711824885,DDoS
65.76536193147281,321.67325891317336,309,1322,13825.768174160938,DDoS
60.96392548199891,205.30136564791115,318,1328,7338.3869982031265,DDoS
20.452594582714973,63.77251372188934,320,1302,3023.4121125849138,DDoS
52.70424209549772,177.97377223003025,311,1312,6352.469902659984,DDoS
41.811067289234835,134.36164501703306,335,1326,5170.25497983516,DDoS
113.99997681783802,360.996958708672,318,1312,18244.549865533245,DDoS
8.092959796855691,28.367535113359608,324,1322,398.3251129091487,DDoS
60.75408520238239,193.64930611667162,330,1332,8070.655735420548,DDoS
23.687607561766832,85.45320501432074,314,1286,2031.6014637403232,DDoS
28.297287991160573,101.90111943048313,312,1306,4553.828686649339,DDoS
62.847347224885745,202.0659278520483,365,1310,6146.270148682905,DDoS
30.22266204095563,90.99851989522078,332,1340,7128.214441861991,DDoS
23.504983005308663,71.96715849511911,340,1296,1981.4979958664937,DDoS
14.634903818865268,45.36729806224152,345,1318,519.1949897546667,DDoS
2.2520392668684828,9.208018949046295,264,1318,6.107880226670496,DDoS
3.9976187448725944,23.523738192692655,274,1490,7.797635948767463,DDoS
0.9611185521503155,4.73773068110506,361,1802,1.4428183908251602,DDoS
0.5204235682421847,3.1225414094531083,223,1338,0.007806402595946182,DDoS
0.8039724825158145,4.823834895094888,221,1326,0.029362051767916075,DDoS
1.6341965852596885,9.805179511558133,221,1326,0.4711817392425077,DDoS
1.3102717045446122,6.612534186287405,374,1798,0.847576671833347,DDoS
0.48146626241146206,2.8887975744687724,229,1374,0.005867275699758166,DDoS
0.6353379359306548,3.8120276155839274,223,1338,0.010741064768493088,DDoS
1.2005198657031415,7.203119194218848,224,1344,0.13757343018147963,DDoS
665.7489046427805,2675.63994867587,229,1362,21727914.674580146,DDoS
2.136334513399918,12.543508451514954,265,1486,39.82987094438791,DDoS
0.5521795898076012,3.313077538845607,233,1398,0.009074468118406214,DDoS
0.7925818746849166,4.755491248109498,227,1362,0.013263654766206764,DDoS
1.8424463068744763,11.054677841246857,224,1344,0.7506369329619158,DDoS
1.2470506686561111,6.746312635751436,317,1654,1.7941424854617338,DDoS
0.5241753013407472,3.145051808044484,224,1344,0.007459615744545452,DDoS
0.8309052213342266,4.985431328005359,233,1398,0.03171962308577469,DDoS
1.4136515863555992,8.481909518133595,224,1344,0.15024580259493295,DDoS
11.68179204594844,69.85566620411083,244,1392,216.74523876292892,DDoS
26.667358322733776,159.8124527935516,244,1392,5650.979799630626,DDoS
0.5166504688209169,3.0999028129255013,219,1314,0.010794020896067298,DDoS
0.7668886779649317,4.601332067789589,221,1326,0.028885712335349374,DDoS
1.6007658140800123,9.604594884480072,226,1356,0.26474372024621745,DDoS
3.740794298065615,20.71253318069526,428,1964,33.48283894209321,DDoS
67.98575623096107,206.71942243339447,532,1990,11096.509830534083,DDoS
22.77345788854604,75.24058363582529,531,2080,2931.7946549774956,DDoS
87.85819209510491,277.01664024084096,495,1858,14138.098174804252,DDoS
42.72538215431447,131.17213632349905,507,1888,6360.7514016543255,DDoS
137.8959325740705,435.76004453123346,534,2038,44834.88571459818,DDoS
38.57549173369698,116.59645226781679,508,1882,8613.510599596812,DDoS
80.30173070224996,273.05165733855773,525,2020,22295.12381597419,DDoS
68.0834493085363,213.1131193520813,508,1840,17140.554736066304,DDoS
19.004274855953906,61.82992129065119,535,2062,2984.6897995079376,DDoS
111.95363986352518,378.5596321702859,514,1954,21945.231035414523,DDoS
7.4851479872505085,24.412942984762594,503,1900,45.766121223522354,DDoS
35.55004080094681,112.06783361897976,530,2020,4532.688721103915,DDoS
6.696813153009321,20.86844980100011,521,1948,38.62645969215671,DDoS
7.364818808457688,24.588568680845253,501,1948,39.578075049503184,DDoS
7.784121316875963,24.415846914365762,521,1990,88.35987555077669,DDoS
18.423879336115366,62.26864472434307,519,2020,320.9236118237932,DDoS
8.23399094718104,26.08766532001757,508,1954,139.74921283159333,DDoS
18.302558984440434,59.98070924034678,485,1792,285.0412018303944,DDoS
16.1867152614524,51.52309782862053,503,1870,714.9808884526158,DDoS
11.596597398314223,36.85825176508195,542,2092,382.13196561882773,DDoS
8612.314263550725,42986.71792072956,507,1916,3672759559.725422,DDoS
8.579766363918893,25.06907873678044,538,1972,132.29132904194603,DDoS
77.61012942828079,256.9477209423645,491,1804,40371.99068335363,DDoS
31.99966191458758,94.01356963348346,500,1828,7750.271828310154,DDoS
16.435564954873566,50.98123870790162,540,2056,334.78897970536804,DDoS
24.539239645774504,75.9993509254002,497,1798,489.9530438119322,DDoS
12.248130703657777,35.86276560809235,543,2068,1392.9044038669156,DDoS
18.647211334128997,63.47903412611099,468,1720,366.67023150793847,DDoS
7.430013461044858,24.885819586216616,517,1972,93.5063798428606,DDoS
10.222918436395833,32.545952676361566,529,1960,263.55170529877296,DDoS
17.499061038046666,55.04789449230582,485,1702,173.06690770424817,DDoS
7.147978523019671,22.96178600993408,516,1954,95.01415033456746,DDoS
12.62116765762189,42.15482322064805,510,1948,205.55684453266417,DDoS
10.813124389003043,34.712306858634186,499,1852,119.78493300832288,DDoS
24.676477164914992,71.85024016174256,509,1906,3824.309912548612,DDoS
92.7024549436202,289.79045836658935,524,1978,22845.413441225268,DDoS
4.256040250334547,13.05610335286067,557,2128,31.178014383663054,DDoS
73.20351171965763,236.57373683906718,502,1858,10260.309327609133,DDoS
3.6448958962046025,11.7262954841347,538,2092,13.134498399096051,DDoS
37.17166937123165,124.00018793599254,525,2002,4302.1945441924545,DDoS
55.80874833398289,181.06309228903604,502,1900,8238.108327421905,DDoS
138.60464134567354,457.64979584136034,514,1954,38483.79273544501,DDoS
28.688742962668698,92.37602385049819,527,1996,3111.0854300852134,DDoS
51.27906663253985,161.45941163517534,535,2032,9253.474053165333,DDoS
46.8060952919791,153.3347472081076,517,1972,5557.092994277331,DDoS
65.32023351980334,218.12439234361952,485,1798,13863.777974389826,DDoS
150.73685322461003,486.8073294745663,485,1828,25540.72799420639,DDoS
8.7073621709794,27.317926051072913,518,1918,163.0337993010542,DDoS
41.8248288513375,142.5061366226254,490,1894,5929.477641273611,DDoS
83.70265817303464,261.85941571602837,460,1630,11829.633155158619,DDoS
4.816718288531297,16.27716363836865,511,1996,27.78993562740883,DDoS
59.30656444876822,187.54802610514716,510,1912,8011.434579233604,DDoS
40.95876685133555,127.12662825119554,494,1834,3911.343400367318,DDoS
7.653980990060052,23.98631091038091,501,1924,136.40044392785325,DDoS
24.676125865525734,79.29280661772754,490,1840,1272.3715343480656,DDoS
31464.15300286879,1304.5676012019057,331,1980,13573329211.831486,DDoS
40018.8182595153,452256.6250509914,886,44208,21721887650.0329,BENIGN
1093.2234779550697,8163.224762723183,1697,54317,36302236.190252334,BENIGN
17213.637524496786,142967.59413992212,287,10496,8858499024.492039,BENIGN
8524.830006602439,167471.18080667613,200,3996,82251252.94419087,BENIGN
5109.939948794759,91212.42097025644,200,3840,58777074.39643597,BENIGN
5018.745758303521,85376.00758228263,200,3464,74375349.5147536,BENIGN
6558.708698665901,81897.52217682554,704,19154,118155047.603832,BENIGN
1587.1360926185675,8378.934699008636,770,35116,19615872.795158476,BENIGN
10563.51008880741,266055.5098054112,1615,43671,4994709356.561949,BENIGN
16214.492524985764,288142.921748225,1242,102263,8854583962.931465,BENIGN
187104.99491496797,868488.8340307806,274,6609,175287827444.18616,BENIGN
261381.49381641537,25963045.210887585,423,50342,339141299486.11163,BENIGN
748.007010109632,21891.05983091674,114,2933,2267896.699035814,BENIGN
836.1668998319282,25869.700425911833,110,2935,2960917.525577253,BENIGN
356.7129478743825,11636.618944512433,106,2636,1219775.9850492252,BENIGN
7409.190629416115,148442.26405359563,927,32430,103049909.16024622,BENIGN
11710.93592434107,204794.16560713976,800,15698,128152775.86695075,BENIGN
23.687354044060804,6934.231529492868,1531,126665,4903.413958231955,BENIGN
2.6909177086377416,2452.727824242504,581,402317,50.8859699716823,BENIGN
10.884343253598297,15219.85346091218,509,272647,2490.1365483497475,BENIGN
4.774696493542251,5323.264004721858,487,216011,826.4462189372406,BENIGN
2.2041574515032183,949.1369112244033,403,162833,9.78972380830048,BENIGN
3.5573522660977943,177.47170164933664,414,146482,20.99921211110751,BENIGN
2.3769831192067,1908.8102868479705,457,224201,43.997151682339286,BENIGN
3.3898587125293163,3335.6663186542746,549,338164,100.67226288339863,BENIGN
0.8803433382150294,19.914464390434276,320,5776,0.07043888212072327,BENIGN
0.7443179676841072,247.88859636721398,578,363389,0.8835642009574088,BENIGN
1.8678696559107086,142.9399764256975,457,185351,2.4548987686317223,BENIGN
2.2620631773062136,1935.7164059521924,385,105441,81.64707730658536,BENIGN
0.8926862461042436,238.7391799964767,519,265207,1.012674449369903,BENIGN
1.2444750760756071,491.43010763061665,622,410556,4.706639578061546,BENIGN
2.3163866627806042,390.42396621340316,357,74745,8.901520109242997,BENIGN
1.4863952886639324,1600.995214784396,566,368181,8.025442385714111,BENIGN
2.2974623167296486,1939.0163249719378,476,258980,17.630344980782233,BENIGN
2.3529485369866303,2105.039901355226,449,207100,47.499548517842804,BENIGN
0.7080441287419403,58.38869445455657,483,223505,0.4294129425789464,BENIGN
1.302467834835214,973.1474642669474,561,329277,8.95272768348539,BENIGN
5.3116762327931974,5955.362669472687,497,289706,686.2573660328512,BENIGN
0.6837104676165755,54.25848262330335,414,130048,0.09878369475438022,BENIGN
1.3383639012074082,235.85573887943679,401,124548,1.3035376744270344,BENIGN
8.346801588449159,9619.356071112932,536,297884,2629.668654390714,BENIGN
12.395510367743674,11455.430144663052,562,362056,2160.164400884386,BENIGN
2.1353247494022467,174.1942410623065,617,425591,16.316857242288375,BENIGN
1.0005678125649697,812.4867794178986,516,304135,5.639564519202743,BENIGN
0.8073564967902591,489.2361052776125,565,347771,3.7462233362799453,BENIGN
1.9635946794414985,1024.8102288327855,484,248790,10.528703119192212,BENIGN
1.8598978093696346,195.42436428409127,530,278183,3.465860105709773,BENIGN
1.6341454255106513,588.9690268848808,468,191416,9.077760472551907,BENIGN
70525.90524006763,933467.9286057041,285,61121,83045175279.25987,BENIGN
155503.39426211984,2029657.0079105517,116,667,118795948498.99734,BENIGN
226823.9221698414,534038.4367164136,243,894,201876892785.0331,BENIGN
70178.55670304595,399228.40280313505,209,1011,28084916741.836594,DDoS
47.123547676800314,158.83924797579607,328,1306,7270.930415895345,DDoS
40.556777065677394,129.23008883283123,328,1284,6011.904956940177,DDoS
33.08045614417015,104.45937557238203,306,1320,8244.951155226878,DDoS
38.24012584708482,131.7409333522133,328,1318,7065.416131623657,DDoS
6.739627727327667,27.96985499607392,313,1288,18.309497018913277,DDoS
48.92387144710401,167.02449553870716,357,1300,6703.297672377916,DDoS
9.4454882423315,31.342245076075084,319,1322,176.51347110345426,DDoS
6.8528196583519705,22.313692174139582,339,1332,36.96226424198618,DDoS
8.348816954378133,27.815508413798575,308,1294,112.06237356844498,DDoS
51.02034835758849,163.20717231244956,336,1302,4283.078495711214,DDoS
83.52549160376793,277.265061690903,310,1326,23001.4968693216,DDoS
22.875596384201593,70.981444483585,317,1314,4044.4283229071098,DDoS
66.0158623687326,214.96655054736775,314,1328,11369.996356279753,DDoS
31.60817664296698,107.40646677466917,310,1294,5173.45033941608,DDoS
46.97693749585927,152.480153637754,324,1334,11818.86714306238,DDoS
56.17930111597428,172.30011832855405,338,1322,10368.321165615227,DDoS
71.9025216181765,321.6643455285995,318,1346,8126.771667849758,DDoS
152.24053315120022,568.0208882824579,309,1286,29557.66016705657,DDoS
65.69893871426063,219.9437022854223,312,1310,21944.091962331997,DDoS
76.71668969697811,259.1682734096426,327,1336,11670.863095457744,DDoS
17.770168106821824,52.975861733411904,326,1314,3135.645263253709,DDoS
121.56094022439018,382.16076555055383,338,1336,17398.3290582642,DDoS
24.537240728591197,72.71569237442414,332,1326,4677.773578783005,DDoS
92.47441815278316,292.75633163927677,323,1334,11647.809145297171,DDoS
10.710119502145414,36.96217085328506,325,1296,688.769176071207,DDoS
61.31935254868517,191.26140874477187,313,1318,6324.940670852482,DDoS
34.09310856533114,117.43105284734526,326,1334,5311.460591898734,DDoS
49.869507486101114,171.50190598071976,325,1352,4911.8691314473335,DDoS
108.0455354837091,450.7664490628606,323,1304,21326.415472380522,DDoS
70.43408209886218,214.44780102488204,314,1314,16316.701630489397,DDoS
87.52028492178871,280.7201761090071,330,1308,11532.397870620023,DDoS
27.177425995292126,91.81903302532726,333,1286,2552.4999940737334,DDoS
829.8471966138618,3322.461847334702,340,1282,13449544.90597215,DDoS
16.39946774379468,54.83468765853473,321,1312,1609.4086878493156,DDoS
189.77896352437975,644.9247162970926,336,1314,43382.326372965836,DDoS
46.38580588940559,152.0023197258028,332,1310,5585.6886252675895,DDoS
55.472389832180276,189.081006805361,321,1322,17094.176932630933,DDoS
161.95005875869782,546.2636199019838,331,1318,27364.87758756725,DDoS
20.20495920328463,69.8581910309524,311,1322,2123.4599489900884,DDoS
91.90158086187975,309.44029894047185,317,1346,14262.934204620138,DDoS
4.697294067524021,15.732004780394771,325,1362,18.384318184529683,DDoS
36.34522993183951,116.68643729516012,319,1346,2254.843224988697,DDoS
18.919016375646336,60.22597701674649,340,1318,1702.0742986326463,DDoS
66.43619293721062,222.89631762668714,336,1342,4771.004714378564,DDoS
102.95478374808732,334.5356898771912,319,1346,24346.533677212858,DDoS
46.62207190115236,160.24181616325626,337,1348,5444.423036508843,DDoS
85.19434429090786,269.7717223390244,323,1310,68085.59474079152,DDoS
103.08945696977524,335.85484019976934,338,1346,16208.266758293168,DDoS
24.797673243915273,83.17625408284447,325,1306,2795.4219454713416,DDoS
31.222335010571836,116.66131057119928,315,1334,6281.416995992974,DDoS
173.01786801576364,584.0994480489449,356,1314,56373.83077478885,DDoS
8.955620661343948,29.824721218878963,347,1330,83.76595658352184,DDoS
14.038495116711307,44.30776580846012,346,1334,423.66299760008263,DDoS
105.00307592042358,319.6254080667465,336,1336,34623.48048367909,DDoS
62.57851358099103,193.7190222656592,335,1308,18342.168367724847,DDoS
613.652929550224,1859.9148871261561,318,1476,18356243.747208904,DDoS
0.5490750796885995,3.2944504781315977,234,1404,0.007285895197845348,DDoS
403.4670430934501,1615.433131043922,227,1356,8107099.886494552,DDoS
1.4595486706982843,8.757292024189704,221,1326,0.11956311498181589,DDoS
20.76610446477297,124.59662678863779,226,1356,837.669703580822,DDoS
0.42925775530047666,2.5755465318028605,224,1344,0.004224951824789971,DDoS
0.6002212731408244,3.601327638844947,236,1416,0.009022877982736946,DDoS
0.8456391090346567,5.07383465420794,225,1350,0.02751417046814465,DDoS
1.5600133226716124,9.360079936029676,222,1332,0.30247159964570147,DDoS
9.880764291169289,59.284585747015726,225,1350,864.3113549747067,DDoS
0.4182579377643407,2.509547626586044,222,1332,0.002038504801803752,DDoS
0.540859886269206,3.2451593176152356,227,1362,0.007787584217806043,DDoS
0.7411625027805212,4.446975016683127,224,1344,0.009070938192993311,DDoS
1.2449365201072589,7.469619120643554,216,1296,0.16535855421914553,DDoS
42.648866167847,255.89319700708202,230,1380,3377.31591124315,DDoS
851.4604452227363,2555.559370660459,227,1350,36214793.25711635,DDoS
0.5178859874575259,3.107315924745156,223,1338,0.005153680311193541,DDoS
0.8676115370688469,5.20566922241308,226,1356,0.0436908883988334,DDoS
2.0433787914035175,12.260272748421105,228,1368,0.8517474805734992,DDoS
21.052533984595765,125.86428920943632,276,1518,298.28587707213114,DDoS
0.4583680785094568,2.7502084710567414,223,1338,0.005575678974189265,DDoS
0.680515272974227,4.083091637845362,228,1368,0.013526202867305244,DDoS
1.1378260314958397,6.826956188975037,224,1344,0.05426985044071983,DDoS
2.247601795867993,13.249161671880215,253,1446,0.5423505840571045,DDoS
4.61382492219101,14.372892213691266,270,1458,523.5749361830576,DDoS
76.20986922522316,231.62576633015084,520,1924,12402.862977860132,DDoS
20.803604064536934,67.367977605758,526,1984,3146.322018673317,DDoS
58.946797986489784,188.10707359953042,517,1924,9530.400136985685,DDoS
33.133107820737585,100.10209155001277,486,1762,5799.64059557514,DDoS
58.79418871172479,195.23676547953957,527,2020,14847.379495393661,DDoS
52.773994410557506,176.1272684353252,481,1870,9209.743577375006,DDoS
45.62152752159711,146.32274495838863,506,1858,14454.800621500528,DDoS
10.70570511185024,34.978864479445996,522,1996,262.742210721569,DDoS
6.0270356821771145,19.135093623627515,522,2002,36.30686953216513,DDoS
15.945172283840904,51.15858430798192,511,1888,326.2842096666039,DDoS
96.60914993604565,307.58825945282916,477,1696,10514.415172314935,DDoS
129.3399326482403,399.76190724881025,538,2044,34671.49244742637,DDoS
48.63759928610215,163.58231051568072,523,2026,9875.438650913757,DDoS
53.93817299164129,181.32221659689952,537,2062,10031.54742033418,DDoS
40.841497900956725,128.01573128024208,532,1990,5891.391724163425,DDoS
39.9254840678012,130.29446286581276,530,2080,6761.77821145121,DDoS
67.90013601920836,225.67473194540202,507,1984,12288.35125959284,DDoS
16.2747214072741,48.944067465647755,548,2050,2844.0795934003954,DDoS
119.89390538872199,378.6875128152769,493,1828,25756.048308970177,DDoS
46.35792400470159,147.8417693836202,529,2086,14832.601971986496,DDoS
74.30161857790954,238.49557066948094,537,2104,13654.522024938055,DDoS
39.97658473016887,128.33057579010344,519,1996,8811.591515844915,DDoS
134.71301855118492,437.87511659660515,503,1918,24450.366956379992,DDoS
23.375768775744827,72.69386837441627,519,1924,1664.066058222042,DDoS
82.53418932684545,263.755626537556,541,2062,13045.135556099174,DDoS
11.999093426313848,37.812255240709966,528,2062,749.3150413650798,DDoS
85.35305070987548,271.0328639501165,534,2050,12555.698100499783,DDoS
16.930098434166936,51.046463568824095,527,1966,889.9468243439535,DDoS
94.49700528433097,309.8523655703236,532,2032,12148.299556877462,DDoS
12.366694076002467,37.660811119184025,542,2086,930.535256585702,DDoS
167.3898953893817,531.7150635486903,524,2044,34723.26130840486,DDoS
25.216227266486044,80.25835565983807,523,2008,3184.0832623864317,DDoS
130.78805173215636,414.5169527036472,503,1894,16373.844582240788,DDoS
49.344286841726735,153.42807491643896,514,1870,11684.598890299541,DDoS
556.9567733431451,2215.857872780686,499,1940,5303415.434822411,DDoS
43.922680866457206,130.21268431769252,538,2050,11318.705375223995,DDoS
2303.699428667925,10195.25959293303,512,1928,233155343.3809036,DDoS
45.199464478551654,145.7874466253694,528,2038,10321.321764435535,DDoS
152.32213284458462,500.80883921535593,507,1966,27705.812210934826,DDoS
22.979177770034443,74.07577435270927,522,2050,3080.4310157216987,DDoS
151.94009466574906,471.7260501347462,529,1984,24907.55320676379,DDoS
44.530994710619616,140.47142927855478,515,1984,12045.061716047932,DDoS
120.56709675982849,408.05434319503047,522,1978,19701.34612471859,DDoS
3.4163298234542077,11.332338731392532,532,2080,12.901034168988524,DDoS
53.068370074530115,170.3274898251552,526,2038,4443.159618353303,DDoS
10.059641757182373,33.182913582368826,484,1810,557.256061271887,DDoS
95.03690626385591,294.30576073441836,521,1918,27287.667083750915,DDoS
217.0485286281351,705.346842148096,515,1948,187654.70309065754,DDoS
54.61184809343197,178.82248213779482,507,1924,9010.09753922409,DDoS
113.1129551673035,374.0367724029468,508,1960,69564.99728361182,DDoS
187.3783585751261,633.5255227080356,472,1738,75391.99921732898,DDoS
12.89909971445748,41.91072069187524,494,1846,386.1407056855193,DDoS
125.81276942538243,401.885386179437,511,1960,45967.39610537896,DDoS
74.17582067999679,246.87081573101597,490,1852,15393.435411764798,DDoS
53.46757190248582,190.12031957036496,504,1918,18312.818415981903,DDoS
40.43664497613043,134.26543156516416,517,1954,5549.932358479082,DDoS
10.83594472049377,33.49195030930562,530,1996,453.79252502640134,DDoS
72.92685908530534,231.1584310850356,499,1888,9739.183648090655,DDoS
62.67120636574916,201.0024758977355,483,1744,14663.770696839636,DDoS
111434.44370006472,177269.46339574305,423,32905,56554406121.75657,BENIGN
8001.745817213859,132120.7886820959,677,94873,90379689.037494,BENIGN
14782.939946886567,243952.98020754312,200,3308,39853886.281456634,BENIGN
18128.196025947276,295448.8876472536,200,3254,4274714.584696827,BENIGN
17503.47946111396,284364.27510226413,200,3244,8181949.599324362,BENIGN
17502.339501964714,283270.5342780283,200,3230,6555785.004239619,BENIGN
18759.722148447738,305019.201554919,200,3246,8913557.688783735,BENIGN
18737.622226059284,309991.167977982,200,3320,18876454.72941988,BENIGN
18377.418252096726,303501.65452642733,200,3336,27873991.28648562,BENIGN
12920.89444515682,212709.3370784703,198,3292,44587380.95648467,BENIGN
317.97704355136324,595.346160475257,387,23296,3441145.8731678864,BENIGN
100.13127793457743,685.5025645577362,212,14693,8211.536760522182,BENIGN
26362.76367684879,316652.25913111947,1118,42941,13539814394.538073,BENIGN
12948.94181405352,236663.41714250107,228,4366,111783058.44496022,BENIGN
19165.406943079113,519170.3573123308,769,97424,8816137037.930836,BENIGN
16106.618165010368,298839.6693565991,1136,81297,9065178852.503828,BENIGN
72330.4358433203,13415170.734466814,450,32059,91368961412.75633,BENIGN
288.70879804468024,19360.58454575021,141,50253,991578.2152246047,BENIGN
0.8366823187281566,283.3477729416687,470,222850,0.35605049660211696,BENIGN
0.7159823020538297,195.44611837128042,499,243975,0.5056037267662669,BENIGN
0.7446060630584143,84.10842270230707,579,325194,0.567287158991849,BENIGN
1.160270099130508,75.08684145146395,484,224880,3.30699562612585,BENIGN
2.6506795004966754,280.6353224058579,411,137512,9.99553853497302,BENIGN
1.6155204830415126,417.3144406119442,651,433674,9.930144539009884,BENIGN
15.609565499168347,2006.4132817385878,387,128625,1300.0303847610219,BENIGN
14.499941892917702,17485.27975468882,467,232344,4509.858661467924,BENIGN
1.1017157604147945,172.27427418714763,460,197613,1.1603567764538425,BENIGN
3.770956287129796,4150.981093671103,440,177095,410.75781831128717,BENIGN
8.601090866448306,11607.737131288804,527,305456,997.9130098718111,BENIGN
49.49256621389664,49359.72948510588,417,224171,9383.037109124507,BENIGN
11.65433867826549,105.6634817407247,561,318462,1992.4756479325897,BENIGN
0.6614972645245956,67.60632191349693,363,72721,0.025883676174109534,BENIGN
0.9541941302509771,263.4862447410133,406,145785,0.43526378322435255,BENIGN
1.4424528899272269,296.31098449285014,403,132089,0.6852182527223358,BENIGN
1.5357222764266312,458.2823590458891,438,179922,3.4045506003888244,BENIGN
4.659083141207249,2874.8603700222466,542,327313,166.9449520555387,BENIGN
11.0501182936803,13123.33355878626,481,248638,4055.4496069652414,BENIGN
0.625807235640261,201.85485647959166,465,211219,0.42746495700882026,BENIGN
2.139917535317441,1228.044145736287,522,273494,59.23005225238608,BENIGN
10.736893902938123,15601.893106613057,524,336092,2129.193455828792,BENIGN
0.9745001786696125,86.90076194183816,510,253540,0.6863224111123553,BENIGN
10.5564907738231,1983.041725523108,337,40009,60.763130073185565,BENIGN
1.6511451394316479,54.75664641969093,443,172357,3.2424668362959017,BENIGN
32162.664919634943,1689724.3495216612,447,163119,17262059218.76121,BENIGN
127568.59834567196,2327534.9121719594,281,15320,67051120273.980995,BENIGN
146295.86500595917,1404175.1382487633,120,3559,53476863317.001015,BENIGN
10090.666178597081,60294.19886878047,281,1262,4998166434.609656,DDoS
6.761260811955693,22.396374762903516,322,1290,212.54512621794905,DDoS
85.6763007815246,291.49891251315023,312,1302,8424.988550728165,DDoS
42.09129106598283,130.67163862446333,339,1316,5743.349930453164,DDoS
31.93203512400649,115.42819977781195,313,1332,3475.468124265431,DDoS
68.47208666611914,260.8333308632152,331,1320,4706.946933822665,DDoS
63.594280690861325,240.5924105556591,334,1290,3259.7762208970057,DDoS
18.953518696345288,60.757847104417024,318,1318,1415.911515262143,DDoS
19.589566746324234,65.90384982901928,333,1308,717.7126709118339,DDoS
1828.681564503203,7583.254157203658,315,1246,76591348.9075136,DDoS
91.43363372254699,290.6109881847405,315,1300,16214.891886853859,DDoS
24.73786857974426,78.97635805467195,331,1334,1906.371921517075,DDoS
61.29358374055184,181.75722514421574,333,1280,7606.688939245951,DDoS
71.304481356244,225.71820281472577,346,1330,7786.837132109809,DDoS
15.199002900334369,53.22952598607663,323,1342,958.4579652246267,DDoS
38.06156525784147,135.94394522290014,314,1316,1862.6437593101457,DDoS
78.92689453187715,296.65723942528297,339,1294,5425.696036312011,DDoS
113.79284371222975,377.2786725545754,343,1318,14509.439400851672,DDoS
20.39626442245831,68.02166798170278,312,1318,958.3111710978382,DDoS
341.1742130706657,1479.297947795683,322,1292,4400999.304701944,DDoS
124.78748931866035,381.89058609194274,335,1338,54635.487912723795,DDoS
167.19940968866297,533.9902017589231,313,1316,34379.978143463166,DDoS
63.31565210150939,203.7180445562683,316,1298,23578.31449094214,DDoS
75.0751504058025,236.5585013458366,322,1308,8606.3306457445,DDoS
12.902375578033881,42.11648116395805,320,1302,1062.519200747164,DDoS
102.17523716892914,344.3397596840727,312,1324,14209.961460102119,DDoS
16.745780286889804,59.572137791129045,317,1318,2460.7558075229244,DDoS
33.909296346221865,146.90801399883753,312,1304,4073.5082690290947,DDoS
120.94213397993494,487.25567807730323,318,1324,10205.367690007217,DDoS
148.9474694232435,473.55044370803233,333,1340,34381.72318277967,DDoS
68.00775975008801,215.26024476265113,330,1300,10343.689065507479,DDoS
36.94007605946639,115.89806534685435,318,1310,9646.991838569269,DDoS
218.54309533015413,684.2194342438133,344,1312,53608.00681064693,DDoS
73.6569067514937,232.97389719823016,324,1308,8656.053690672468,DDoS
29.662970150482558,90.2809087988188,319,1310,1900.145036594289,DDoS
27.287821690966542,93.06821968115335,318,1310,1877.157577649504,DDoS
38.3594731222778,121.61442650087987,316,1310,2125.808362402745,DDoS
22.164392676358194,75.54490189786003,330,1342,1708.9830154452582,DDoS
42.12032455228207,149.1750420093076,334,1312,2945.332009740516,DDoS
65.31652701250178,273.3979589673321,324,1318,1447.2097480324333,DDoS
109.73197634417842,367.7427172288576,335,1304,15698.869871273095,DDoS
55.19007157763458,175.9321436865888,343,1302,5778.731463626248,DDoS
1429.8263148873184,6397.984333077435,315,1310,98422092.41709854,DDoS
1811.619430051075,6419.638371290443,325,1310,73024068.36381368,DDoS
19.731273741704346,64.31319314312718,337,1326,920.30363629825,DDoS
17.576705881433647,56.766535300716704,318,1304,775.4018053754986,DDoS
6.294088316873992,21.379998517022422,339,1318,17.378601554711313,DDoS
18.970691859523125,62.53952976089643,313,1292,728.1642665320005,DDoS
6.260467771089289,22.057255453035296,342,1310,12.417590679811049,DDoS
74.0066189205821,420.8029684639172,327,1310,13242.995038773246,DDoS
91.57685521654386,303.00728828627047,321,1330,14933.13991529846,DDoS
8.962576277021324,26.64460985531757,350,1348,775.3061555544219,DDoS
40.25456740436558,128.25199230249132,324,1326,3179.801375282544,DDoS
59.94177867130439,170.32449510303996,337,1296,12750.49609164369,DDoS
30.449747909997757,95.74362390835776,347,1328,3114.574078999607,DDoS
0.46879462645582903,2.8127677587349744,218,1308,0.0025244161976091216,DDoS
0.6252194263928857,3.7513165583573143,218,1308,0.006793995124078604,DDoS
1.031582805355069,6.1894968321304145,231,1386,0.04516974801955863,DDoS
2.159053422248418,12.95432053349051,226,1356,0.24963518548701838,DDoS
15.386143631078612,91.43233339114829,307,1568,964.9423921174758,DDoS
0.48278635167484274,2.896718110049057,229,1374,0.005976646832757445,DDoS
0.6730141019314648,4.038084611588789,228,1368,0.029495969601770002,DDoS
1.126796188598354,6.760777131590123,228,1368,0.01678987141828367,DDoS
2.055586679091567,12.333520074549396,227,1362,0.2432265254448643,DDoS
5.9085104712283405,34.185517450486024,360,1772,189.194311206491,DDoS
0.4035176543680604,2.421105926208363,224,1344,0.0022245810801229705,DDoS
0.5241404534033522,3.144842720420114,218,1308,0.006983495179110769,DDoS
0.786683747011893,4.720102482071359,222,1332,0.018112706418919943,DDoS
1.3559234060105227,8.135540436063136,229,1374,0.20538374525311615,DDoS
9.130001122780003,54.12378459603109,302,1610,544.1825990047618,DDoS
0.586155855020295,3.2641943735368333,241,1368,0.3080236505290399,DDoS
2.498293551140226,9.582562358787335,233,1376,191.18738062664661,DDoS
0.8402866147937129,5.041719688762278,229,1374,0.0322102712242619,DDoS
1.4598418883523698,8.759051330114218,218,1308,0.18945661136815525,DDoS
375.1600457385531,1504.8005386705458,332,1676,6942284.30103111,DDoS
226.4181765884591,680.4330205167827,232,1348,2553346.634679399,DDoS
0.5061655956003315,3.0369935736019884,225,1350,0.005911478180725586,DDoS
0.7571963349347652,4.543178009608591,229,1374,0.016300886965287063,DDoS
1.3215664828316036,7.92939889698962,222,1332,0.19452082646069851,DDoS
1.3116047296214686,6.291591935272416,442,2006,0.5670233683659387,DDoS
46.315635361007296,160.2841026764847,521,2210,8167.59891843057,DDoS
51.21189321459372,157.37558949239198,531,1990,5538.159334346319,DDoS
73.53664964840931,236.8612773964329,502,1870,11549.153292289184,DDoS
25.786242557725096,92.91050146384816,549,2092,8126.047981964192,DDoS
87.12820154627323,287.9992867819003,492,1900,18354.873481331015,DDoS
48.77732262128126,154.85619655393816,489,1780,11146.480739849625,DDoS
77.99784520238397,250.53563632818998,517,1984,12264.26471202834,DDoS
15.686735528765837,51.38437523683365,513,1918,701.5717995924917,DDoS
31.90462837065905,103.71773488891107,499,1900,1262.0715164281883,DDoS
768.7236389812513,2308.019246816702,523,2012,28459536.53540672,DDoS
132.1459265052867,415.8659473585951,505,1882,14811.514114939613,DDoS
33.64298465396845,107.30157770608845,542,2074,6464.446552322347,DDoS
65.33823852065966,211.03524863374972,517,1942,5483.194141636646,DDoS
18.89367566252253,64.32411523200003,529,2044,1539.0877579454184,DDoS
85.0234474274696,272.423963906574,502,1906,7578.206267336218,DDoS
12.849173958353765,39.55564705395841,524,2038,642.4811067479905,DDoS
84.61830429211723,269.70219072289984,514,1966,7070.254521883282,DDoS
38.40071084370794,123.11168627592546,509,1942,5481.1487869553575,DDoS
152.63174526253198,477.774418938304,476,1684,17743.74934081958,DDoS
26.430530162327553,82.99758034721394,523,2014,1899.738269072063,DDoS
60.86073418743354,186.86334895658842,512,1900,6815.177628125796,DDoS
93.67032017842236,302.5039825728604,526,2014,35002.95220097794,DDoS
206.81817316148624,634.9728813698716,525,1960,47165.180909701536,DDoS
26.244203311517413,78.32169818598182,550,2074,9310.5624029543,DDoS
116.82252652205241,379.57565200736417,512,1984,17759.546292365998,DDoS
36.951374998753224,113.3219684571074,528,1942,5931.856887619916,DDoS
64.59286891246728,207.15006061510286,542,2110,6531.9263602233805,DDoS
21.289661901433448,67.80983917719746,529,1990,1641.9992291120407,DDoS
122.57526497816488,405.8785207559285,510,1906,21971.60737066679,DDoS
54.09154838079777,177.5642902809498,519,2002,6190.663520187127,DDoS
142.27268288245585,456.443621105602,538,2044,25671.47281266083,DDoS
13.731990863697215,44.16954747674556,527,2050,1002.6914347295702,DDoS
139.29372907464113,434.38528615272566,514,1870,22526.34409735911,DDoS
58.283543504986056,178.74796257389312,523,1966,18894.422824840585,DDoS
112.40216228194528,362.4814668326064,534,2062,17278.057992454378,DDoS
34.78126459246743,107.09930614973077,522,1984,5000.396874948136,DDoS
56.28774442935246,175.48365092042656,531,2008,3621.8540356437693,DDoS
45.57175599604469,149.42317921156396,478,1726,4322.092577945923,DDoS
37.37904591866457,117.93153418717418,528,2032,2364.02412691888,DDoS
35.82058165769034,111.25576487587585,532,2032,2906.138930454691,DDoS
54.66758370375649,181.16650494432642,468,1684,3835.9091441757614,DDoS
55.366095333449124,177.06905734635532,513,1954,3252.6967139176168,DDoS
70.15929418879603,228.9100945321872,520,2032,12818.327630072847,DDoS
64.55143105909119,200.8975114547316,500,1816,6698.231335637319,DDoS
48.036766324467465,140.0019508270652,513,1960,17747.742553203334,DDoS
145.84458982901614,475.01323263938497,496,1876,36787.05605305723,DDoS
5.604952492553627,19.050862080604478,498,1900,22.26442076441853,DDoS
16.043660574928836,50.96918518561176,547,2122,641.1439207555901,DDoS
4.530431924637473,14.17444964574892,522,2008,18.54416430172775,DDoS
24.52574117094011,77.37063447390625,514,1930,1056.963323959697,DDoS
10.408448217256119,31.415498003319374,513,1894,354.38423772957,DDoS
12.546622627135434,39.606357093811575,520,1984,388.57469728171475,DDoS
82.13818763386494,260.20704434658376,522,1924,20626.485466420017,DDoS
31.410048711921085,91.85889667836447,540,2068,7886.865458570405,DDoS
39.25980799488431,129.9968648285487,530,2068,5735.5446876620945,DDoS
28.680603280091272,96.19571622635218,504,1882,2914.3789772795744,DDoS
82.22751029101735,246.1336271906946,523,1900,18235.041504387642,DDoS
25653.485895201797,128734.81626829022,386,1382,19946333428.686546,DDoS
322128.3601215993,22845296.75565661,203,22350,211868951104.0442,BENIGN
7317.20171394965,100819.74657676397,287,5435,453132685.70171505,BENIGN
8621.349186654625,35148.026562416606,362,155064,1276815860.33035,BENIGN
5.42523077233912,6447.676163397666,473,246665,789.4476200830196,BENIGN
1.773935929791856,151.3140499923095,608,390866,29.628739916089476,BENIGN
7.952556035940629,3241.6141144342737,441,189410,318.05111278143255,BENIGN
1.963725156658658,913.8993502076727,457,198018,39.26484592523464,BENIGN
0.569296105460929,78.3185417394135,428,141085,0.04477598741496728,BENIGN
4.754182084067725,6960.90112826669,466,227546,399.6340656235586,BENIGN
1.35689684075708,187.09670169735116,406,125893,0.8803407719801696,BENIGN
6.22342350777463,6397.908375806731,637,430335,744.9107461227709,BENIGN
28.909851096591318,666.2690281374875,441,177845,2928.5446289605575,BENIGN
14.395680799903015,18871.64318012645,530,324640,4314.3469672418205,BENIGN
2.923754065415626,3278.5974195220456,441,177839,242.1616032663342,BENIGN
1.0731555454861081,267.13722454920355,500,278188,0.9836698255648438,BENIGN
17.04822117629235,16285.004880992316,458,256885,1639.7182836618051,BENIGN
0.5351813818697473,70.12726744176342,408,130732,0.042768506214762046,BENIGN
0.5644161420762189,73.89329098583353,479,211279,0.08961587766357554,BENIGN
2.2168304754758967,2657.6075445654624,522,267885,115.42514686401846,BENIGN
1.185843422495927,458.74891380451254,565,340241,1.9154851187486666,BENIGN
3.601026905981546,2836.720377260347,456,162744,214.048655302124,BENIGN
0.9889653591064715,388.02249099827617,553,313575,3.751978617891691,BENIGN
0.513135417498186,75.7588788281404,469,213993,0.07295327819860913,BENIGN
2.788405662156397,2782.7427342268375,426,159369,143.082228954147,BENIGN
1.3076681641538621,372.85835670823826,508,255618,2.7070765569616926,BENIGN
8.249101596901586,9526.535771451292,420,146417,1027.2714129283308,BENIGN
4.910341061438094,5413.349519935849,583,330634,831.2781904144689,BENIGN
86861.27591190387,366453.4890829665,508,26619,127384996806.88297,BENIGN
247869.9289398312,1134917.3353584742,179,11168,171228162207.0012,BENIGN
39060.119758765795,666526.4462188438,369,1350,28183900230.95962,DDoS
26.57177924482682,88.81746833962657,318,1324,1973.7892263174638,DDoS
6.276318198943914,21.33773519143249,339,1324,19.363977130315764,DDoS
15.065480395671251,47.02841493011472,337,1322,1148.3772520664302,DDoS
8.66530368007345,37.64369549062227,314,1308,69.22947632655054,DDoS
60.372712205055706,262.3056055725463,330,1330,3089.2188038772074,DDoS
29.318070666440104,92.84929456731271,337,1326,2113.748689800557,DDoS
18.748255268312647,57.50170133218535,338,1312,963.0674026788364,DDoS
10.923283882064243,34.528634239904015,330,1346,722.5076960165034,DDoS
95.00782099001349,298.29333585427054,353,1326,15852.184839650608,DDoS
4.090132061373122,14.08899137622968,315,1316,14.292187999507691,DDoS
122.55566148556079,378.0928776305776,341,1294,22829.985701411344,DDoS
18.144664424407708,66.8578454373103,314,1318,3247.9741687840683,DDoS
56.98293849238344,182.42404187762205,325,1292,6094.9305988198,DDoS
11.819908463807954,42.7537479124351,313,1280,1800.0467546607767,DDoS
87.216705448845,366.2298459595275,306,1264,3853.147551273448,DDoS
198.3220244037733,672.5871114383355,329,1316,61416.69170558328,DDoS
33.65813169244896,113.37081978071366,315,1336,3121.042141585372,DDoS
87.7764557756198,292.35241015060683,347,1342,20150.475084340887,DDoS
32.09414028178579,101.39508117653094,326,1314,1453.5926075435389,DDoS
16.63420467752737,53.82886342132633,336,1334,1185.6879277720263,DDoS
54.232643205120574,174.4614292107679,307,1274,10670.116119534156,DDoS
130.69900983573743,442.79238962248235,327,1320,66952.75249989523,DDoS
67.687439416147,227.03503857220386,323,1300,8654.821444957135,DDoS
5.156350051465161,24.286951279289347,322,1348,27.55683205094586,DDoS
63.788567057627354,272.7253716949642,323,1332,2445.319297167254,DDoS
112.67636205794132,390.71931076653783,323,1322,19180.720730770474,DDoS
21.728047945769607,68.7147685122858,331,1306,991.3541390899602,DDoS
73.70110474280987,243.45330741098795,320,1320,6774.246623707376,DDoS
6.779112499817311,22.74454227046415,323,1348,108.96133005012678,DDoS
49.294161216787224,162.31664385549297,321,1296,4133.21187949575,DDoS
14.33414814636298,47.919802586013056,306,1298,669.9832353173206,DDoS
101.51272522303398,339.847299814068,323,1354,14079.363827406944,DDoS
20.420101864333198,61.72109627789703,323,1352,6548.956787842338,DDoS
100.05189542448669,350.9205174853251,334,1324,11233.221214634801,DDoS
14.579326015144831,52.22940183375557,337,1338,454.5262638069701,DDoS
13.17005260965238,41.439874181340855,319,1290,488.71986802434697,DDoS
29.787723945459913,95.73986553263026,334,1298,1253.206996704584,DDoS
33.3578275229143,103.29263665919171,335,1314,2917.3836769143454,DDoS
43.01277324622794,136.06866023471477,339,1324,4516.205432292176,DDoS
28.692295106289265,96.35237264449654,322,1314,3419.4914859684013,DDoS
106.8458559501093,343.9085599486958,345,1316,16990.652900725552,DDoS
11.96248288912927,38.427667787996604,339,1296,537.2673236825112,DDoS
114.1632303322236,367.1263198762481,326,1326,13992.256307912829,DDoS
19.98370864814829,68.6762344513502,324,1328,1754.6864326433745,DDoS
36.69588580262222,121.85991889985047,333,1336,3398.0829275069023,DDoS
31.381675174937712,103.73148179443088,336,1320,1510.3322894329904,DDoS
14.672822615370746,46.52982725805247,329,1334,392.34686333619544,DDoS
18.067164674807497,61.25245615366998,307,1304,567.8514852196673,DDoS
10.03995796212083,32.52189510307106,340,1346,249.20636403434742,DDoS
1.0217677130849787,6.130606278509872,229,1374,2.6615645965365498,DDoS
0.5563276018058514,3.337965610835109,232,1392,0.007020713708956923,DDoS
0.7863203871865672,4.717922323119403,225,1350,0.027218265662736444,DDoS
1.4590463362463393,8.754278017478036,221,1326,0.2236785359644983,DDoS
5.499422936996267,32.029442459382174,356,1762,78.04190970000819,DDoS
12007.064843813283,48042.03620398473,275,1502,7199827219.122488,DDoS
0.4801418753387333,2.8808512520324,222,1332,0.005166299609057172,DDoS
0.659844628422158,3.9590677705329473,225,1350,0.012790917378442417,DDoS
9524.715897139196,32862.581097120885,217,1290,2591495179.0966263,DDoS
1.7049456386550894,9.866760587922112,273,1492,0.3173647567126598,DDoS
463.42888581991474,1400.1282831614838,392,1878,10566018.220898995,DDoS
0.4637671874334285,2.7826031246005702,218,1308,0.005587154190091636,DDoS
0.5497637806384897,3.2985826838309382,214,1284,0.00946810766477979,DDoS
0.819446623397019,4.916679740382115,215,1290,0.041239308637392974,DDoS
1.5756188512764708,9.453713107658823,224,1344,0.29050531336093477,DDoS
1.94100554273093,10.690333432659957,354,1740,0.12091797156156922,DDoS
2.0252018198121,10.80842802790506,423,1996,0.3656279549492287,DDoS
0.718041963835588,3.9866429643490657,283,1568,0.3997808068042916,DDoS
0.5394462542786176,3.2366775256717055,225,1350,0.006388527150204441,DDoS
0.835946608034212,5.01567964820527,223,1338,0.03680627220562116,DDoS
1.5842914570245485,9.505748742147293,221,1326,0.23963760907257686,DDoS
1.9696750279420823,10.79012499484978,366,1784,0.23178123427906755,DDoS
0.593601497497083,3.1530398045047896,287,1558,0.17771160609330797,DDoS
0.5251636217023133,3.1509817302138794,219,1314,0.005509955266429463,DDoS
0.7534635569232193,4.520781341539316,220,1320,0.02946299811979551,DDoS
1018.5501428559612,4077.3626721145556,230,1358,51705956.58503163,DDoS
626.0200556606211,1879.5907333611758,443,2036,19529949.280802622,DDoS
0.42817868422595873,2.5636518991250354,233,1376,0.004270323616687608,DDoS
5.830151513061979,18.42053622304473,542,2098,39.88135622362043,DDoS
6.2668414580082015,20.628435502444155,503,2002,53.611806018468144,DDoS
37.48306980074202,117.03433246904966,537,2086,4229.141781529685,DDoS
8.194100546251018,26.11844993891634,498,1864,177.64750603016756,DDoS
13.199920139102815,39.43319268443731,546,2146,1168.397232157316,DDoS
6.354747636679402,20.427283511455485,488,1870,42.61852593326484,DDoS
66.39749283176407,206.9558081463691,522,1972,4495.929391486028,DDoS
5.335639505491196,17.88343883453181,527,2026,102.74114234690454,DDoS
28.048104802704106,92.47219335039503,494,1858,1119.0048927316318,DDoS
5.637319908033842,18.2935180568461,512,1930,22.60526823384418,DDoS
82.47117149953957,248.01211388763582,520,1948,15047.202002649163,DDoS
30.100321182914353,99.85982380346005,499,1918,3880.7405102600865,DDoS
196.32327225136885,641.3540876616869,518,2020,67340.98998980006,DDoS
3.383774941628925,10.57466021205677,552,2074,13.267014439131225,DDoS
122.70747460682293,397.5164693536636,534,2032,24459.979375691062,DDoS
7.482316915184821,23.281861248019233,518,2008,330.6543680413365,DDoS
104.08741305950917,346.3760298930792,521,2020,22343.017146275382,DDoS
8.772216919043377,27.937013765755946,548,2164,365.2185365977026,DDoS
146.0424506332189,453.80027312061924,535,2050,32378.051447755548,DDoS
28.579643772113126,92.80441540644273,525,2050,7889.824353740961,DDoS
1584.5061524980497,6092.135495148563,510,1908,57089803.29353518,DDoS
17.016698450267594,56.88319043271543,518,1960,1971.6088167656117,DDoS
37.008540558500755,120.75559174411241,518,2032,1437.5984073087056,DDoS
20.366741717631598,69.76973196680743,501,1900,1367.2696422497677,DDoS
56.02892164640354,180.87678801737349,528,2056,5943.83973815303,DDoS
56.2801050433672,194.22323136438806,514,1984,21028.61830308105,DDoS
42.86122845651421,135.76630685795686,513,1966,4698.003968498314,DDoS
7.511123984962232,24.788297876196825,513,2014,192.3271112691938,DDoS
68.41181528438163,216.76875144139632,490,1750,8631.736396722672,DDoS
12.110922337433637,39.51880466986466,529,2062,308.6603399206156,DDoS
108.67901577172364,343.60909267385284,504,1918,16064.794356356313,DDoS
7.853960409063741,25.336005646394565,531,2062,171.86401107701943,DDoS
79.56941648756512,262.45684186560925,509,1924,7037.367521672782,DDoS
38.5555001217814,132.05583827259096,509,1984,6871.575127845198,DDoS
52.65486866360703,171.31754009326855,487,1846,2854.788972152014,DDoS
6.755261663106386,22.04581797920146,529,2062,135.50188094090447,DDoS
73.52498676486904,232.5258429078319,499,1924,6348.391991693649,DDoS
38.9748340096636,122.5121886977943,540,2086,8957.269978293087,DDoS
52.19870624734124,172.57537996184675,517,2026,5376.436787030637,DDoS
61.22904840344247,205.9246509716365,528,2074,18434.51233648417,DDoS
89.70005338267883,302.71856538119414,469,1792,19870.593487693986,DDoS
21.376998262716402,66.06422266821286,507,1900,1373.4928203175668,DDoS
16.969449190708193,53.846350140525665,526,2032,504.7273926517078,DDoS
23.3071180952992,73.59103414289915,499,1858,925.8057043797085,DDoS
79.0857644824303,254.13291364646753,490,1864,14648.767809317049,DDoS
51.82328800388675,164.57336362888702,486,1834,10034.051310450097,DDoS
12.767912499717365,40.47546004898986,522,2050,1460.2634252428427,DDoS
101.5597377865282,312.40021669181397,507,1864,15796.863474199923,DDoS
28.348457572242552,89.33971355649412,526,2092,6905.986152922173,DDoS
107.9621380162081,341.8804444709965,503,1882,21898.423136130055,DDoS
11.516919673541135,38.140656755075156,533,2080,938.9769255017577,DDoS
133.87573859493511,418.9950719847719,509,1864,34781.76667002845,DDoS
27.337570266793772,83.15217665862515,515,1888,3415.2901357522564,DDoS
27.57078006979015,89.90943355853295,520,2008,2542.654198077149,DDoS
50.6442547799306,162.28398108395967,485,1786,4549.342955762251,DDoS
16.59833929638514,53.721883300029276,510,2002,515.3778354200067,DDoS
28.264470138676973,92.86689081484316,502,1888,1011.555831964682,DDoS
116678.38740548785,281050.5450157616,389,1380,114509729899.198,DDoS
120495.5950409716,235076.7823679708,429,36058,121366592645.74504,BENIGN
20818.05538505728,704269.181752378,248,6469,5743912392.9313755,BENIGN
15426.817796761852,254591.5388987333,208,3444,55378806.746640585,BENIGN
17947.871636132022,289807.71403237357,200,3226,6228597.467300845,BENIGN
16982.267284907797,272452.4728775432,200,3206,8169996.600171712,BENIGN
17933.72891308244,289258.59973874915,200,3226,8639197.18969534,BENIGN
18398.109566809588,297527.8372264871,200,3228,8604502.165401554,BENIGN
19023.006244652297,313814.5813396427,200,3304,7935998.200743549,BENIGN
18702.009564821718,308090.36249751126,200,3300,12858405.051253006,BENIGN
14167.643334443756,236842.75506543412,200,3344,49203571.12164459,BENIGN
3041.2912007301074,21382.90530207271,768,103559,36924517.31727897,BENIGN
3277.7253379805456,797.1047149404308,238,17064,17153838.63295194,BENIGN
23277.99787876066,20732674.631078377,377,62586,19954586893.95707,BENIGN
34976.535603568926,1333903.4848319595,303,9228,14064267644.546509,BENIGN
3.294556438845496,324.1899490922768,499,254977,279.2664449158653,BENIGN
0.7546742064049351,70.45965833116115,458,205731,0.2277762578481112,BENIGN
5.934774643409192,4270.292458264607,474,234409,539.146925283055,BENIGN
2.41888700961284,2190.7503165256894,485,254302,79.90288802709674,BENIGN
21.958187979256753,31168.47070290206,584,383211,5265.869035195519,BENIGN
0.46754257858526366,58.16659612319326,489,235118,0.06252923145118452,BENIGN
3.3682982864805933,3628.5401772581686,357,82870,193.37931265842818,BENIGN
13.714951621470652,75.3132968131208,390,113673,1540.0076778339562,BENIGN
7.199563098238961,7228.432297732644,567,383907,717.5498979589507,BENIGN
9.408886810129502,13926.256326445427,519,308224,1141.685233026092,BENIGN
0.9945592421010921,40.602378865262956,376,87019,0.14436453709522873,BENIGN
9.519338206112051,12819.785031517984,594,438585,843.3979326632877,BENIGN
26.719112636084205,175.08343492205782,483,232487,2976.810777560209,BENIGN
2.400965781408645,2721.5183680579316,567,347753,110.8895461142113,BENIGN
2.3509173403595662,2904.060443342484,448,211981,115.201987433248,BENIGN
1.1855015668739044,171.48965809331207,397,110227,0.42947022197272683,BENIGN
1.343021589040444,371.67468853407905,589,362717,2.0159138845987337,BENIGN
2.095883170033212,1462.1234368401063,504,275421,23.399562250384907,BENIGN
0.4372341486907157,66.6013375354773,507,248112,0.0487646978408401,BENIGN
4.05449883025126,4703.86546514017,530,291814,608.155594222237,BENIGN
0.7614034118390575,66.361264649095,473,205833,0.19293144950740282,BENIGN
1.4555191848551825,514.029781020354,438,195559,1.6564527378141825,BENIGN
1.9999091888145966,140.8389270527496,474,191440,1.6912181467197822,BENIGN
2.469987397485265,2910.822885770976,565,340247,162.5515428536161,BENIGN
0.49412716669160245,93.91607436961021,454,200386,0.04414881637876466,BENIGN
313386.7366802762,6891790.8005218,311,26331,391075804224.43567,BENIGN
1194.5189880898688,3592.2695263821847,276,1350,69161588.87277354,DDoS
92.03255891717636,293.4151934435249,328,1324,17446.943602693136,DDoS
26.762296580266234,91.19734901144199,331,1334,6065.261751872481,DDoS
36.720590723174475,120.7951665861551,316,1290,3592.684042782011,DDoS
45.893612745102985,185.47686343392098,333,1322,4970.355391725793,DDoS
38.99152255570275,122.216494273928,327,1292,2952.7961189112393,DDoS
20.552343074419106,69.90515923002157,316,1304,1440.7070054904316,DDoS
56.953162175954894,182.79519367464525,345,1330,2518.282041113991,DDoS
7.998594926713593,25.720554099935953,327,1352,238.43157558074924,DDoS
39.23656963671684,125.13634935842104,333,1324,1701.5124120579442,DDoS
100.62272842395186,312.7138464462043,346,1280,23089.380528063914,DDoS
40.589275035673694,124.93566195099649,328,1300,4250.538217896626,DDoS
44.49588285291781,145.04823183193457,322,1312,4743.661183445287,DDoS
22.304238521243914,71.19251698905104,337,1334,2088.724526980062,DDoS
13.243269502588584,44.646777366156805,315,1346,410.54885187038286,DDoS
11.342564232339123,36.172115255310665,347,1336,264.5232646622579,DDoS
33.1312214725922,104.60399085906698,333,1322,2401.2732636537025,DDoS
4.180991707985077,14.75228819081248,312,1312,22.393152559960633,DDoS
29.559828492839486,96.5766423109869,309,1306,1322.8754226293802,DDoS
29.276691712767295,98.24065489992319,322,1284,5409.215483933438,DDoS
7.363669863325984,25.505747904323183,313,1334,101.71021218700179,DDoS
40.77008050361391,141.08376720098346,330,1292,6657.817961408857,DDoS
7.885995282957565,26.310685419398915,329,1308,117.35217542726124,DDoS
20.74027049612624,67.00174587299546,324,1314,1010.6466689416408,DDoS
10008.122967361009,30026.39819796322,329,1250,4999834448.598585,DDoS
1288.620485124053,5676.645953009543,322,1286,71077503.48030776,DDoS
694.2054569825779,2083.846769978764,324,1302,23774828.355203353,DDoS
52.71218395001049,170.12884609445868,343,1308,8139.417125966358,DDoS
7.971524551456679,26.703352489353087,321,1288,50.04604712152371,DDoS
12.404509892293442,39.57908494772722,335,1294,288.7039718091977,DDoS
9.736426281219279,32.18736270514423,324,1284,145.67851709009867,DDoS
15.237851472776061,47.30051113378155,324,1318,444.50290170291646,DDoS
5.03052678764643,16.527833009760688,310,1292,36.751845259617035,DDoS
109.11252189275032,350.61702758196736,333,1308,56010.202361726675,DDoS
32.26769632761359,95.11558356130614,324,1328,32986.939691250715,DDoS
30.055259938893588,99.18068259392675,335,1360,3122.045690026381,DDoS
7.183868286661587,24.20917218456044,338,1340,34.73003729552499,DDoS
11.510927911718413,37.734731627558375,331,1334,192.40807785915325,DDoS
5.7514221101068586,20.596211482584607,328,1338,16.48722895609466,DDoS
28.47509500862321,97.69464876844893,335,1334,2156.138636892573,DDoS
24.859342457327507,84.96422843927881,328,1328,2782.1282850114544,DDoS
28.244080913844986,92.89442857382056,340,1330,2584.7078256878667,DDoS
12.72154649466784,41.266716532878284,335,1364,338.4547770706621,DDoS
6.228285297506499,20.50245967524945,336,1330,29.93908015553406,DDoS
30.923711257861964,100.54988221310728,325,1306,1397.3569234145912,DDoS
24.503236817658408,75.44382064101185,347,1298,4485.304927320311,DDoS
4.396070104573742,18.48376507327674,240,1342,84.21390396578971,DDoS
0.7309863546362189,4.385918127817313,236,1416,0.018003431519866293,DDoS
1.0221346146570798,6.1328076879424795,216,1296,0.02636701375252698,DDoS
2.2950817529789798,13.370514987297552,288,1534,0.7060869892581461,DDoS
2.690484291010522,14.770695535457596,447,2114,1.964266084162912,DDoS
0.7103478520366252,4.115701099877873,242,1392,0.9355322330983166,DDoS
0.5452866439266485,3.2717198635598908,221,1326,0.005316137189436776,DDoS
0.8033144405741786,4.81988664344507,221,1326,0.028382285170548766,DDoS
1.4797815065759705,8.309468867105112,322,1674,0.1886906494159814,DDoS
2.1057733824153,11.420681839393843,401,1868,2.2036315302445724,DDoS
0.44458883823100687,2.6675330293860418,224,1344,0.004867152972614517,DDoS
0.6247689020294979,3.748613412176987,223,1338,0.010394262227639181,DDoS
1.0000859974956806,6.000515984974083,221,1326,0.05529177794026872,DDoS
1.6678574009745146,9.527370521741982,309,1630,0.14434418052940692,DDoS
2.058752834775083,11.057991086264733,437,2040,0.6849078969841733,DDoS
6.362220789165666,37.47532954935935,341,1722,100.99168087377988,DDoS
0.5207650622999287,3.1245903737995717,230,1380,0.005904286192942366,DDoS
0.696254541502435,4.177527249014611,215,1290,0.014771412308304996,DDoS
1.3547307279858376,8.128384367915025,226,1356,0.1643388437653819,DDoS
2.2488094826917995,12.29939073515831,435,2050,1.0994896948845625,DDoS
4.903220592884295,28.669962177524116,344,1728,179.6568163531276,DDoS
0.4611955630504187,2.7671733783025125,222,1332,0.0034952180866659396,DDoS
0.6543280659944395,3.925968395966637,232,1392,0.01624229160498089,DDoS
0.9936073237483012,5.961643942489808,227,1362,0.03202362575998213,DDoS
1.4231269981492605,6.835536136274579,506,2252,0.033077478810788166,DDoS
0.7288384463489921,3.519131241728807,352,1748,0.2711405258893973,DDoS
0.43026561542207015,2.539574398375809,298,1618,0.017427633107370645,DDoS
28.675913518757824,93.59194833360296,535,2086,880.0148595547795,DDoS
106.62937126052577,327.7215386368273,499,1840,32304.20378808567,DDoS
23.243633219072354,71.70305533801546,520,1972,1825.1609073425816,DDoS
67.83590503483079,223.21312878119548,527,2050,15286.462707847008,DDoS
51.12828369284203,164.92511127698336,488,1804,7877.446172511473,DDoS
28.837613040425172,90.2139093803204,518,1942,6004.468446105231,DDoS
30.201593708278395,99.29668357579452,509,1972,1530.424923290678,DDoS
37.6096136306259,116.22722355023139,499,1828,3811.3444664182175,DDoS
41.05784908795726,127.23719031859225,520,1972,1975.6035058748741,DDoS
18.235866602331374,60.61549175734471,520,2014,831.2794669430432,DDoS
24.014775083829807,76.45611516544173,532,2056,1101.800943448032,DDoS
91.1698395488397,284.3521521990512,495,1846,13269.543851566488,DDoS
36.86564840765463,123.91973044176488,536,2098,5884.839008839724,DDoS
90.24829054854395,286.48673698551033,498,1852,10183.820027416306,DDoS
14.466185317875137,47.65445908428669,509,1906,556.3841830413456,DDoS
78.86657754326258,251.4928134822934,518,1936,8614.320836555304,DDoS
5.3508745224796765,17.08632358377791,522,1942,20.551306410594137,DDoS
19.011851958574315,63.12155432733721,514,1918,863.9754945615289,DDoS
17.01418408995367,55.06657011409028,483,1804,828.1712198025319,DDoS
14.549479254432232,46.669256502664666,517,1948,521.2130011692216,DDoS
30.844433478178676,94.05740453376957,521,1978,2621.531020386801,DDoS
34.04500664170677,101.35670877954162,522,1960,6506.590401856146,DDoS
32.782599887202885,114.92616623404469,516,2008,4804.055901023078,DDoS
17.06872129438685,52.62283331688428,523,1930,2606.304710925398,DDoS
9.95680987743673,32.850386253296925,534,2074,206.96731085130156,DDoS
45.28845399419892,149.30944517586354,522,2008,15807.941509361914,DDoS
8.008333573522215,25.178067422069862,533,2038,131.14694058703714,DDoS
25.205096446645186,78.92978234655985,492,1786,1070.5655707565038,DDoS
4.281850467620629,13.459594351495372,525,2020,17.869832732849932,DDoS
91.88895374529153,285.48750866223224,509,1912,20672.602100359592,DDoS
20.490404462134,71.75655563259262,515,1942,3032.2710143201953,DDoS
54.81641651770746,171.98139322481347,502,1840,9178.455243178689,DDoS
5.692798437608611,18.188007169626395,514,1972,30.176713421324752,DDoS
15.022370578668802,48.9856917498845,515,1936,397.76594020261257,DDoS
6.616262602809959,21.251042378862834,503,1912,38.22034562926461,DDoS
16.58475332018632,53.51423301286088,473,1666,426.7489985520934,DDoS
15.60932614920755,51.4239397177351,495,1858,372.52791089550203,DDoS
24.361731504083405,81.38220477099473,468,1720,778.6603886376357,DDoS
7.572062303287554,24.59760533025745,524,2008,59.90466755881771,DDoS
78.05171848357377,256.6833708429748,502,1966,16916.38719803411,DDoS
49.07066938770907,161.69156842743018,528,2020,17906.619067655793,DDoS
65.98807418219006,219.12699975036944,492,1828,18064.064665026384,DDoS
8.517913812214672,26.800795545822957,500,1804,62.95588821609427,DDoS
8.085207929912805,25.812802503528154,538,2080,100.447856244125,DDoS
5.891560806063295,19.072988759149656,508,1924,27.49671417881236,DDoS
10.046724949005785,33.69899376279139,513,1984,168.52597809528297,DDoS
6.36229498191789,20.684440472535144,513,1912,28.184576009502628,DDoS
6.646846376643922,21.4334479853851,531,2038,48.76334641450764,DDoS
42.31107084411392,133.05321209933928,533,2026,5308.493107214705,DDoS
4.079413895776696,12.940601351592115,541,2116,17.67250651314939,DDoS
45.90950843572337,148.97303839769162,479,1696,3285.918155817198,DDoS
11.023557565295912,36.15556408739288,511,1930,585.9272361205758,DDoS
15.520049059171974,50.54412748589434,546,2062,418.2519738607166,DDoS
27.715952766688787,83.82559390323571,498,1834,3101.6793483410956,DDoS
55821.988242055566,2906144.975967156,5283,47886,30671339149.529034,BENIGN
7021.338854217715,132027.74184975217,835,16537,100893142.67876275,BENIGN
6480.518937621006,130808.27677946498,1813,19478,140378357.16052827,BENIGN
66219.33309274996,4945674.509254296,563,20728,37754173528.42056,BENIGN
80997.34013473138,41684823.37279828,184,46063,156603228448.68552,BENIGN
0.47712244405286003,93.84772831035129,535,309503,0.0881921632055999,BENIGN
1.570512447888784,919.4942395178898,437,176446,15.91110478905852,BENIGN
1.0674606441582022,220.78020218236006,604,387288,1.2699765792446676,BENIGN
3.1527691864407466,4255.876473930496,598,364812,301.1577331300127,BENIGN
2.1142571530950636,2305.344519340466,421,143012,117.93128993331702,BENIGN
0.7496451938152492,190.7172243144062,461,209844,0.34203092038310123,BENIGN
8.285226660668016,10727.893908517784,468,200267,1315.2356493368918,BENIGN
2.083755881713415,114.90572247211101,503,237826,5.041320943166563,BENIGN
1.1409110648746574,365.8235701838852,557,340896,0.7744374685930862,BENIGN
1.625386241951008,1831.3692201803508,505,287682,60.89527666108952,BENIGN
0.5218660511913185,75.25015453536962,473,220130,0.06839926361631578,BENIGN
5.1157587757839975,7371.445716194364,446,204428,969.3546612588854,BENIGN
17.502254881275185,21631.286850275716,372,74751,10829.510082519184,BENIGN
0.8513221274894407,415.0962153835146,650,441294,0.8995080050114345,BENIGN
0.49784910665360577,69.02157265333189,388,145083,0.02828953259173327,BENIGN
6.441449219647001,8705.732895899793,507,271350,1682.1109509254181,BENIGN
0.6440855953582703,45.77711360208493,450,185952,0.11450854487096561,BENIGN
0.8085398285389735,65.64227309590864,525,267231,0.37737508665870834,BENIGN
1.0717883789399778,74.27341351209544,563,302046,1.173498072284117,BENIGN
8.79571113964978,1402.142098421922,568,393556,265.39387412056664,BENIGN
0.6479840116247712,378.76079702778503,614,418823,0.29979818997677304,BENIGN
0.6200060548401727,379.2170694584703,601,385342,2.3048864438021215,BENIGN
0.7032898768053829,45.92423136208419,458,186000,0.15775691541244832,BENIGN
1.3015172952888563,402.6443331907326,479,226279,2.639108308168702,BENIGN
5.874974832257859,1324.2031971034878,494,267183,270.1646212474583,BENIGN
20.703441107514582,2392.152682802316,449,221487,1374.9825572533543,BENIGN
0.44696946183366243,92.23597304876452,563,314343,0.07751081440618779,BENIGN
1.946576736204512,1643.3563478895874,429,156631,93.35920585684391,BENIGN
70732.98282087296,1338675.5919693755,333,13830,86902831352.96962,BENIGN
84724.93967221299,879285.7406938104,416,4964,45447311775.01702,BENIGN
9.237443106394467,29.895453408686066,505,1912,418.6408251599324,DDoS
1018.4679659780109,3937.6440777208204,467,1694,36523955.16158057,DDoS
8.14889545336035,25.272900660478598,511,1942,280.9342515526337,DDoS
21.37815488764038,68.96405910470762,514,1996,721.42688522725,DDoS
1582.3282974840965,6237.784510937056,480,1772,106783559.96424893,DDoS
27.306952831139284,84.0256608859588,539,2056,2224.6856057181863,DDoS
643.8342573331184,2898.5840834901383,476,1790,12909523.17261997,DDoS
102.47937172909579,350.88339413491155,501,1918,24165.28195906407,DDoS
49.75797629421975,158.839405073146,500,1906,4200.147016278287,DDoS
12.2615191079361,36.061120873699345,524,2008,1224.2727023822617,DDoS
68.215319304123,223.36435647421257,507,1924,4653.167058445652,DDoS
11.38708862242409,35.74355323645757,507,1960,726.8287973516052,DDoS
149.57427447195752,477.3504460063393,488,1810,23656.620506417188,DDoS
37.57912673207381,130.6073471019103,510,1936,6372.9524157327205,DDoS
50.0886483119772,170.01857995006768,522,2044,8772.50217369078,DDoS
92.62920619193854,305.67752386478736,494,1918,16984.99979155462,DDoS
50.22052880836982,172.95329668669208,521,2038,5876.666155200087,DDoS
57.322063351917365,199.29723153090387,492,1870,6516.453366819258,DDoS
168.35999601634637,568.6709443628583,497,1858,36128.26791272024,DDoS
45.802517462604904,151.0281993091531,500,1888,3323.165677498463,DDoS
38.86991482287263,120.45785931541137,530,2026,11320.729020426306,DDoS
87.48184745759318,278.29360185218076,497,1840,8221.872361885382,DDoS
23.145003933283903,75.0000645446072,542,2122,3061.3048964699924,DDoS
119.21608739235086,378.1289636846009,499,1870,15189.496428471837,DDoS
8.85977409122182,30.427053522563916,525,2056,362.60180546849085,DDoS
94.12314767538794,304.7967233590411,502,1930,16906.15436622202,DDoS
75.92160565864523,243.43181741793268,511,1954,12857.641610031525,DDoS
120.08439107219174,388.97541331244764,523,2056,34823.4162698933,DDoS
97.84935049521015,310.57899844240944,514,1996,17983.621214675455,DDoS
70.61635826566958,218.4090234976041,543,2098,31788.447399024088,DDoS
85.1529858622695,266.3575845396462,579,2314,23758.00494837777,DDoS
7.726296853638579,25.23432923178299,564,2266,352.5414449619763,DDoS
83.66257513218416,267.60078354160015,544,2092,14790.158628014195,DDoS
23.63382168214238,73.30135710467184,584,2314,4403.747719211804,DDoS
169.41908478338536,537.981328912765,532,2086,34127.03449045464,DDoS
20.7245556343786,64.10125949709824,578,2266,2085.878978762007,DDoS
52.6373192943327,167.69264409533793,558,2206,8763.209059329723,DDoS
76.1937044356126,242.5610304635038,548,2128,11448.106537888985,DDoS
83.78274545706103,259.53237071051154,548,2182,28700.065736405937,DDoS
85.19109271919555,281.1760498584211,558,2176,22883.437209270538,DDoS
77.206293079037,249.4560391732018,571,2362,19107.17397019644,DDoS
86.03936699729833,289.3330773392304,521,2050,20917.864955559326,DDoS
45.05482862718063,144.94107511714552,524,1928,5201.474784279285,DDoS
37.66516416000129,135.60623419579136,569,2240,19968.650060112643,DDoS
47.71601513630671,165.99959547795822,520,1978,10794.143511347564,DDoS
17.73795815927804,58.70644839680588,545,2134,2349.0033358979663,DDoS
32.95354417248643,103.70354095287959,492,1876,8077.254043935467,DDoS
3.8423740002271978,13.017185001881673,553,2200,20.827687725858652,DDoS
109.43032530857238,356.3699497772695,516,1990,27899.23289662266,DDoS
5.4262614626199674,22.02450327788789,407,1682,17.46279241270511,DDoS
35.14245390646452,210.85472343878715,217,1302,4915.681040983759,DDoS
0.8196397174772837,4.917838304863702,228,1368,0.021256338396112653,DDoS
2.7406086076457963,11.520655400300402,336,1698,88.89955733716488,DDoS
2744.9503903228533,11014.15090734805,396,1902,371803977.9913019,DDoS
0.6831283838252361,3.2988239934610077,344,1720,0.26871421289413927,DDoS
0.4587304155477801,2.7523824932866807,230,1380,0.0038161658555782465,DDoS
0.6011730000262038,3.6070380001572233,235,1410,0.007503936528584957,DDoS
0.9901590477869828,5.940954286721897,226,1356,0.04860980101304324,DDoS
4.8451765205657535,27.62349158689804,467,2134,81.1774306315767,DDoS
34.201101138233305,204.06681671771705,416,1956,2163.5317217931693,DDoS
0.45314284601702026,2.596468716869389,247,1432,0.0664278472889365,DDoS
0.47233284503588435,2.833997070215306,225,1350,0.0051709447378826545,DDoS
0.6033239183866183,3.619943510319709,217,1302,0.008268515808840023,DDoS
1.0242530732903843,6.145518439742307,222,1332,0.024829060441111606,DDoS
4.496317413843153,26.22443836243768,352,1790,44.08822673300259,DDoS
12036.587214455278,48218.57044815737,380,1822,7199105374.602384,DDoS
27.30878378560233,162.37031492619903,443,2026,5650.914630962097,DDoS
0.4357672934736603,2.5703630738082226,232,1370,0.020530756260186363,DDoS
0.5280882437392962,3.1685294624357776,232,1392,0.005462135190037655,DDoS
0.6707953239498343,4.0247719436990055,223,1338,0.013863728734921105,DDoS
1.0353085801386552,6.21185148083193,230,1380,0.032682264581404906,DDoS
2.8471044789026223,14.048754430285417,404,1938,30.514698402909335,DDoS
25.81533085740193,153.81004550506313,430,2030,2268.360470078379,DDoS
0.8872872337424675,4.094647049692847,436,2038,0.24234244934379917,DDoS
0.8137038821594302,3.828978170454875,408,1934,0.21676366085190577,DDoS
0.4486225644952143,2.691735386971286,228,1368,0.005728938189042498,DDoS
0.5649147914612414,3.389488748767448,226,1356,0.00773092603934334,DDoS
4.361306944153919,18.6784919582027,253,1382,289.3530567124637,DDoS
1.2886318224875755,5.336541038886749,630,2608,0.013116583413907073,DDoS
0.5841117425385651,3.138571630214449,299,1596,0.08227925697957025,DDoS
0.45632966302471495,2.679104177442623,317,1660,0.027418781834943073,DDoS
13.347268704175795,45.83101768408861,508,1960,322.97125234174496,DDoS
7.280891577795323,23.691854505483285,529,2092,101.48581495740277,DDoS
18.04852645912966,63.09529427899943,309,1342,564.2269463789934,DDoS
6.986155250445907,25.30040260692543,327,1354,54.83963947726433,DDoS
6.673038267036138,22.804376924266876,313,1318,136.7532905044486,DDoS
803.3763242064507,3195.8215797462767,334,1294,30321526.71073684,DDoS
22.658629062244792,74.20274390033462,329,1352,7717.4768245255445,DDoS
96.06593660442009,303.396029298949,317,1334,17009.906087889853,DDoS
22.05641999969424,76.30374823196455,321,1336,4642.735894550131,DDoS
94.89496580777048,312.3204640246015,322,1338,10047.054022975683,DDoS
30.414714167930757,104.99274364841159,326,1322,3054.3157654185115,DDoS
56.993912816770404,193.36222825668767,334,1336,4242.185820402575,DDoS
48.35978634991866,152.21702635848072,322,1304,8918.113607704265,DDoS
3.365035966845428,11.666597151915507,313,1316,12.137798137114993,DDoS
153.6103121965039,526.0661980331228,337,1342,55457.32723908453,DDoS
44.75257512767218,144.27843539314364,335,1318,5473.523501684866,DDoS
46.118117681049625,146.72342055437647,318,1340,5117.865310753556,DDoS
67.47514607725381,206.07094644275577,337,1320,9256.206527640019,DDoS
146.1633722653254,465.2786580792098,340,1296,42004.578367281,DDoS
13.359043778997576,43.75449619225612,311,1286,689.2193926718882,DDoS
38.302412787401856,130.7385037233453,322,1316,3908.755300946316,DDoS
78.89395960706834,247.7148662655106,311,1310,15966.743608125891,DDoS
14.80230100365743,47.06236294936753,338,1362,843.0926870274368,DDoS
115.19941064970544,373.69810306742147,332,1326,21552.064803429876,DDoS
75.83580797517692,256.9957552866215,340,1356,10726.537591588058,DDoS
130.04195455247987,408.7007308606515,316,1310,32788.503581419325,DDoS
27.332009644847673,89.7860051926257,331,1330,1411.6048555132813,DDoS
138.7761649427822,418.1071535850234,341,1318,27357.711800111996,DDoS
11.60874855467775,38.47570574939819,319,1328,411.3587390331857,DDoS
97.07050108097044,302.8357503037516,322,1328,13853.779645413282,DDoS
9.204611228613606,32.38088208813351,312,1304,308.4150128152877,DDoS
37.670986681328216,118.52303901123256,321,1296,4100.192423816971,DDoS
381.0559222661245,1166.0310234291753,320,1302,4415989.204266332,DDoS
14.965155090316737,48.16745991404112,313,1304,673.5770790752222,DDoS
143.22825053893723,440.910274899573,337,1334,19040.787268764452,DDoS
20.032382860866374,59.721564601021846,318,1292,5952.195964708273,DDoS
208.57878234435378,658.9910148696471,332,1290,72512.82012290551,DDoS
34.00611772767787,104.4670570749747,328,1312,17051.909277601677,DDoS
224.28985399486595,747.430374105912,346,1288,88371.82735487205,DDoS
27.403233823175146,88.06636269227478,355,1310,5102.13435449657,DDoS
9.881728702373202,31.747699033986102,323,1298,233.83267384376077,DDoS
11.91098646487044,37.13287088708581,330,1298,224.50346472045953,DDoS
70.54671156238307,234.07850587849723,322,1284,17809.437109019596,DDoS
32.31599639536733,111.52876011488006,309,1320,7273.100902222633,DDoS
675.8791612831559,2208.438117720181,565,32487,21484059.709339812,BENIGN
11162.159115766915,180694.68341599192,222,9199,80738052.66886392,BENIGN
16418.181182470635,263574.75180934375,200,3224,8552041.011161974,BENIGN
17668.913971716767,287407.8551626935,200,3248,2682568.2044047713,BENIGN
16588.819411602548,267551.2621587694,200,3224,10669501.665835524,BENIGN
17461.078184934373,282362.488248154,200,3228,4195479.750900758,BENIGN
17307.928737459762,283762.47586373426,204,3358,17970341.20424673,BENIGN
18545.14115590043,305127.1128812937,200,3308,25800725.369330756,BENIGN
17103.66315421449,278370.64567653014,200,3256,32334838.412964266,BENIGN
15142.399311798694,246639.92718175263,204,3364,30017492.447861746,BENIGN
5376.17950483484,46613.303577774335,716,102846,93898988.81736392,BENIGN
2587.396097592958,805.0868806501207,243,17199,13485750.252682112,BENIGN
5809.163681431886,96978.12692341008,355,27100,77693617.72913626,BENIGN
40621.644726513914,910217.0698706879,862,54036,29557664748.270203,BENIGN
86364.9409217691,544808.1885970023,1002,17556,155910548966.97733,BENIGN
4448.875388488343,93683.2215738771,530,214076,78755342.71658833,BENIGN
1.4940656154892733,411.1537172046937,457,204410,2.4829835746479456,BENIGN
6.2001135553825035,201.01369695766033,579,362854,1524.2714578994928,BENIGN
1.1625539085242824,760.4787847203366,549,341664,3.5577685983470193,BENIGN
27.96464150039456,37960.31987118149,502,307450,7581.1673877849935,BENIGN
0.3770922998957344,100.98927114420925,584,362830,0.05041127437471929,BENIGN
1.0419803550713245,234.93869857942119,426,155274,0.8361772431331376,BENIGN
1.304772418670182,54.633367931023386,440,166881,0.9184772145307578,BENIGN
13.813624609013443,3756.294584001872,527,301307,949.7670345998822,BENIGN
1.0060027701765808,483.51731042141944,561,349182,0.40092706255598576,BENIGN
0.5924075729516591,326.09088435991555,496,278171,0.6870395771320923,BENIGN
3.405019960256892,4727.261400590248,473,269313,186.38231524081382,BENIGN
0.9487240200301084,589.3871166069292,561,338188,1.5613097853632865,BENIGN
26.161553150935124,35956.70979479194,485,271218,7798.011446144715,BENIGN
19.056910483846142,29627.10427380975,448,290372,5754.688333445529,BENIGN
54.95714062395788,77369.3439874319,470,398823,12484.487406352806,BENIGN
0.7377710130510827,543.2316111333496,618,431079,0.8619782819738948,BENIGN
73.36567853787666,105776.4579114169,519,382460,21396.934401534647,BENIGN
57.13999909744783,82228.97104163961,400,372871,5694.240216952629,BENIGN
50.49756932770743,67864.54169921018,393,374966,7719.178041397329,BENIGN
55.04179221417657,78559.98976237916,459,479273,13394.504277733382,BENIGN
62.23733898727997,85878.13174804121,443,485422,19253.39223277172,BENIGN
14.030797218319291,19785.5330825899,426,279444,1712.7453217821653,BENIGN
6.580485628009573,8751.40379640908,415,275882,133.61342490095802,BENIGN
2.1239451755535823,496.6176781514539,483,172860,1.658377797145847,BENIGN
8.365498740317205,10477.484754644305,398,375699,92.3625798443916,BENIGN
29.70115416801705,44643.93266772639,658,570928,7047.312526994677,BENIGN
6.064007545296939,8027.542185732269,530,387996,160.4173695626085,BENIGN
9.633892981494457,13040.182839666859,488,369556,481.16270954993524,BENIGN
106731.23009624014,1134083.5119081284,481,195316,227262771439.60287,BENIGN
138222.3057351177,13387393.084274426,379,43122,143610630944.01614,BENIGN
2.4437648118643653,14.336897262583612,279,1514,14.496198522885182,DDoS
0.6959863558170518,4.175918134902311,228,1368,0.01277067789830809,DDoS
1.2203712957659414,7.322227774595649,226,1356,0.0934015650029268,DDoS
1.272865990243966,6.364490480893132,434,1996,0.03235749833889101,DDoS
1.6264421939211606,8.366238239860055,453,2074,0.27811715160080847,DDoS
1.6680500506174354,9.507306710138026,313,1626,1.8093952501048787,DDoS
0.5012588746159424,3.0075532476956544,220,1320,0.015208020701099546,DDoS
2.015443961643783,11.110184534787074,403,1928,7.607321489619479,DDoS
0.9037123156892867,5.422273894135719,230,1380,0.030458659938189064,DDoS
1.1837561813588022,6.101311390644724,406,1942,0.06434061903559037,DDoS
1.2502930344336116,6.574597367772265,392,1898,0.023721968914109742,DDoS
1.5198425751080995,8.541276597491487,336,1718,0.552624086034423,DDoS
0.42294143642026183,2.5376486185215716,222,1332,0.003183316639170051,DDoS
0.5579978788690846,3.3479872732145077,220,1320,0.015737858057462188,DDoS
0.9503475277246756,5.551892356466425,256,1464,0.03263625022319911,DDoS
1.3134710595180814,5.52258923494475,629,2644,0.01591950994115413,DDoS
26.070294097160957,86.82911499147498,538,2338,5000.235182979475,DDoS
23.02268657988609,75.94436171019775,521,2050,2624.8919340828015,DDoS
41.0945651699716,137.21767008217898,524,2092,5533.10872870237,DDoS
74.34714824625465,242.25539924940583,565,2230,34052.64317493152,DDoS
57.13451415136368,182.64979566879174,536,2080,12897.87418043841,DDoS
51.901985925375044,176.67470649267233,562,2236,11291.00677484971,DDoS
19.800080399394545,61.03661343908299,509,1942,742.7829869727159,DDoS
18.561176229775125,59.82083573351438,548,2170,692.6896094882857,DDoS
11.310531563467976,33.75672262217931,564,2188,1470.6552541657868,DDoS
9.64709076468427,31.180475513833322,536,2116,167.46553968816374,DDoS
4.802466520675235,15.5471275398998,544,2122,32.13264331468993,DDoS
7.095277078229731,23.00682505215147,549,2170,142.4658874235253,DDoS
13.628679669638723,43.08492507932654,527,2062,276.59621668063085,DDoS
5.037066888245627,16.465359195340508,536,2086,62.97903054206106,DDoS
25.90135900926375,83.51629358518151,532,2074,1259.6987162780533,DDoS
9.689030920970561,31.72122912355379,547,2140,322.7535130230118,DDoS
27.24566782030242,87.63939683322887,517,1990,1300.4285474966332,DDoS
7.989091582915592,24.840658854086318,543,2104,158.34592445492632,DDoS
4.630133775266571,15.28475613121784,521,2086,37.30835796379484,DDoS
8.35928262684384,26.840006006463693,524,1978,77.8425262366569,DDoS
8.271697357639363,27.22497045622979,541,2128,95.14955180307592,DDoS
7.192755045143728,23.74931317339524,550,2134,92.03749111223043,DDoS
43.70736941984403,140.68185246335642,509,1906,4407.688007341884,DDoS
44.7716469178843,146.5866430524777,492,1828,4421.031100704603,DDoS
23.85617072901943,81.50791794924353,500,1864,2288.065436362422,DDoS
19.524311602170997,61.293581529891256,559,2182,2212.2371599375597,DDoS
8.965581208924577,28.151762061019895,534,2074,129.35586803328619,DDoS
7.5092352678295855,24.085284262983183,515,1912,89.02902386063901,DDoS
8.366696882758212,26.34244999737899,534,2068,137.67082946948682,DDoS
23.15131141696044,75.4003893060634,498,1900,1651.4595174504689,DDoS
122.15841810081501,393.7079098865582,517,1984,15350.721487710836,DDoS
77.852169551397,256.66343441559053,541,2116,31454.708404711182,DDoS
38.24375133590925,123.83773059073357,532,2140,6219.601328100477,DDoS
46.94671858310087,154.71082095593337,512,1954,6250.355645853363,DDoS
8.509718497424153,26.882941303167048,525,1948,88.74032758575741,DDoS
6.185297236118031,21.340354270234858,536,2128,57.089231639130674,DDoS
6.758720198533524,21.80247330202009,543,2110,158.57542467345615,DDoS
6.493981816726819,21.51361439380683,524,1966,55.243535968149594,DDoS
12.853315259976966,40.07669377941437,527,2068,298.07550918212036,DDoS
24.705488729562713,84.51452927306298,484,1804,3335.568161888132,DDoS
5.7779117334197805,17.84568528227908,530,1984,37.8525729987801,DDoS
15.54496305876037,50.53104754509149,540,2116,2291.81341506296,DDoS
6.369194048882848,21.490427778757113,513,1978,70.24496838064029,DDoS
905.3732130926256,3611.7423707009934,551,2204,40080480.134243265,DDoS
427.5238183561767,1702.8587427463249,539,2090,8795813.456501674,DDoS
13.29694790271651,45.46017730788101,494,1918,378.1956586650823,DDoS
11.70530601918249,40.19100538962484,489,1906,337.72232158926073,DDoS
8.671559741656868,28.195251456401596,531,2080,156.21007617428577,DDoS
34.995712430564275,113.13759310782137,515,1972,5299.042801683112,DDoS
75.85038823966279,333.9848374782774,283,1374,26461.72403236174,DDoS
0.46057894828763474,2.763473689725808,224,1344,0.01839471206928642,DDoS
0.8837043018686178,5.302225811211706,223,1338,0.032021815041030056,DDoS
2.5373925121886747,14.716369976688048,308,1606,7.143765057038718,DDoS
6.234562275237447,36.21322159645008,435,2014,57.403665240558055,DDoS
1.0143455232349243,4.565683953879067,466,2110,0.2513082081059144,DDoS
0.6699032213634908,3.470966644166609,320,1644,0.12135650181812199,DDoS
0.597466610452443,3.584799662714658,226,1356,0.009590391933368232,DDoS
0.9358078761370033,5.614847256822018,225,1350,0.02998596872695297,DDoS
2.43476806429437,13.632435764724042,390,1858,4.12684377181837,DDoS
3.1301649758595103,17.244279364664436,469,2086,19.099265452839287,DDoS
0.6890794255219551,3.468561882811834,341,1722,0.1531750557176721,DDoS
0.5908061200530788,3.5448367203184734,222,1332,0.007290278399358227,DDoS
0.9398727032002588,5.639236219201553,223,1338,0.05883414218346333,DDoS
1.3519520547907782,6.811943651138973,439,2032,0.035700730130231804,DDoS
21.49371595935322,73.48069396735981,356,1616,2322.3444906599184,DDoS
10.263480975893955,34.77164670073441,318,1310,229.51013259276334,DDoS
49.358368207233276,173.2634782006388,310,1272,11541.332941516886,DDoS
68.75709513433732,212.02093890186015,318,1324,12550.1809726278,DDoS
15.287046780190167,49.32676470789355,328,1334,935.2044699025622,DDoS
35.0962264786152,111.28664959874723,344,1296,1675.703305438647,DDoS
8.600612233781787,28.043204695003897,344,1300,50.85417400483654,DDoS
10.33606113822315,33.707367586181356,330,1342,158.10323507204228,DDoS
6.403883660232502,23.29774700506701,330,1340,31.171694131342214,DDoS
13.47768741168395,45.946389747296216,320,1314,189.72252797716837,DDoS
40.85614738748933,132.34373626259742,341,1280,1504.716318526555,DDoS
4.5641866181494395,15.788251794685321,320,1330,26.034131543868046,DDoS
20.002733411530752,63.821862260108794,345,1318,508.15958399527005,DDoS
20.92674353883693,63.85460650542419,339,1302,1247.3787371266394,DDoS
7.698538355810586,25.631276179398878,319,1278,75.59441233419074,DDoS
15.316805330754804,51.85322380497502,327,1328,298.4802819450863,DDoS
55.529495426398974,177.36536580751815,337,1354,5713.88689502495,DDoS
5.338531644987663,17.63501688191973,330,1346,31.77503076240138,DDoS
26.85293273305516,88.96086669843284,329,1310,2384.0491673935558,DDoS
19.889596242569535,63.820449392504706,341,1350,2270.0197707935017,DDoS
27.59325614592801,85.26018208669791,343,1348,1567.8300238199893,DDoS
5.99729605909211,21.23341939210968,325,1312,44.098378023811904,DDoS
84.36779715702542,294.3933689250679,343,1290,10223.453348386178,DDoS
138.2955983861837,449.81781080615974,330,1330,25913.258922796227,DDoS
7.604951424611848,25.326860538511564,318,1324,289.77381328943335,DDoS
61.391443101314536,189.9329920550441,334,1304,8697.039499983648,DDoS
43.70359009456361,141.817198886696,331,1302,4598.250003622129,DDoS
8.554565684035078,28.126938921622504,323,1320,78.57348886432608,DDoS
18.023413716450072,55.96889559076354,332,1312,690.3219749673358,DDoS
12.902554304066753,47.96559623055659,329,1328,49.479276842001376,DDoS
38.413067734146686,127.83838331749544,336,1300,8240.564540601506,DDoS
7.1659233138510885,23.412603294272,340,1306,37.771178995128935,DDoS
15.472637591262577,48.076438370873035,342,1314,2531.789994600033,DDoS
24.414932938669594,78.41437878302047,327,1302,3485.682558968799,DDoS
32.5830197237387,101.7905673732452,322,1294,2558.4173281935973,DDoS
5.5001031232273645,18.32286944876273,341,1312,16.968729466594795,DDoS
20.953043878433114,72.87415924243868,323,1296,490.387389962122,DDoS
37.96643294756389,179.64663764418913,331,1284,2100.3361094085076,DDoS
2644.4249714085972,12679.96753191552,335,1340,162174112.20053786,DDoS
5408.120349778852,114656.0600079355,1501,25771,81595841.49780492,BENIGN
9718.061535079656,210845.35347933433,290,6809,102640478.57460418,BENIGN
1356.188922917496,14081.075957163905,4384,254095,34942309.73139694,BENIGN
26135.43370051838,842982.9065435821,176,4909,14917769495.108015,BENIGN
596.556024677367,17096.42374976764,296,222232,2190860.296630322,BENIGN
3.2935103651747095,3803.1023123577434,460,321807,41.59234437801282,BENIGN
18.935287289357106,23911.01309388587,472,330664,3571.6644063259705,BENIGN
60.335319790166835,83945.1636264192,572,488947,15372.62165993621,BENIGN
17.068512176173375,22929.630667146266,465,411751,844.6360189430706,BENIGN
0.8823530062184743,79.15506696913802,361,77489,0.08182566674072278,BENIGN
4.80677523269616,5977.695637432364,443,259010,109.61149301761937,BENIGN
7.527300180793214,9706.271575807428,449,352461,81.29109119964734,BENIGN
9.822258543760567,12430.893383137873,564,467846,226.6576020571984,BENIGN
11.618730647517129,17000.196906937665,534,478721,462.1339728988381,BENIGN
7.757024807014222,10842.29254969478,469,314313,345.5105366262111,BENIGN
14.031123438174001,19642.44474455327,406,278712,494.07861121747135,BENIGN
11.830889101703463,15677.045201384946,413,256897,596.9179304923437,BENIGN
12.506682269413202,16891.498994770795,491,383121,381.7255000197252,BENIGN
5.3302349472603785,1001.6254117211881,548,325182,27.958390684279248,BENIGN
2.4525855027120955,3066.7761390869478,608,498584,12.707031456001049,BENIGN
2.9338681512039604,602.4717442496337,422,138875,288.1272235540898,BENIGN
2.3270110746804975,2782.053612784744,526,343586,22.455018205995927,BENIGN
8.650075709483389,12353.178380685049,544,499119,158.3093831786656,BENIGN
0.7705273160093523,58.35593227462655,474,190047,0.16846034175266114,BENIGN
7.719656505674805,9597.508421477278,447,268486,155.52346956512636,BENIGN
5.960284309143153,8471.821170057849,563,446704,108.48183531655208,BENIGN
18.750318044460343,24474.274336923743,540,417960,4733.592671875383,BENIGN
11.043867108043573,131.8695664470546,558,332777,1086.5480519052107,BENIGN
64.55808299803911,65532.25131970598,444,394055,5719.147300510367,BENIGN
38.0189760570838,50521.039857747965,415,202320,8246.209511472625,BENIGN
8.692848603050354,10444.205705942099,498,318378,1098.149204949557,BENIGN
9.670139207059576,13591.443849932555,449,287700,466.4679344085894,BENIGN
4.964551195253697,6326.969037759478,484,301890,128.2161049839522,BENIGN
16.33681341861761,22536.707029463418,495,433632,692.3202952745747,BENIGN
2.8481403316069507,2937.6961788631083,627,454162,24.952951217682156,BENIGN
4.124625090494579,3126.311341862573,500,334086,31.30828007450908,BENIGN
2.139132904626025,2623.139878967567,487,285653,19.62349415569469,BENIGN
1.478825647783557,1600.7563628241821,468,256296,7.479645768833809,BENIGN
28.481165295763287,39025.6369031234,487,419269,2559.678184808924,BENIGN
14.560652290375863,20156.7790772728,344,222772,534.2537265014427,BENIGN
6.10444791895938,8618.179298516812,495,312866,207.13742235683688,BENIGN
2.0516813428611815,2048.259874242482,650,467299,64.62438561821291,BENIGN
12.681091230964535,17633.609418386575,579,453555,460.8054272240052,BENIGN
100.21923679147157,144600.30188846032,513,405638,42740.020130130295,BENIGN
95721.82305973589,1005592.3728045559,637,29665,159257231540.2254,BENIGN
99543.88664094797,1876441.91241798,213,1644,78372735195.82234,DDoS
1.8031551195230275,10.818930717138164,228,1368,2.366475375538903,DDoS
0.5372020615369683,3.2232123692218106,228,1368,0.0069248916307766825,DDoS
0.7483395218408749,4.490037131045249,226,1356,0.0293628857937364,DDoS
1.4293844593142646,8.142706465297337,311,1648,0.09549590379713635,DDoS
1.6532952205319196,8.76548739657935,430,2030,0.19028702996948837,DDoS
4.7474124314419015,27.696245777803437,366,1810,39.701605256839265,DDoS
0.518239433163008,3.109436598978048,225,1350,0.004772688396043774,DDoS
0.735201024033197,4.411206144199182,232,1392,0.013338697453844956,DDoS
1.2773113064426544,7.663867838655928,222,1332,0.14713677859660187,DDoS
1.2857291645921143,6.2083105499626665,470,2126,0.06046358335047008,DDoS
1.6548876696468684,8.878275773302349,407,1946,0.2981853983255874,DDoS
0.46922734599419863,2.815364075965192,225,1350,0.003639406339700364,DDoS
40000.655573003096,120003.93343801855,212,1266,79999946483.86508,DDoS
2286.8510653789463,10292.534963702248,226,1350,261219187.15124536,DDoS
1.3274674368091914,6.691387456008664,425,1980,0.07217308066694918,DDoS
0.9592398434532017,5.013852704523475,337,1678,0.36448183090752784,DDoS
1.1466856131832928,5.068013435531881,234,1360,11.101210099809366,DDoS
0.5853974039502885,3.5123844237017305,212,1272,0.0066996292355792075,DDoS
1.095745941464632,6.574475648787791,224,1344,0.061277029131263344,DDoS
1.441162597116022,8.08834919681275,303,1576,0.10444934992982643,DDoS
1.5693839271762813,8.33984976785526,383,1844,0.06827251020649082,DDoS
0.5990102029090181,3.4205987051423365,223,1322,0.3963981130516427,DDoS
0.5425624821599271,3.255374892959563,220,1320,0.008283347393423034,DDoS
0.7629218874768776,4.577531324861266,220,1320,0.02096615480596353,DDoS
1.3054176301638198,7.212224699086929,303,1556,0.06080464343954986,DDoS
1.2605678647201222,5.374403682218562,554,2384,0.22750214121905116,DDoS
0.4420773428130581,2.6524640568783493,231,1386,0.005775471424783751,DDoS
0.4948567181686609,2.923704386412891,292,1558,0.025807719386151243,DDoS
29.261995891777765,89.78353104197711,543,2182,5972.201253860577,DDoS
22.147058084034082,68.67877739612486,567,2320,2641.607112992551,DDoS
122.97882940456748,390.9435402155688,503,1912,19205.055807499957,DDoS
61.272473987754445,195.27108817732113,534,2098,23773.200962192892,DDoS
42.43846829626808,138.7853498788347,536,2146,4804.888628600452,DDoS
17.387051325268423,57.931410147315944,509,1978,1450.9995160846097,DDoS
34.84073103863249,120.35637392157994,544,2116,5406.198597216028,DDoS
43.650281515115815,138.8207723029213,551,2104,8276.12537116246,DDoS
26.459633159982545,82.44436553789234,507,1924,2552.574561701244,DDoS
10.505842249909929,31.79142428375823,595,2392,1541.6576202903368,DDoS
50.805726320056976,162.03486047674951,501,1852,5463.792108611837,DDoS
6.98445103600322,21.979194764911696,545,2092,68.1691785852646,DDoS
5.198098391238378,16.583139028126233,566,2200,50.065375675265415,DDoS
8.078883790524067,25.238060855725735,569,2170,81.0878023055816,DDoS
6.193428453566455,20.16879277721682,529,2044,51.172760602818805,DDoS
4.766891857450989,16.343146217146945,548,2194,40.42903931281922,DDoS
16.306198749649845,55.10162532329848,549,2146,637.8927218572577,DDoS
120.58924807935395,385.2253569021994,534,2050,46236.163976232,DDoS
17.779694612226546,59.46120059946838,561,2206,1400.8159683307367,DDoS
42.23744115111743,142.27585175229945,505,1930,6435.816898142588,DDoS
22.373361191879976,74.95938402227894,542,2110,922.69402981497,DDoS
12.19794013113099,39.693866237328514,499,1870,192.18370391119657,DDoS
7.082471318977139,23.053228456555136,552,2164,238.47581374803482,DDoS
11.696249489267759,38.40207156933167,539,2134,297.2648263365818,DDoS
21.46343006934069,72.07330581798618,487,1822,904.1956234045635,DDoS
12.12781316089024,38.89539464323554,464,1630,82.62613118551573,DDoS
9.60907544250717,31.911517483956864,543,2176,1801.6790221035637,DDoS
6.51877197543862,21.49482284292246,550,2158,78.0000041294885,DDoS
10.244066617370446,33.24652068903113,507,1936,136.16872534593753,DDoS
6.042318152548171,20.84968602491791,521,2086,51.480648056135436,DDoS
6.362546429327796,20.700305956164403,547,2128,57.799229544708545,DDoS
6.006226952289376,19.430567140439265,530,2062,39.643130491878395,DDoS
7.279090406535404,23.917473380474167,526,2098,63.17782595657217,DDoS
6.866984286551907,21.87853865123894,531,2038,56.281275911877735,DDoS
56.26194696244971,182.8337424440199,529,2080,12653.434922933982,DDoS
73.00442907243163,237.57672344754482,545,2152,18370.81356372406,DDoS
18.686051496754022,58.71561693666506,532,2044,1483.3477221946182,DDoS
57.644715370660066,181.0211138246794,544,2158,11214.164411580128,DDoS
9.084661119205476,28.545140234445945,512,1888,61.804915171134354,DDoS
9.356454942801957,29.848017459406634,558,2140,676.3816745345116,DDoS
10.61918133595819,34.80956688906694,557,2206,468.9306058039925,DDoS
8.090472680467355,26.115673857309215,519,1942,65.36515642830022,DDoS
4.860458634486344,15.68866656305871,544,2134,43.09759802726002,DDoS
6.153156155689235,19.94892776208305,570,2242,62.6716188743367,DDoS
89.36431688144836,269.2728380175295,522,1888,22191.84558363569,DDoS
26.231502950423813,91.86257832486008,542,2080,4846.941330971962,DDoS
60.73896304409563,191.10437605330648,533,2110,14704.171903217031,DDoS
20.206308926271493,59.50017503653582,515,1870,11515.884267257432,DDoS
59.75726246655371,187.80090861549513,539,2098,27229.201161677887,DDoS
2.4693648523680136,8.818239675309432,285,1298,7.095803926007427,DDoS
91.5023438740617,289.1343278157517,352,1326,16252.75820539886,DDoS
9.093000128075158,27.94456393620463,314,1310,584.199723677802,DDoS
162.47406620808775,530.0376887959791,332,1326,48554.43602995184,DDoS
5.6488548766599,18.90552457628906,331,1336,53.77179731033699,DDoS
58.91687745992765,182.99318737723493,351,1324,8484.864477356157,DDoS
80.9651800446851,276.11305149912044,361,1318,15720.885843996246,DDoS
27.379938873965685,84.99756772954147,329,1334,3573.0361411203044,DDoS
34.62285261003173,118.1814414901061,326,1334,3484.3069359112797,DDoS
8.104235601433423,25.455776310985925,337,1312,239.38505076719144,DDoS
14.567162679551938,45.63219278847386,348,1336,289.5826299563451,DDoS
7.731193125978254,25.416642356503257,340,1306,49.49491464519627,DDoS
23.046332862996348,94.50965824810788,340,1288,399.72992114305254,DDoS
158.21765104353554,507.6167969075686,366,1306,24354.02661847839,DDoS
5.845266752202624,19.298518006855684,321,1310,75.73529043882776,DDoS
64.07643545530438,209.9321644648511,331,1316,8430.00178122564,DDoS
12.068862100784521,38.10158027445303,338,1314,180.05377565152747,DDoS
8.402386925235957,28.26933957275344,335,1322,109.91635752117504,DDoS
22.453697461080722,72.09068112529546,347,1314,618.4282248111821,DDoS
21.29134632263635,72.01342951099308,322,1304,381.5814024690804,DDoS
26.42141147853752,133.65344465463943,314,1284,1459.5169122768589,DDoS
55.846076051448655,178.8695537478023,334,1320,14555.350195525349,DDoS
6.41254683375709,22.065572326846127,323,1286,43.161546634331835,DDoS
23.180545639773516,82.00883267735803,312,1306,2362.7751175229464,DDoS
8.040864570736993,26.558069855932107,332,1328,84.95937952232106,DDoS
8.73006317038753,28.82851836245582,334,1320,65.64581229779938,DDoS
5.318275827991482,19.25461417726457,313,1324,16.930728683818373,DDoS
6.316192812936105,25.541205985780238,311,1324,9.898976952120456,DDoS
16.33945880057125,75.73099120001905,331,1314,227.54473503770072,DDoS
178.69397837347097,727.2112356240202,339,1314,19085.557283276103,DDoS
39.5648018958886,136.9192405003525,298,1302,8294.74954969544,DDoS
68.43912481418387,216.79210230414327,335,1332,12419.275163669792,DDoS
24.450607166169345,78.9872771404636,343,1326,4180.8131826134295,DDoS
12.905498887560398,39.31499223256294,326,1310,372.18544782551163,DDoS
6.339704368148736,20.75458416249658,342,1320,34.273949910524664,DDoS
13.604168537123549,43.667307453899674,317,1282,467.25475312903404,DDoS
10.458318138941445,37.83034553106766,334,1334,47.404530296368655,DDoS
33.34999488120356,113.93812514739253,340,1302,4655.754930060514,DDoS
160.8711263668685,529.6774951117244,326,1334,67199.12413970612,DDoS
4.329017795167562,14.123188182276884,335,1356,15.780737788751779,DDoS
58.16281226287153,188.24517189938342,334,1318,11590.455755680352,DDoS
66.6832759963144,204.8027495513154,326,1308,21961.886064443468,DDoS
101.8290924034484,337.39908232669796,314,1306,32344.44229913913,DDoS
63361.12930450641,300355.7252165647,471,24735,37286678529.89218,BENIGN
2452.5925894067823,37372.32018208069,722,104756,23266899.55191084,BENIGN
18682.426518445845,313162.31532906106,200,3386,133041704.69622454,BENIGN
18310.05753297806,304204.99435160175,200,3320,9379897.512101002,BENIGN
17737.84146042749,287706.4165547546,200,3236,8966982.011824192,BENIGN
18245.166099849743,296016.07189456915,200,3238,5528189.098260637,BENIGN
18531.777714010026,301122.60706164525,200,3246,5044573.066471762,BENIGN
17983.156253515728,290268.0066104728,200,3226,9476849.618810738,BENIGN
17397.986404588293,279387.0684650557,200,3212,3741929.3696778025,BENIGN
19226.819784854833,308310.28299087146,200,3206,5570327.381973542,BENIGN
10073.818749560967,165701.23935817726,200,3360,53187105.16210153,BENIGN
3537.264874032817,474.84598313115566,409,20651,20593814.101859003,BENIGN
3461.812145489165,779.3248192604344,232,16655,18509852.130099982,BENIGN
33463.37353420576,119374.51841649746,763,30749,44836160199.2538,BENIGN
6293.467559847776,118819.54814317283,392,13612,85841616.72533004,BENIGN
5570.088959406667,76691.34256439176,855,18592,104689732.44210772,BENIGN
112114.77802657489,12961712.10639428,301,27542,259002566544.021,BENIGN
1435.819349310205,27791.20356861043,434,238931,7251013.765955896,BENIGN
7.625275096640783,10598.851434138307,429,304003,1638.1821959849615,BENIGN
46.853285900196795,66811.79043276858,437,262432,17023.107408846616,BENIGN
17.696415465159212,27476.948879008978,444,303997,2697.663383686899,BENIGN
19.040885445923834,28962.27271100744,497,358663,3381.2076893464005,BENIGN
72.8920505019698,103625.41752974228,475,389954,11922.730118609468,BENIGN
46.21323661550849,59671.79025920195,687,579154,18148.0593108413,BENIGN
6.9966763760450545,7568.085624072064,382,198231,691.8886272892554,BENIGN
10.763928305655362,15505.494413844524,492,437763,619.8688928446913,BENIGN
2.4821456466626572,2637.837772576302,408,174291,25.239982671174655,BENIGN
10.326778410270961,13562.49107757026,460,301986,485.2804635471607,BENIGN
5.503364631429058,6379.754029997821,491,336765,146.92209277476692,BENIGN
14.024809513287801,19229.38387032484,506,429561,452.07741496703716,BENIGN
28.836611404649418,34315.678913601085,496,394776,4085.812735125733,BENIGN
26.59326257487203,619.2054344760372,339,62483,2162.5851569796273,BENIGN
18.5451650136322,12657.178855819155,494,317003,1533.1462340260432,BENIGN
6.330940860173727,8455.107758333315,346,106078,226.3861203747952,BENIGN
12.94333775545132,18165.75817300476,519,419311,637.6479470330931,BENIGN
1.1676199478973819,685.6187171647672,481,255570,2.2321381851544406,BENIGN
11.311592500237193,15744.617625445213,399,278724,607.6705161759969,BENIGN
5.373646037007354,6960.581957235122,617,476061,107.78081308389471,BENIGN
45.46867351236087,67046.0638938967,594,471149,16107.781451311927,BENIGN
4.730855543084696,5111.71181362022,484,301307,75.20923177520253,BENIGN
3.9677130912752885,5111.885883000811,371,166809,65.09050047741675,BENIGN
3.053029108216985,4363.170325808359,551,459596,29.05140879323186,BENIGN
2.309586912176322,2397.117238631123,376,170904,9.7157023078354,BENIGN
3.3799322297855587,3831.0093482981447,446,290331,17.1617345104884,BENIGN
4.373982732916002,5513.356411955894,650,534090,63.860154451523364,BENIGN
84.54370561311795,119154.97250056406,542,533940,20250.771896811715,BENIGN
28.969253926392163,10674.079941942722,454,264498,3976.0020021996597,BENIGN
0.8747859859911906,490.0981169539968,461,191428,4.2701587328406205,BENIGN
18.909143928919086,26291.441485297448,443,349651,1850.0013558611315,BENIGN
14.944253577531175,18992.590803380255,463,316271,1399.272896742596,BENIGN
29.69114782769464,37550.70303571849,556,468477,3777.0598060196116,BENIGN
43.587662363013585,59571.21703477793,490,358627,10150.950796006256,BENIGN
57.02741302766529,75729.80574241228,441,243998,30124.996481329228,BENIGN
30510.089411756984,984225.5379476675,446,338224,19648202269.139946,BENIGN
275054.67674496886,3245087.6596478056,246,12332,257963761876.8636,BENIGN
190296.12325340594,3662410.262898631,164,1343,194002609448.72437,BENIGN
8001.044890947442,36006.26934568467,226,1350,3199982940.6407084,DDoS
1819.0707115703221,8187.151542149202,224,1338,165285957.95478746,DDoS
1.3059545345649746,7.382238134954633,284,1520,0.1331841529534802,DDoS
1.2446294092931274,5.953412164457262,460,2102,0.09466379158265673,DDoS
0.8057297686663233,4.226660759597936,316,1648,0.2582086316788881,DDoS
0.4384131229695999,2.630478737817599,228,1368,0.0036951080527499575,DDoS
0.549061215486895,3.29436729292137,230,1380,0.0075838795996412064,DDoS
0.6672431442236838,4.003458865342102,223,1338,0.010827524820479049,DDoS
1.027754400877717,6.166526405266303,224,1344,0.03414665311438789,DDoS
1.6253446770499922,8.519042368150746,404,1928,0.38490050725997854,DDoS
0.8607460979155037,4.287562722067356,354,1760,0.2390742709339817,DDoS
0.44960859150737137,2.685441156657164,220,1314,0.009638301954352863,DDoS
0.6938109391584548,4.16286563495073,234,1404,0.016180940924446427,DDoS
1.1002809817740045,6.601685890644026,236,1416,0.052158590834253414,DDoS
1.8881430215761354,10.21781143691968,376,1840,0.4780449107350759,DDoS
0.6502596381795391,3.431569034920003,280,1518,0.28229869589087886,DDoS
0.510102791208159,3.060616747248955,220,1320,0.007517698460514088,DDoS
0.7933638075834902,4.760182845500941,220,1320,0.027190696370514605,DDoS
1.7452631398212142,10.471578838927284,229,1374,0.5458232211778636,DDoS
4.817640507510811,28.296334030506454,293,1572,210.64150376202375,DDoS
0.5374511749254948,3.224707049552969,226,1356,0.008508951034486654,DDoS
0.7586976636778343,4.552185982067005,222,1332,0.019012737568642163,DDoS
1.5188489014830708,9.113093408898425,228,1368,0.23375132923145736,DDoS
4.466297827994338,26.797786967966026,223,1338,148.50166696380663,DDoS
0.5026330288340952,3.0157981730045718,223,1338,0.0031339945917750137,DDoS
0.6732290576979213,4.039374346187528,215,1290,0.015126073755166471,DDoS
754.113225402005,3341.552486541119,387,1812,25013282.825021412,DDoS
1352.286369348825,4061.011709113863,543,2108,83100793.3883534,DDoS
3114.0258214504593,12942.454047063498,546,2082,257174754.52545208,DDoS
81.66289100425816,228.73857232059336,553,2110,44485.018000411714,DDoS
104.26198504996317,320.9455294675763,561,2200,42344.41156723067,DDoS
357.221281427712,1074.1558740818032,499,1922,6151273.064938279,DDoS
78.80893505313105,245.27302197001055,593,2410,27846.644812447576,DDoS
36.00585005440585,115.19632999394885,558,2170,6360.63342725214,DDoS
91.10046150362281,283.19646322085055,544,2074,21733.83499663755,DDoS
70.1187920240116,228.58983613672754,575,2344,10106.688275916327,DDoS
62.26910871548708,193.98506616498693,555,2164,12345.135011108458,DDoS
28.339885101688807,92.09737849068568,583,2308,2059.205879963148,DDoS
32.919493716176255,105.94731983808127,543,2062,3850.354573959695,DDoS
48.73892874258904,156.73107086595158,535,2098,3191.737257817557,DDoS
16.754898247454932,56.317541510475124,557,2236,1302.9255720831898,DDoS
65.57373874046544,212.15158832435284,509,1942,5879.741418367579,DDoS
118.86999253097058,379.4997352437203,527,1990,63512.76721854347,DDoS
59.057299312915546,181.90041724224443,494,1816,11415.643582159233,DDoS
82.67436991311556,259.7014463251875,497,1840,16731.9679669804,DDoS
82.98194223531137,267.6979167305372,505,1954,10722.092575346709,DDoS
51.59287336410165,161.48755271681165,554,2194,8614.395373473519,DDoS
75.82794109576601,237.19991772653412,526,2044,17431.869691787677,DDoS
13.539050151524277,45.741707118196445,515,1960,682.8143511245536,DDoS
37.655033644107085,131.20326260303872,529,2098,3711.237989148092,DDoS
45.26764214204319,138.51573615513243,526,1936,3918.637544206737,DDoS
29.2198970808942,85.83508491466345,523,2056,10502.037631431578,DDoS
57.63948176035292,184.3642540222091,558,2194,13254.772564675472,DDoS
6.8332575787784275,21.291002768911476,544,2140,186.71659012104328,DDoS
8.40426024034085,26.023594487445006,527,2026,206.15614172269548,DDoS
44.62443789816534,142.63381934311917,549,2170,4205.233572609465,DDoS
13.582104197022137,44.34034661486887,566,2272,820.0820818268712,DDoS
62.831375973018886,207.98284893991323,495,1852,7118.139135974801,DDoS
13.928385633802689,43.52054045974426,543,2200,2276.6207251593655,DDoS
7.324660851446375,24.12301502243085,575,2314,415.43428179506066,DDoS
68.39085999313203,217.33503857302847,527,1990,9341.428166624777,DDoS
7.705686029106452,23.396141563481613,568,2212,212.15555090013464,DDoS
7.683689092882262,24.434377655294607,536,2098,97.37758797942122,DDoS
4.936686504673471,15.87682079269161,569,2230,40.22447074138695,DDoS
43.03001459065711,144.96254627521765,532,2092,7103.274618969377,DDoS
3.685671835099456,11.587882876892293,553,2146,16.108637546572606,DDoS
13.882145298295292,43.34675746247499,552,2176,944.1572235740047,DDoS
16.878946167353185,54.503471893067555,565,2200,1071.2196131835772,DDoS
4.227063680577527,13.434681918766005,545,2134,23.326653940278188,DDoS
18.01187074863167,57.39619524632921,515,2002,1236.5955357458774,DDoS
16.771709104579585,52.06873919500758,546,2098,1188.0387257784012,DDoS
56.865561200620206,183.86192128359968,557,2272,16058.02067388068,DDoS
6.677890430761847,21.74708407100318,533,2098,225.67315185738727,DDoS
56.85558458841398,178.62855046654738,539,2068,10603.048125697896,DDoS
3.5315874596915897,11.178891514306006,563,2260,19.90583544612596,DDoS
24.42550109147001,81.01295429968435,412,1568,2820.7401478883153,DDoS
35.369740905305505,117.05371169676053,343,1316,6803.847087866901,DDoS
113.88430881608866,367.3500313828192,317,1346,24667.534282034725,DDoS
72.72802191061302,286.7570817480292,334,1300,16762.30057909004,DDoS
189.76714257505012,596.2981217157144,314,1304,41340.72869538313,DDoS
46.188170804756844,156.8138923162377,311,1328,14554.202076073861,DDoS
87.2969279017517,278.71869313360634,328,1388,11987.522666491186,DDoS
35.02037819614857,109.16049859055107,336,1350,8565.662241909507,DDoS
102.62772125679489,317.6908395439498,336,1366,14518.319377103999,DDoS
66.1547139320762,209.5022270296666,326,1308,8586.099607038286,DDoS
26.097142485282948,83.47394700984954,321,1316,2077.296353085752,DDoS
59.99265990162737,204.27095874628395,332,1294,5674.710558608546,DDoS
34.07574982876591,111.46247005044286,307,1286,2007.1814045781075,DDoS
51.60555388588597,204.6142007951751,336,1334,4657.577557413355,DDoS
125.91743767448594,500.74196778082506,308,1346,7174.246234387275,DDoS
80.64859606322584,275.0446345679038,330,1336,10933.947357383606,DDoS
51.79151606866551,167.19948967885273,331,1320,3723.1140255252267,DDoS
46.31194140748723,160.0982951241753,313,1322,8354.890552250017,DDoS
99.42982132016314,319.80733987598074,344,1324,11673.944271644843,DDoS
95.85376471747726,294.26826053231093,320,1322,31595.960068359338,DDoS
15.390317909118826,50.81261744590622,316,1296,810.1678603356161,DDoS
62.12722633425672,209.7428690129367,313,1314,4627.282262673998,DDoS
34.999273440445236,112.26286765494545,324,1290,3093.3046415118592,DDoS
45.01205638763414,141.69186515493482,325,1318,4680.518821526759,DDoS
77.41892789982245,261.456931828551,319,1292,9653.619943402804,DDoS
14.572115861652337,51.56345806633833,337,1284,492.19768130381254,DDoS
17.50595056017803,56.26771905089053,310,1314,572.9194299956971,DDoS
5.618775554938041,18.262388649159508,340,1316,18.908126384570927,DDoS
74.78477577033432,233.28815832647035,336,1284,7835.336124079821,DDoS
3.663565663624004,12.673436996417847,318,1352,12.205973000635337,DDoS
11.570098753507386,38.89782842717672,342,1354,612.08392791947,DDoS
70.56885477179765,216.24905590577222,358,1314,8198.8025643453,DDoS
22.567843298573397,73.61019826290166,331,1294,2853.1603189927455,DDoS
29.21833184047407,93.49992377954607,326,1336,2642.930504800752,DDoS
47.88335040984967,151.7593700933404,347,1324,9842.408125450103,DDoS
13.394321697591877,44.896358556583934,346,1348,213.55054542103508,DDoS
5.448010796334329,18.44542863936635,310,1310,26.245254394647127,DDoS
8.275115354064045,26.783027925025216,340,1322,48.07529999105433,DDoS
41.704141942484476,134.28514086356762,342,1342,8022.574875405784,DDoS
4.966684229210163,16.648612499255083,320,1318,21.524146072944024,DDoS
12.719651058283699,43.31831559894373,338,1316,573.2382832295865,DDoS
44.42907882731961,147.56143497819593,331,1314,9414.901029003435,DDoS
5.5801738437076605,20.242267997079477,322,1310,14.82429188464464,DDoS
53.37438337641388,180.23083445891197,336,1314,9926.260473763463,DDoS
42.74989016356829,225.04883419897538,338,1308,4026.6666226977673,DDoS
61.60786355751222,182.10828103189615,350,1328,10524.439442610339,DDoS
5.371441037647653,17.32199539312341,329,1310,26.4637960066122,DDoS
25.819599690251522,82.77582430435848,321,1288,2830.6365662302505,DDoS
97.4209091115079,314.31791385454164,316,1324,26870.498829025964,DDoS
5.448182314363082,18.34816016425707,309,1254,22.878288476033173,DDoS
34536.622087217314,200339.91752984587,289,1540,17268726848.509167,DDoS
231892.38626251466,9667343.10437008,425,21051,148901577038.67224,BENIGN
36892.56046460072,3611157.643064122,422,19205,16014211609.042595,BENIGN
218.79502075920152,5770.999089831701,114,2869,805200.6837659506,BENIGN
134.69698345783831,4193.424678736763,106,2839,322530.59266250866,BENIGN
11227.592733528001,90770.67911562171,365,185309,5030321229.765361,BENIGN
82.7075577705548,117549.0139426719,441,329205,19954.698861012803,BENIGN
220.02283032767278,311012.79109083576,404,406179,42886.68469642644,BENIGN
89.11026380993184,88952.46771049859,471,413132,31274.131314645972,BENIGN
70.0978614736301,103823.40535852713,467,523672,9990.294322117614,BENIGN
10.739928405657576,14084.954463497384,427,243272,827.3011988268121,BENIGN
19.433679328140524,26302.750383971572,404,334050,1619.6266150862664,BENIGN
73.74861056120069,103602.33493441425,573,501220,18192.592843814196,BENIGN
4.407993474530131,73.30835095890106,511,254981,195.56525997498355,BENIGN
29.624469511012638,28660.17725188792,565,445257,4996.750512938606,BENIGN
10.271514093823038,14254.71289754025,422,170279,845.8163020174175,BENIGN
31.548605313082998,43740.14437531853,530,405607,13760.90593159281,BENIGN
44.56843513827964,65351.91212296221,447,286265,8288.76169350134,BENIGN
20.586433541592463,27937.2404219488,479,268558,2448.202432784403,BENIGN
23.496586879156315,33518.66069143154,434,232338,2079.7987637611477,BENIGN
78.89518591161591,115811.46060709232,489,417275,22523.951750541903,BENIGN
3.9059837729761755,4059.988661901366,483,340169,20.00547087714282,BENIGN
8.961878924621603,12467.567992891618,416,262331,435.54200096695257,BENIGN
11.984803936860466,17110.607643745654,366,198207,1275.4793190718528,BENIGN
11.225421990599882,16248.993567850555,500,342241,1419.7844934790976,BENIGN
18.93839874205884,25986.21680914855,442,371478,1584.6343960053596,BENIGN
9.457808050077832,12990.700316838569,350,162648,1033.6028803650638,BENIGN
41.60185392815859,56497.39780755002,528,338152,9605.473352496067,BENIGN
16.61716043908811,20800.787529122448,408,272635,615.0141491380457,BENIGN
3.6438775734861717,4575.693614396318,450,314283,26.152819374352777,BENIGN
49.20767054872021,71034.36403266438,443,326479,17290.113403644307,BENIGN
3.220986054749249,3655.717012779242,428,262367,20.834340824886517,BENIGN
13.324129772701157,19581.24585376175,410,290319,965.7172518848557,BENIGN
4.71263606943487,5330.153117050266,475,348372,28.150492066470434,BENIGN
10.905486658755201,11571.184167739277,462,261016,1028.4368555190679,BENIGN
11.312346013290274,12771.999192442247,357,227498,1335.1355653467897,BENIGN
11.539876704174779,14429.832019736303,355,208463,808.7115957459886,BENIGN
11.511603925225398,14764.563373542565,497,357913,3669.656627215206,BENIGN
27321.86164948408,1523838.6448291186,439,274256,13622052508.351488,BENIGN
91027.2343198292,400825.77797200286,1514,57954,155991321387.07816,BENIGN
18108.40424595007,246551.47017857697,534,39969,2393052791.5869856,BENIGN
11018.564727993293,270921.0146872611,204,4470,117385840.98238169,BENIGN
11430.184640667845,227945.85857862624,200,3990,128876229.06678437,BENIGN
6213.318290295929,102454.92590211758,739,46434,111713349.55059496,BENIGN
10013.340082897126,60393.06969892206,863,42386,4999728320.749348,BENIGN
1414.6004205545507,8838.689552840338,1594,43971,40957561.591601536,BENIGN
1531.9857546803148,10196.913961939055,2310,71998,29469396.480635196,BENIGN
13359.039840322575,274171.45821516507,346,11414,137233923.2648457,BENIGN
12260.92956556542,248564.27504430583,200,3978,144139726.9512712,BENIGN
9584.806071638688,215194.5354131324,200,4312,117191701.29401101,BENIGN
45636.89617476425,318024.99885384744,806,41945,79799381930.5597,BENIGN
184417.88244473733,2801804.905614617,553,31240,192700007058.37747,BENIGN
210085.906441204,6562924.688920792,287,1412,132023051824.3418,BENIGN
1.8075752088339283,10.84545125300357,215,1290,0.563190853433322,DDoS
13.415213488388352,80.4912809303301,216,1296,993.4099722950568,DDoS
0.49346344745554177,2.96078068473325,223,1338,0.0040777903943668495,DDoS
0.6671750730872507,4.003050438523503,217,1302,0.012142626381248472,DDoS
1.141404439081769,6.848426634490615,224,1344,0.12096969712730792,DDoS
5.13809849319653,30.828590959179188,212,1272,26.41997502806124,DDoS
0.456267401453676,2.737604408722056,223,1338,0.0058680320647548495,DDoS
0.615513909146291,3.6930834548777467,228,1368,0.007729140974995966,DDoS
0.9300140208046657,5.580084124827993,226,1356,0.04440043908685818,DDoS
2.2948174545730424,13.768904727438255,230,1380,1.2636453377549337,DDoS
10.082201599775832,60.493209598654985,235,1410,1828.216985001648,DDoS
0.5800532225411374,3.4803193352468242,227,1362,0.007145860837447101,DDoS
0.882313702318776,5.293882213912656,234,1404,0.036817488609366775,DDoS
2.2741544604054527,13.644926762432718,221,1326,1.5715372363107358,DDoS
9.155476617039131,54.93285970223477,226,1356,335.6455521043656,DDoS
0.5245813366062562,3.147488019637537,226,1356,0.007581375465077005,DDoS
0.7204926671878681,4.32295600312721,219,1314,0.017316172605467407,DDoS
1.3315471119557236,7.989282671734341,225,1350,0.11357242632617574,DDoS
6.253305673352337,37.51983404011402,235,1410,302.58923123032537,DDoS
588.7262799061699,2355.8870912017255,222,1326,17300448.665473234,DDoS
597.615015994633,1794.6453198483944,222,1326,17820609.932148676,DDoS
0.9544925809320456,5.726955485592274,229,1374,0.06031363712035026,DDoS
2.446462419360556,14.678774516163333,236,1416,0.9043787996764753,DDoS
2.0495409223345598,8.819767608846455,471,2108,12.829731086443683,DDoS
40.44292400755678,121.66471038917739,543,2050,8140.179419383942,DDoS
4.701966368975971,14.484061393264483,537,2092,25.701890033997053,DDoS
57.65436724959542,183.77284543232713,528,2038,11013.314542322425,DDoS
81.3576202814762,260.5387863927859,514,1954,15683.304221321736,DDoS
54.69393091511281,181.0409098930149,561,2236,9679.451027489096,DDoS
24.440039992865124,80.42203941997741,547,2134,3262.911210332949,DDoS
1685.3167976075065,6694.37155641733,521,1964,131290601.08255455,DDoS
43.906727642155374,151.5737408218887,546,2170,14824.100491211448,DDoS
15.068332633614974,51.92076522894267,525,2068,1179.0539296639902,DDoS
1320.6579664616618,3970.6275849021476,565,2258,83173814.74267545,DDoS
3138.537437640596,14044.139135455049,497,1904,472999045.16065454,DDoS
21.536653310266228,72.55906162345879,534,2104,3825.1670319189957,DDoS
8.512639265265904,26.272086631897896,570,2302,485.5215480945994,DDoS
14.663376424455194,48.30132055693008,500,1900,746.7425456877744,DDoS
71.69127937984574,234.80515754121564,546,2194,16477.83392192622,DDoS
21.163139345869027,69.1717132142981,520,1984,1711.7915491564788,DDoS
8.663815431684736,27.790378057870324,551,2158,263.960783695401,DDoS
14.378081394688342,44.57842454567341,531,1954,936.0531292613238,DDoS
15.116895399579908,47.76878429177447,518,1996,1004.0888564073379,DDoS
5.875529695012374,18.42492423591113,567,2254,164.9571149037499,DDoS
20.492454636007064,67.35601605069247,479,1756,2501.882667969963,DDoS
19.2669363672064,60.125053984780514,555,2194,2957.5274158656357,DDoS
79.78646458608873,247.77121268866907,520,1996,21573.49759139281,DDoS
23.680187981129592,72.07527939048921,548,2092,2382.265251003344,DDoS
14.165513863614972,41.27517822687797,512,1852,649.0123644626481,DDoS
5.193995481196494,16.368035047649247,552,2182,49.37859885220289,DDoS
13.346325285175423,41.45948748450428,503,1894,1115.2150428653922,DDoS
5.762711601132995,17.66286927355524,545,2080,44.04984624067757,DDoS
5.7036884621591435,17.802130832480973,550,2200,60.818936670484234,DDoS
24.20095443167925,78.31848829746805,504,1912,1598.7049100897375,DDoS
5.721941846247424,17.38729467312863,541,2056,60.264531923193836,DDoS
6.327640909153161,21.133604101545735,549,2176,82.50649976626822,DDoS
17.12078892878913,55.115230448109706,547,2128,966.5781331791703,DDoS
13.939660221459782,44.37450625352696,527,2044,772.4607008135057,DDoS
7.00353418849731,21.461703568275897,579,2308,129.1373054707696,DDoS
7.009393154332752,22.161392328791127,544,2152,116.17878564777136,DDoS
6.988486857063065,22.57577053613574,526,1972,79.40130789817692,DDoS
7.15990537947198,21.747944310218692,550,2092,79.19040004879152,DDoS
31.238899314462056,94.73269738113966,547,2170,7732.115660707755,DDoS
10005.350432363595,40017.142109065935,519,2000,4999890839.497482,DDoS
152.1849586268237,507.4113171325935,503,1900,60874.613313971924,DDoS
9.29907680808569,30.79971821573059,540,2146,320.4457286441041,DDoS
18.24594520037927,57.81830554760756,535,2056,751.3469025012333,DDoS
61.54135332625844,197.24741948668006,487,1804,19852.609622877135,DDoS
7.6114621617440426,24.99107152422807,546,2176,203.92128043009401,DDoS
11.006024497968808,35.27238033803533,532,2086,328.20083272700623,DDoS
16.250385681909535,53.41642204035142,486,1822,1200.6183823869237,DDoS
13.60573521004637,44.55353326385185,523,2044,2465.515419117455,DDoS
8.349755401183321,27.59678293759623,378,1520,92.949649407692,DDoS
30.598162768990022,103.33851618932277,294,1312,8242.803012792152,DDoS
40.615336589812316,121.1481933484019,325,1328,7861.166309102667,DDoS
35.31253276946561,115.86087688449621,322,1292,8036.842099741409,DDoS
29.750074428015235,88.44519068537383,323,1300,4418.230920626781,DDoS
77.29679925572832,255.26105853449448,337,1312,15248.805261805504,DDoS
74.94749815425052,278.90002462197185,338,1336,12946.552301127325,DDoS
30.712156695189233,103.32065047523824,320,1352,2741.053527427959,DDoS
24.018222378538596,76.05246822223867,334,1334,4576.272530963149,DDoS
62.75966426962843,206.78736014928884,305,1298,10473.87557650421,DDoS
72.92400341732818,228.19697866126782,338,1294,17924.030584284745,DDoS
23.48920141944071,78.94710850113111,318,1328,2018.382877971132,DDoS
70.69955637949785,235.44507536495465,331,1306,11719.8463720623,DDoS
8.686542040812878,30.910105813312548,316,1278,457.75381172952495,DDoS
76.16095890313161,251.3008392664711,317,1278,10921.501748976314,DDoS
10.363874952864533,33.492851702099045,352,1300,103.04436169230317,DDoS
11.834072723331685,42.879758389673704,320,1296,349.1023626689746,DDoS
82.8647739157132,420.7265553830756,341,1306,23620.59194113237,DDoS
82.08642466138863,275.35770148550796,310,1334,14530.908591389833,DDoS
32.25344511422418,99.65870871178186,350,1358,2820.7695314281596,DDoS
5.878168083381902,18.912272390719846,323,1346,98.28919555124551,DDoS
20.069823312461967,68.39086805046908,332,1344,1314.8226232026293,DDoS
4.747806648431103,16.20275697482757,314,1328,17.7680427401535,DDoS
21.24828106978209,71.53262677071093,337,1332,1376.9085555227011,DDoS
13.409270073946468,41.97991704152521,327,1298,711.8401447969027,DDoS
44.49730844104948,149.30758442148272,321,1354,9033.915871069023,DDoS
41.56862144866874,126.11745402984971,346,1366,7498.755050575268,DDoS
61.320460374736356,189.35025140183126,350,1314,19701.058353718236,DDoS
42.05462121814042,170.9734548593013,326,1292,2285.942048575702,DDoS
12.904158272458437,40.637695140819936,317,1312,1013.091781153072,DDoS
14.142998392263616,41.995626840690484,345,1322,777.768112985543,DDoS
4.1223477823972345,14.116250085962397,310,1316,15.943384591697994,DDoS
14.575548497727354,49.944175796036745,323,1322,1204.324137346974,DDoS
14.453864313615208,43.76473906788897,336,1274,1963.7687357938441,DDoS
8.47730982131073,27.416201053227415,324,1320,81.07700131781604,DDoS
24.84416780186134,78.70903800147047,329,1300,1738.0326287522232,DDoS
28.703499211716718,101.43939030290973,310,1308,1936.1967200066629,DDoS
13.810304297983118,47.988463045074894,300,1260,762.4182762539061,DDoS
15.802468271436663,56.96208360798732,313,1282,677.5217846679476,DDoS
20.994860341557036,68.61941528735584,326,1312,795.3041254315303,DDoS
9.344327959485645,29.841931177774786,334,1306,156.72994625853516,DDoS
13.901271588639792,44.60471705512873,330,1344,527.2324993267578,DDoS
7.887945595279737,26.583765912685966,324,1312,124.50100025056302,DDoS
10.450911757652696,34.60469140399569,315,1328,153.64996246677015,DDoS
5.6391444726725055,18.87646305004629,330,1328,33.14679442685508,DDoS
13.346326136900284,44.181276366438134,320,1358,242.3453039807015,DDoS
28.798677837567322,95.3737387829167,336,1312,3739.9370409904222,DDoS
6.670749294402748,24.10462229434287,306,1286,38.107529596467984,DDoS
68.19913094084994,211.25157729255807,332,1296,14119.516358410345,DDoS
6.539020771993661,23.628185662347388,334,1322,20.752698934459215,DDoS
24.244911840506624,78.28022224859009,330,1326,902.5992421498705,DDoS
38.503573599954095,119.93369485125123,348,1300,6419.623545019318,DDoS
6.661668460868749,20.527514177769916,329,1358,133.53192539531855,DDoS
14.263928525123863,47.427467444659996,321,1340,478.76831230924046,DDoS
14.378084335318986,43.913526038980315,332,1320,1636.5115342998777,DDoS
10.367436277774354,33.472651041011424,325,1346,268.4876773923411,DDoS
19.570319914750684,64.31724272490047,369,1304,1906.090767705141,DDoS
103840.38780941853,339292.1474829327,399,20089,101601295896.81282,BENIGN
3199.963696199127,44985.894166799895,734,110170,44158974.33240672,BENIGN
16870.52243635731,291152.7249304943,200,3458,55713707.360899724,BENIGN
19087.8244869519,315192.0645591109,200,3298,10543869.625672514,BENIGN
17650.23231481807,282403.939397669,200,3202,13353791.877317898,BENIGN
17577.096854209638,281233.7409057664,200,3202,9795627.057556357,BENIGN
17680.273453955826,283062.94669186464,200,3202,4369926.027216984,BENIGN
19115.019334827815,310565.2826729807,200,3240,8433963.804335672,BENIGN
16495.864480508073,271519.18498563947,200,3296,39575394.579147436,BENIGN
11026.206278208292,182799.14894766282,409,13405,75833518.84322265,BENIGN
3637.5377711618644,689.1585947849942,234,16340,19281724.797454767,BENIGN
2964.278025506557,623.9647329750417,473,22047,15568647.657289201,BENIGN
3688.6062067185935,32077.226923621143,1239,59584,96455383.45134291,BENIGN
9680.834070210203,182424.18007826383,242,5092,129518935.3788044,BENIGN
8076.901790343602,152373.2868911831,232,4614,90028880.9134171,BENIGN
4910.520284768077,60406.10737033089,602,19741,117891295.3184209,BENIGN
21408.871762862495,2297233.063094131,219,7806,10171681113.049133,BENIGN
313.49390430922625,7272.570594203804,106,2498,826594.2240443503,BENIGN
21546.67068443293,2296948.4179596086,391,182224,6319271872.872655,BENIGN
4.727640820918782,5755.823300370191,471,417912,16.5973216555967,BENIGN
8.310902708713531,10349.034419932563,477,296557,891.7710261762842,BENIGN
51.26393600605788,36064.39148017792,437,239879,4852.518013150516,BENIGN
66.84700420152492,95526.23163064913,506,477982,20257.122524238242,BENIGN
47.41647153975373,69149.02719050749,480,339503,11952.127100860442,BENIGN
65.43522683771899,93448.31854651736,444,383067,11339.272727306326,BENIGN
24.849113436325098,39024.69197941687,429,284212,3416.2922455867715,BENIGN
2.6807018941945806,51.99645122485189,364,76787,5.100311460363964,BENIGN
17.164818917407697,25322.880833977197,500,452739,1002.4397107089718,BENIGN
62.14819040115131,84998.00972406169,390,215909,20498.679394601884,BENIGN
5.206629240310388,5917.767179323627,468,276694,547.3000912412872,BENIGN
5.182486555337092,6855.788088672351,492,339473,297.95468647377896,BENIGN
8.633684586277239,10648.861635847441,465,305991,557.632064724355,BENIGN
35.380346383411926,44178.72813933796,511,370823,5943.03358638608,BENIGN
24.260292594560127,36996.864858127024,480,268474,6743.959572163588,BENIGN
15.554005267729677,19925.69208958473,446,299938,1552.5921672534676,BENIGN
7.641383303082613,7722.3263311633955,543,409739,310.7197919555956,BENIGN
3.4566398414354422,4077.1702089559562,393,214576,27.893653654544796,BENIGN
4.543642409210303,5627.553708806838,483,338104,45.224284599625726,BENIGN
2.1915687856888395,1262.3728151149244,458,237844,5.543631357496238,BENIGN
41.963394812288705,48120.98712917606,545,430960,4213.0278026131455,BENIGN
38.42068614860284,40501.48307828343,475,409091,1984.8568405507556,BENIGN
8.784477747285038,11761.357562605508,445,318991,236.89297497799794,BENIGN
5.66109463289039,7905.279552373744,391,314842,35.28507856937245,BENIGN
3.702117795286191,4783.440148237523,515,353866,42.340836114998325,BENIGN
2.9216081613160747,2490.731603832109,441,226249,20.595904505735994,BENIGN
70.18588665616008,98907.28594322196,394,233653,18174.909178758222,BENIGN
2.243750474473772,2004.7836629767805,449,278796,6.96446943651432,BENIGN
14.634498030695958,19955.258350803502,614,471639,4840.169571387474,BENIGN
0.6798407353347158,41.01923977825174,315,16728,0.041322039167434,BENIGN
26.03449898459896,38413.709346920725,475,366794,5766.817837880691,BENIGN
4.83120954489828,5493.106245085809,526,297272,222.03474094912627,BENIGN
28.309701187101982,39069.49204591435,457,281498,7167.469658354868,BENIGN
11444.620217097268,293510.1244628674,367,43653,292613347.47491837,BENIGN
182875.10671026597,2535125.044756153,271,9852,134407935718.89174,BENIGN
18657.230591482206,185947.2726990839,214,1380,11297513246.094587,DDoS
0.5873963078008044,3.524377846804827,218,1308,0.007856069798444942,DDoS
0.9703093635661311,5.821856181396786,224,1344,0.038479120022771894,DDoS
38.210674985015,229.26404991008997,227,1362,5118.8787843157625,DDoS
0.43730120629342123,2.623807237760528,239,1434,0.00867376544339684,DDoS
0.5911570462188533,3.54694227731312,237,1422,0.006178851959098311,DDoS
0.9114664887011728,5.468798932207036,233,1398,0.05809202327843656,DDoS
11.48997258465231,68.93983550791386,224,1344,506.6993247617376,DDoS
1542.213041566384,4637.881723052886,212,1260,118331698.01734497,DDoS
0.5378153708567663,3.226892225140598,223,1338,0.006245827818597375,DDoS
0.7246897281386776,4.348138368832067,224,1344,0.012575929153291131,DDoS
1.3872844358641783,8.323706615185067,224,1344,0.23296517686540097,DDoS
37.122799209917915,222.7367952595075,225,1350,7014.874068845215,DDoS
0.5571494596838162,3.3428967581028983,222,1332,0.011957212713919812,DDoS
0.7745306662267168,4.647183997360301,227,1362,0.02080322678058916,DDoS
1.5011881266508837,9.007128759905303,227,1362,0.25103759162569056,DDoS
18.73415979881985,112.40495879291906,224,1344,2446.0103687137666,DDoS
0.46934959160275447,2.816097549616527,222,1332,0.0063415427618694455,DDoS
0.6520300624623416,3.9121803747740507,225,1350,0.011078110652557092,DDoS
0.933758872505158,5.602553235030948,219,1314,0.05901100840902692,DDoS
10.04672205206717,60.280332312403004,235,1410,117.26437693703897,DDoS
0.4146617649188573,2.4492082721685393,300,1620,0.02131741397583097,DDoS
4.6427222758420665,15.157575329933927,544,2152,27.863080735035258,DDoS
7.760427991853933,25.863906109977435,510,1984,73.99931531461547,DDoS
6.235009783927754,20.295812874513878,548,2164,56.89866194007572,DDoS
7.589690180579757,24.889266477351658,512,1972,55.28961616019301,DDoS
10.521320080082738,32.682542908415996,537,2050,273.59216926017746,DDoS
12.297857112432048,38.16612281286356,501,1822,265.1915101597478,DDoS
6.569678135950618,21.368729804375644,535,2062,88.52356149163128,DDoS
5.156909144733592,17.33324796077539,539,2134,46.754630365100994,DDoS
38.676374789271364,124.10837934352924,503,1870,19904.86343055368,DDoS
3.2355066889606063,10.505810988828792,568,2272,19.702641421859575,DDoS
71.53898375016982,246.19708874355368,527,2074,16784.394594635753,DDoS
31.010871163581598,91.31161764073588,560,2176,11168.862309837148,DDoS
24.030131222086297,73.09519410207683,518,1954,4098.038989043142,DDoS
7.661212366594012,23.666937941056627,533,2044,91.0456812876993,DDoS
26.04903338367181,81.4673864968113,517,2032,2946.700778501124,DDoS
8.47515887313437,27.401387728858627,504,1936,118.13852092133483,DDoS
7.844919844132082,25.69642068143639,533,2092,147.3583422738073,DDoS
49.46037230407687,156.95437797573243,571,2200,8551.386351546667,DDoS
3.440528902249601,11.174943907707057,545,2158,35.23853501256125,DDoS
4.579331590894827,15.446945944657978,564,2266,60.81715585202618,DDoS
8.737320252923466,27.38193535827581,553,2140,217.29478145737966,DDoS
39.10056581278589,122.48218532057965,495,1804,7526.383886612314,DDoS
7.334792107907044,22.76946256419452,519,1906,42.87617137764542,DDoS
17.44134992148918,56.0845534269537,547,2140,2692.20078819476,DDoS
6.262352655534942,20.139638110882196,511,1972,34.58053547326321,DDoS
6.361933591692358,20.241397201398534,539,2098,47.659749057813016,DDoS
12.565414170951769,43.77468713918931,518,1942,1116.088166822219,DDoS
55.133731379497846,174.04374108719236,514,1894,15337.318037672789,DDoS
26.69076520427855,79.9319712038691,544,2086,6411.161077302179,DDoS
8.57960276280832,27.757265269516182,514,1966,96.40418310843931,DDoS
65.08955991395347,222.47234611460854,500,1930,14939.377142340769,DDoS
16.538471356961324,50.19092720937217,493,1858,1518.428091133165,DDoS
15.515777778118455,45.28245592234955,548,2164,1871.2197804150503,DDoS
23.621785331755245,68.24904812907003,546,2122,3032.659429708273,DDoS
4.7481117420622,15.475821557284371,514,2062,37.103641835632175,DDoS
99.79947175174804,316.61210412793906,523,2020,20402.6676317945,DDoS
11.550147757435498,37.58966463887483,537,2062,858.6506022647374,DDoS
26.64200136441171,90.19052167106855,582,2332,3489.2907521615575,DDoS
54.544021889223295,172.59259106000977,510,1960,5300.471165113289,DDoS
45.784074166192184,150.7597729765881,498,1870,3597.9278858380094,DDoS
111.57000877614841,364.3975002036002,508,1918,17004.5788994182,DDoS
69.47701614154329,222.94404124793905,493,1840,11155.12565015462,DDoS
25.70280227367592,79.705958167621,545,2098,7894.673295069278,DDoS
71.0581670714169,226.55264176447284,526,1972,11162.836983105464,DDoS
35.4909413116013,120.83767278409591,521,2014,4010.403298686063,DDoS
19.907872382719564,64.74549433849288,547,2104,524.3224838815127,DDoS
36088.04089833998,150053.9838138292,470,1784,20621565027.759068,DDoS
8.300721430817818,26.935402557777394,362,1468,198.14831196162206,DDoS
6.457056944417767,24.191295102823332,321,1294,13.561339164526293,DDoS
12.502388998405536,46.538303557558855,331,1320,80.12916333505265,DDoS
9.862189305597752,32.38254239472128,339,1324,62.02229195228059,DDoS
9.871291526677297,30.904563341755438,351,1318,73.14277473552963,DDoS
7.895084685575269,25.262701507316965,335,1330,86.54040473967763,DDoS
6.591726919076304,21.79240879381039,332,1332,41.223730810537035,DDoS
5.2642755020939225,17.872011405339983,317,1324,22.31267548590148,DDoS
13.120417533500845,42.135908203467395,352,1322,199.68154189010167,DDoS
41.201715099646066,134.79566174518484,342,1332,8007.808771232268,DDoS
39.38202485040585,129.27936056665538,321,1340,7791.694730164979,DDoS
28.5174198421603,97.03004697946382,343,1298,6537.799596912953,DDoS
7.128876176300784,30.972650249817043,303,1298,16.50489705030715,DDoS
65.69390285075927,258.08919088739907,334,1306,7216.980418704179,DDoS
58.732032428285244,201.67578907949868,339,1320,8134.442036857222,DDoS
16.620469289659457,54.73161430954426,338,1340,938.0681500331159,DDoS
12.309424114921352,41.50990412411742,346,1290,189.09151521849898,DDoS
13.568055368678271,43.72624313569918,338,1318,677.8477940648537,DDoS
22.517109395645406,73.33023707628521,327,1300,2079.941075827497,DDoS
9.695448999518199,31.09824331801894,335,1328,682.9598485608557,DDoS
114.42109376211032,385.13164013904645,305,1318,22115.73685811042,DDoS
6.145382120403467,21.41612354678601,338,1336,38.17616690933864,DDoS
2907.9433992208446,11599.584303297052,312,1300,407874889.0310113,DDoS
12.61787692309017,52.93114766202375,315,1290,668.1997334344321,DDoS
85.61901332563723,336.8297241537358,338,1298,8513.749177552276,DDoS
30.241204907980876,97.1153010508273,332,1326,6522.839979744303,DDoS
11.291847833010705,38.37726127571633,338,1360,697.603944250265,DDoS
7.128702598488274,24.130376649326653,338,1338,26.117713681513898,DDoS
5.832985725440136,19.244131967649672,323,1336,34.152470416184,DDoS
25.36813554256425,81.41920140984547,323,1322,5371.271927074629,DDoS
6.0666181120879505,20.10964929355689,326,1304,27.802638055110958,DDoS
37.8101256842322,115.0276049703424,353,1338,9836.767491970159,DDoS
28.39459315831628,99.11989094175857,333,1326,6391.419379695405,DDoS
25.659616291834663,84.31598028908782,339,1320,3018.141793810415,DDoS
24.20047943396228,131.9428192869158,323,1322,1198.2964090413286,DDoS
162.82108836565806,623.7560703044661,331,1318,33874.56522653061,DDoS
36.75063671889282,113.73347075816162,333,1326,5297.747878226563,DDoS
4.4971668751271885,14.743080946212126,317,1332,26.594288822175518,DDoS
22.068790626428452,75.43880650691109,333,1322,2328.5651164569126,DDoS
6.415115187104445,21.690688007886582,324,1338,40.38407889101315,DDoS
5.969105186099123,20.263786066453974,326,1330,34.394533652071466,DDoS
21.94387378737879,69.43234631658962,329,1312,2324.597291486861,DDoS
153.41838173723116,494.1667779843086,338,1356,61405.66854572209,DDoS
13.94071576899526,46.99522954287324,334,1324,714.7805216846799,DDoS
56.059429847222056,185.61509181233708,333,1298,7457.0076697935465,DDoS
49.33552286002406,160.5698169825109,350,1314,5745.177090126727,DDoS
70.83293294671886,306.0892941670018,346,1310,4627.925309053592,DDoS
134.86004200937546,416.7745127431834,340,1302,24916.28335549465,DDoS
13.497054436457576,44.90546826196173,321,1308,1132.2775303767176,DDoS
60.473467416234364,202.1283053953381,308,1286,6880.828295324444,DDoS
1439.0531183925968,6464.473540638298,308,1278,102011011.75109452,DDoS
51.96682985109675,175.84654746191242,319,1334,6307.274643761176,DDoS
55.66295220354286,178.047885284826,337,1300,6625.198585675446,DDoS
36.829738571787104,126.60445644762862,312,1300,3805.6794002914407,DDoS
12.423340840124741,42.8679007734917,313,1322,575.1263881697321,DDoS
19.095097444631914,63.73680387753682,318,1334,414.8094143783565,DDoS
136809.083190762,698472.0771419806,232,1034,58022209438.53162,BENIGN
105640.00271290739,6842821.736598943,498,40991,62553624285.786385,BENIGN
91979.87380572816,15664024.20219258,653,113085,102568718887.54947,BENIGN
5.418480727175098,6533.535079947838,469,356574,44.25315379922479,BENIGN
6.277535076343939,4341.226072636866,461,234457,108.5032725656237,BENIGN
0.9227512836063785,325.30752589881826,386,97239,1.4689963905797627,BENIGN
2.754445279382276,3124.6193231119246,500,338170,19.37794667031871,BENIGN
5.505529088156599,7022.554163717056,518,404371,78.25396090393768,BENIGN
51.38398249785355,73550.97281575733,373,230254,25205.93890901976,BENIGN
1.4408136389419461,1187.4939018853233,503,281564,3.884765119141468,BENIGN
26.71090717947303,35766.15595062277,453,284236,4431.2346818602055,BENIGN
18.89934551938836,26911.645132280824,542,580344,1682.4739757357124,BENIGN
6.696207946811241,20.90763616836864,349,37847,91.94829794294843,BENIGN
3.4130841263414866,4650.389792661366,562,420728,30.462539438239958,BENIGN
7.78185376850523,10615.332212006995,340,197511,105.92562497423401,BENIGN
1.5737180431883986,1363.541081552644,502,268504,15.325843380914488,BENIGN
9.054695488944285,12499.55615924194,454,394704,127.96235366695775,BENIGN
1.8040183035769977,98.3562533235708,414,144339,2.4656658946487915,BENIGN
127.65341248859677,150515.71692288716,480,355175,34504.79935672532,BENIGN
60.08764621080272,71576.54897112082,366,286241,5337.5542558318575,BENIGN
37.15723152045463,49423.103810735316,499,338854,7567.771209690904,BENIGN
3.2990714783831168,1587.5935394547828,459,228981,37.97932124903801,BENIGN
10.557851624133367,14767.027812443548,419,362669,954.9429333337615,BENIGN
2.2895392035820366,2331.080159647559,468,262427,15.925669683545548,BENIGN
2.2902823052745074,1415.0871982225112,495,267159,8.489862826311219,BENIGN
8.660563746720726,7947.817706263891,454,278748,978.3232056677303,BENIGN
2.4612682687100005,2378.325603927803,444,233677,14.439414768831806,BENIGN
3.4983664504555954,3802.2149130963357,452,291724,16.024637286227847,BENIGN
22.249966143504203,34013.2238697824,618,488857,5526.578793096735,BENIGN
0.5159373438818583,59.462999399927874,458,181250,0.14208840301573605,BENIGN
9.189520781791781,12993.5365426509,472,406299,822.8668867966082,BENIGN
6.484363874564638,8702.311545002087,439,313587,154.0207848005339,BENIGN
7.6453870463598514,9118.230807155725,405,249427,191.55805069069186,BENIGN
36.583123691090115,4177.211149218554,505,316307,2341.3104480032853,BENIGN
5.557174187697659,7760.628806448878,436,302687,305.45658646040874,BENIGN
9.886708004685408,14856.310542772922,423,362008,957.1720618434368,BENIGN
6.8270898728032625,7594.1201658418695,411,238516,455.5880462391208,BENIGN
0.5063951762982137,96.33005357289444,506,263153,0.12489503531162331,BENIGN
17.40949720226281,25924.099151988812,564,385895,4548.304893947896,BENIGN
10.09346455643935,13714.568645915519,483,307402,763.9422834572085,BENIGN
38.48583825298926,54668.462023265325,356,232260,6632.113767127061,BENIGN
6.799947292920337,93.38329585161623,541,301307,150.24752911956108,BENIGN
14.165600658742674,16249.29096976329,504,376371,918.4005167069118,BENIGN
32361.279988730857,276908.53606075456,322,20145,10966779772.20913,BENIGN
26416.76590898946,332437.1540716263,305,10490,2767504754.1194067,BENIGN
92429.0850730055,394386.75923984824,120,769,30670548001.886707,BENIGN
16276.271880703656,421664.0415406322,221,1410,11266127499.765144,DDoS
1.0207629628342894,6.124577777005735,219,1314,0.07257817254772687,DDoS
14.964947062296622,89.78968237377973,230,1380,556.6555611154109,DDoS
7.816765041019501,46.90059024611699,217,1302,500.91911538970703,DDoS
0.6432001105878183,3.85920066352691,229,1374,0.00983887906538243,DDoS
0.858944556566059,5.153667339396353,217,1302,0.03079265101295453,DDoS
1.9589117563575003,11.753470538145002,226,1356,0.44870518110250524,DDoS
16.772217138317803,100.63330282990682,232,1392,1313.8923342452474,DDoS
0.5249904590834783,3.14994275450087,222,1332,0.008073571090573101,DDoS
0.7094998628801146,4.2569991772806866,220,1320,0.014591655999595405,DDoS
1.3580100857696658,8.148060514617995,218,1308,0.2506410133358637,DDoS
1.7849261978038446,10.70955718682307,221,1326,2.0247400170470793,DDoS
0.46577577963210215,2.7946546777926127,230,1380,0.005665512151124033,DDoS
0.6248985848608156,3.7493915091648944,225,1350,0.012132312734399853,DDoS
0.866947264558071,5.201683587348426,221,1326,0.031219671279489634,DDoS
1.9295813539805633,11.577488123883379,224,1344,0.5813243235337625,DDoS
43.30730710637971,259.8438426382782,226,1356,5124.230991963524,DDoS
0.4838789700574027,2.9032738203444164,220,1320,0.005281243193403959,DDoS
0.7346443574972896,4.407866144983737,229,1374,0.01767683064602172,DDoS
1.4388068948200012,8.632841368920005,233,1398,0.21089123939657203,DDoS
4.468180074688779,26.809080448132672,229,1374,29.07072618124257,DDoS
0.3707119807123221,2.2242718842739335,216,1296,0.0015402583400036252,DDoS
933.939550968865,3728.5265319840814,429,1910,42583772.160150476,DDoS
14.471272268927459,47.223946471158094,527,1996,286.6455848853018,DDoS
49.10574030421216,153.96935593518518,526,2026,7596.953998388857,DDoS
28.778138886157993,93.27399355347266,518,2026,4219.051878648559,DDoS
12.308226586962144,41.18392357628605,550,2170,1860.97496791485,DDoS
43.3927475156976,147.22583186807705,520,2056,5287.484189551629,DDoS
61.56237781705685,199.17470221687014,556,2212,12156.278579275253,DDoS
35.214750769242016,113.72503509009381,544,2116,13100.1601067901,DDoS
114.45638048507601,359.379658687153,515,1978,29354.93964693587,DDoS
106.31281738423735,343.42009015305194,532,2026,25790.569463651937,DDoS
34.77328214225705,111.29036484380262,524,1978,3615.6902475645393,DDoS
45.551544058392885,142.64018246645392,556,2194,3867.761599205012,DDoS
34.523034156151965,108.29087465445888,484,1774,2374.3704340887243,DDoS
4.148476182219357,13.26557272363593,532,2044,20.10330728960844,DDoS
19.606039594366266,64.19944899260241,532,2056,1531.9816284730682,DDoS
170.70335421925407,547.2743912514966,500,1846,73388.49215849511,DDoS
35.20869982829024,111.93736325605714,570,2242,6795.062575228453,DDoS
58.01180305318702,185.59976624969966,534,2092,30297.996387964584,DDoS
123.88975107130086,407.39891760464263,489,1870,40683.979192699735,DDoS
28.51914677607811,92.46184582603713,530,2038,4761.2989527641275,DDoS
45.155608074201325,151.82305679349327,516,2050,11863.438159341802,DDoS
42.46550375857338,131.5349787938854,525,1990,5147.826980082005,DDoS
26.27979002116888,87.9953677941708,563,2206,5243.516108597627,DDoS
34.8408866348825,112.19231513101508,524,1990,7782.02365154914,DDoS
19.836079384355493,67.56939316957693,543,2116,1112.7049127323528,DDoS
8.55056357262705,26.938432090553636,505,1924,245.89400208613856,DDoS
5.9934839747069795,19.906503815840487,520,2026,45.250215866392864,DDoS
16.305951895949992,54.61778764131115,552,2152,926.5294971479962,DDoS
7.977134358325276,26.367934484309945,524,2002,251.68651560659285,DDoS
37.485201788782945,120.95544097845506,533,2032,4400.989450069381,DDoS
657.359958330662,2624.4285337414794,555,2168,21259688.689227417,DDoS
8.976176153356061,28.96884859446394,534,1972,85.0382377655485,DDoS
4.4834062400828705,14.393827432886098,553,2212,35.63381643087483,DDoS
7.482845288564566,22.61636147237215,537,1984,97.03865704205843,DDoS
14.958520014552,48.769088833346785,560,2200,733.691965564269,DDoS
30.783824011974374,98.71488140092114,506,1864,5006.294123186732,DDoS
5.474135461380391,17.8011701345191,539,2104,42.45802540370617,DDoS
23.706532921591485,73.04242727739128,523,1960,3928.824402216855,DDoS
10.682623939395295,32.98976692557831,508,1906,214.9335796588211,DDoS
53.492330651996326,172.60038502178497,552,2122,8810.068651908507,DDoS
13.192608523550582,42.19310839162459,509,1906,320.3425399727249,DDoS
56.42599583931356,173.78585144386358,525,2020,9801.468579229875,DDoS
65.13258853768244,202.96343854216022,531,2026,12458.242098261206,DDoS
9.174542231405567,29.44468915001752,511,1930,197.4093009461396,DDoS
86.97815130656608,262.07833889031014,533,1972,13266.805350575813,DDoS
6.620915914772783,20.75698526502245,515,1936,72.79347162622682,DDoS
16.91746349959546,57.78266233477208,534,2068,1125.8154588055072,DDoS
33.15482729731334,107.15459155878386,533,2050,2752.697971439344,DDoS
6.626350641528685,21.586464346793232,487,1824,34.495542797368955,DDoS
23.28156543531669,81.62944618798865,305,1338,570.4983852039071,DDoS
30.31094537781187,99.60295502858729,344,1318,2653.110769225233,DDoS
51.91718297892366,166.30319058858055,341,1310,7739.861503555928,DDoS
40.1568722001746,128.2678773615202,328,1282,4661.184942655798,DDoS
4.5449739157604,15.029092682823132,329,1322,15.286028052440239,DDoS
49.789686083342175,165.36337604444077,327,1308,4872.234092182861,DDoS
15.384497200422864,46.430037175220434,329,1300,1374.7219815103867,DDoS
120.01313064074752,390.7986375089068,323,1322,23015.09147326602,DDoS
31.86791786993117,96.44624864457208,338,1306,5643.925125044774,DDoS
69.12763991832261,221.97583476672506,309,1292,18673.463697695785,DDoS
67.87321527402605,220.98086608504582,334,1284,11052.405395141575,DDoS
40.912108318601305,159.0153506065312,334,1314,8252.387722116908,DDoS
63.50140155309084,195.4680613669062,338,1312,5335.158946431968,DDoS
4.804933387411029,15.966653115123398,323,1304,18.471601782406957,DDoS
45.96126063158184,143.83561286763427,338,1316,4845.7447374344265,DDoS
22.719233691072578,78.46562937311934,326,1316,1027.1090674419704,DDoS
25.95830978992573,79.81457453160179,330,1330,4376.106651482394,DDoS
72.70270694347701,224.6585699839959,337,1314,10054.75100703187,DDoS
86.27129460614523,286.1488446552883,324,1320,38531.09917097434,DDoS
127.44520022094734,403.4381801419253,336,1288,36328.707651197285,DDoS
5.363393978806963,20.6676169136253,328,1330,9.116770993896694,DDoS
132.10181953355612,461.0931064475868,335,1324,34602.129825862336,DDoS
8.870198183593473,27.928325135068857,359,1318,50.30093392369335,DDoS
78.82747451917601,248.0410994591346,320,1306,12415.891005350628,DDoS
30.127218962887074,99.03064809118104,321,1280,4289.506860580099,DDoS
48.6665164717031,164.1497110420013,324,1330,8584.333136612666,DDoS
42.093569874256694,141.44477778587878,336,1302,6986.015829994798,DDoS
13.29030067307695,43.85465355200604,349,1324,219.758225471483,DDoS
10.255813492338211,34.03628764424565,323,1344,285.50014176472837,DDoS
7.106464462570722,24.858074491646697,316,1330,64.23529892870233,DDoS
21.757834955579533,67.36006643925347,323,1344,1756.1233685208938,DDoS
2513.6906116862347,11296.195600525676,350,1286,312430279.0842588,DDoS
19.594319810227976,91.74312168058532,332,1330,339.5270649897709,DDoS
21.929139304184297,73.36393316960147,313,1358,1302.6671780367437,DDoS
14.901326095283064,49.40251134935942,345,1354,155.89359279896794,DDoS
5.469381916950478,18.415304337082485,319,1332,32.08782294146521,DDoS
7.879905103382698,25.319080708885732,332,1328,84.13648717129938,DDoS
9.111751063156653,30.270334000654675,328,1320,79.04076449788737,DDoS
8.898043266705395,29.39818391152822,340,1332,105.0618675794152,DDoS
78.8875449852247,255.73277831752364,324,1336,29626.684658330738,DDoS
12.403116043533826,40.86202321943428,344,1324,438.52490152742814,DDoS
11.038477988031415,37.076819714107565,329,1330,265.5846183748158,DDoS
9.200371730328024,32.89327494877321,315,1282,80.92750459255606,DDoS
23.61519792350382,121.52493599089237,336,1336,1391.8323453689961,DDoS
58.24898113756244,186.73461911822972,363,1320,6859.162101205264,DDoS
45.50478537832822,143.1378601656612,331,1330,7591.946561560771,DDoS
43.11006854753165,136.80363046029996,346,1332,6181.115828687484,DDoS
4.0207614901344275,13.693703177006089,319,1352,19.67801109832087,DDoS
37.104011022453456,116.5933619680773,325,1310,4260.008712336537,DDoS
5.573284849883562,18.344027310703485,318,1300,79.36479812237486,DDoS
70.32720463105892,220.88359946448068,344,1318,7141.205717810365,DDoS
5.735767541893589,19.379748272761432,328,1334,51.303457125489814,DDoS
13.046677676434506,43.23869274033319,324,1320,167.32747157049093,DDoS
13.001515347475783,44.59029019130486,313,1298,633.8267608916116,DDoS
16.056218052089772,53.53501814335219,365,1318,462.9529704817309,DDoS
179342.7247867951,1402463.0108063766,370,21940,181233701445.77866,BENIGN
3180.7991783788325,44934.858284350084,739,111863,44016473.38481427,BENIGN
13994.239677901289,232894.62193706442,204,3416,70707378.29332863,BENIGN
17942.815472271774,289305.3658444633,200,3226,6919613.312826442,BENIGN
17791.975985595436,289104.1543996912,200,3244,9070520.494829463,BENIGN
17933.555609636576,291047.9199468989,204,3308,17144150.96454263,BENIGN
18028.750525069885,289968.7552523347,200,3216,8311941.861880163,BENIGN
19627.620009286828,319622.18333032896,200,3248,14229972.380910529,BENIGN
17368.72553889018,286347.1828486414,200,3346,32317171.774935648,BENIGN
18336.154928105818,298416.13234344544,200,3260,15952157.607457776,BENIGN
11265.248794391791,177092.6994681996,254,12920,70804494.88331299,BENIGN
4051.2173207068395,716.7190137444786,228,16030,20446929.975011453,BENIGN
24295.535502263665,20742698.815616094,362,35021,19882697434.227684,BENIGN
2612.357938096856,16101.803862467077,1850,85698,64641843.897845596,BENIGN
10305.625643914818,197919.84843647724,254,5779,107946464.54771753,BENIGN
11710.445995297134,228067.45957645858,238,5282,113665459.18122019,BENIGN
11626.435208146253,246278.59345592879,242,5270,114316393.02143192,BENIGN
10789.7560957526,215440.02985867418,250,5364,114037967.88009945,BENIGN
3174.2514765593687,44803.37796715503,2296,66370,63285769.052665584,BENIGN
880.3512306776165,11192.23500590622,838,39131,9313286.179425133,BENIGN
13507.99843705177,574150.6543788055,486,19360,6445260169.495721,BENIGN
447.8488763682853,13012.172315275551,122,3256,1554958.3667054444,BENIGN
158.45578023712062,11217.696636557937,163,83635,708828.1226645673,BENIGN
13.52008671315017,16683.886065658873,497,317640,1182.9559421191102,BENIGN
0.5367518599804231,60.606508044260934,431,184702,0.13711840264695466,BENIGN
20.255132541356275,29082.701839317415,487,354987,2146.0389458318773,BENIGN
6.942942889998045,9979.843043983396,426,369508,383.1573184108878,BENIGN
2.267958862456762,1668.9650961817038,452,246252,6.563669918199566,BENIGN
33.89335753443766,39862.43934569545,432,329229,4223.561646918768,BENIGN
7.316875911575258,3793.931158234976,474,375627,447.8329109550551,BENIGN
2.7048131913778843,2948.841109901452,463,303337,11.062758513717736,BENIGN
1.978383235063802,40.434046412321855,448,185922,5.366204391215684,BENIGN
11.967110718543593,17657.45142746322,445,323104,1991.3204916249406,BENIGN
2.2236577847262327,2442.414076482965,499,319741,14.331372634538486,BENIGN
15.137111652346173,21609.31795633432,500,355193,1230.4080522813667,BENIGN
28.712831890487358,36887.25659498249,519,368169,6268.856358503062,BENIGN
34.97763102264228,19832.449281523015,376,283551,4278.546650377922,BENIGN
22.362440622810233,30128.657043309995,484,294450,6844.59856678726,BENIGN
2.743399901470424,1491.5836999707574,473,272671,6.543084145447448,BENIGN
5.297906585508731,6203.2356713269555,546,431668,47.94892590015357,BENIGN
30.72144595222899,40650.48008994132,402,232943,7571.825984681264,BENIGN
1.3571154179171137,913.4201695129861,442,260373,1.721603190596066,BENIGN
34.65108437441292,48504.43706964452,431,286580,5250.9700724383765,BENIGN
3.6993165506316847,3167.410581301604,413,229671,39.37672989625846,BENIGN
8.777844804536583,9553.630026705687,543,386639,951.5585144750997,BENIGN
7.663512273576546,10124.584569644201,406,258968,387.7993410134404,BENIGN
40.09748595796659,52446.572560587236,442,343544,3506.95934036885,BENIGN
17.45906545949135,2822.528720137522,493,301331,1233.2676581686771,BENIGN
1.9778848300979162,2026.3409943492993,488,235064,27.419728660202853,BENIGN
6.919710545130742,8772.988363898168,387,246647,73.20491861298737,BENIGN
6.182755559491295,6585.782866180767,429,232260,72.84815467320288,BENIGN
2.391490017876364,2776.1050812914177,406,209808,15.950540402423433,BENIGN
3.780144528477852,4158.520333931506,538,336819,53.495857999523594,BENIGN
8.572571850619196,11645.281409564397,485,268540,980.6113835050279,BENIGN
38.91594697630355,52593.23265721083,511,356550,7819.232132574007,BENIGN
7.3692746309116215,10862.013359383054,460,261010,1191.5833548228698,BENIGN
8.77788011573835,12459.50863650885,463,297194,247.3776685060016,BENIGN
3.147617772481297,3143.315120158301,505,310182,44.046484559969265,BENIGN
8.017164359733355,264.00977250972153,378,112316,65.76935352022711,BENIGN
3.711523512844161,4863.481926998956,552,431620,50.04521026753994,BENIGN
16929.19215168462,854751.3849047469,412,105755,8947617013.106958,BENIGN
122618.9229429873,1811566.696228603,208,4113,76101437170.541,BENIGN
176645.77651502844,2821292.2085249834,293,5502,130225693448.9523,BENIGN
0.6186136534763942,3.7116819208583656,222,1332,0.011997317008166437,DDoS
1.46725548234933,8.803532894095978,232,1392,0.3213689536880844,DDoS
10008.911143422896,30053.46686053737,219,1308,4999818933.877532,DDoS
0.43112281032625754,2.5867368619575446,231,1386,0.003518722030886767,DDoS
0.525625271591597,3.1537516295495824,223,1338,0.004564401753715146,DDoS
0.7609451337051243,4.565670802230745,222,1332,0.0349759505483299,DDoS
1.8104828678795233,10.86289720727714,231,1386,0.39018140885993063,DDoS
44.999494097946744,269.99696458768045,229,1374,12215.012259024777,DDoS
0.4838261687692059,2.9029570126152358,226,1356,0.005229194548999824,DDoS
0.5893879622817308,3.536327773690386,223,1338,0.006196882822815801,DDoS
0.8232070689838612,4.939242413903167,228,1368,0.027848274483984376,DDoS
1.3216223729524905,7.929734237714943,225,1350,0.1630596189361,DDoS
13.400171694114052,80.4010301646843,229,1374,315.7309705070642,DDoS
40.37296968202063,242.2378180921238,226,1356,2662.8800466195776,DDoS
0.4645277812981523,2.7871666877889134,227,1362,0.00476263574093897,DDoS
0.6205962379692876,3.723577427815726,224,1344,0.021710573503096447,DDoS
1.5417654780758965,9.25059286845538,222,1332,0.23063773287914555,DDoS
39.06731725460977,234.40390352765863,221,1326,3222.2840548536237,DDoS
656.1380960110395,1969.603528770377,215,1278,21499061.06886122,DDoS
0.5708396024245266,3.425037614547159,226,1356,0.005645880187064834,DDoS
0.8622779853987455,5.173667912392474,231,1386,0.044851810198748905,DDoS
1.6693248759209305,10.015949255525586,230,1380,0.3210271558117985,DDoS
26.147243460257712,156.88346076154627,233,1398,547.7840577985548,DDoS
12.056974671793974,72.34184803076384,218,1308,1032.1459392228894,DDoS
60.17454880161972,207.30867234200937,471,1934,8083.807152318403,DDoS
36.41092506285359,123.39366968856486,521,2044,3961.48409562758,DDoS
27.15940934712639,91.39111910705822,512,1972,1901.019989817639,DDoS
54.42684758029018,171.35656514818493,500,1894,5943.300402840375,DDoS
56.5926135898523,179.02979871337996,511,1882,5429.278053892016,DDoS
42.72514796233423,133.0466441712174,522,2008,7312.9816083064725,DDoS
34.43257278801584,98.98966122296926,554,2140,5736.016104732185,DDoS
136.53108701924464,446.58180988900125,516,1984,30723.058386508717,DDoS
56.7226627264649,178.8801056260562,520,2014,7912.866308782472,DDoS
278.60228516506317,845.530572276946,539,2084,1698929.3708569235,DDoS
39.15279007551436,119.55291379705602,530,1990,4248.640747716669,DDoS
51.46938002573249,168.7827286988687,542,2158,6158.179915094031,DDoS
8.042520368664942,26.437652494859094,549,2092,264.69234661785384,DDoS
28.27686421656699,88.38369935367662,523,2014,3468.9227059514383,DDoS
38.90118808943848,124.60633419053416,527,2080,3686.8469393766018,DDoS
25.771502191515843,82.49699249298014,521,2014,4821.476364780475,DDoS
8.252580618301087,26.797491854920303,573,2272,371.2208908439237,DDoS
19.960744564856252,62.09997107217871,560,2218,1197.9943981515075,DDoS
74.60955069807,226.3272451920608,537,2038,15214.642031816331,DDoS
132.16664018624456,423.5974728630233,545,2176,34809.92957720128,DDoS
33.34186777006139,108.39306577755127,549,2188,5949.115948785239,DDoS
68.75669412103109,225.31692114901992,527,2074,9788.58475826219,DDoS
48.37587128196791,146.1818337731846,567,2176,7789.392536183869,DDoS
48.19282957926197,161.95369175923855,569,2296,8643.759972490849,DDoS
66.60917518610383,225.1049361420437,568,2302,13095.25308815758,DDoS
38.92252512581818,120.678798221863,527,2008,3575.3994822775867,DDoS
97.34074882677739,300.12305650624086,551,2140,16460.026225670677,DDoS
12.595469950445993,44.48035122341536,534,2050,1027.6830973669244,DDoS
65.30481634974005,209.82079217265627,550,2158,12183.245262368937,DDoS
32.15152457540801,102.7925822374545,574,2230,3308.515526445883,DDoS
97.74910450966085,320.9410145984973,541,2164,16045.281911365082,DDoS
36.80993945989521,120.93103969916599,532,2020,4225.334972458376,DDoS
45.67747612048022,147.65802461119318,522,1972,2522.9282142663865,DDoS
27.950198117143895,93.80271437624839,551,2230,1671.5448721113573,DDoS
55.994380695975636,179.68268463685428,483,1744,3853.53690800648,DDoS
50.56118551235507,165.6520972457976,524,1984,3934.8995136550266,DDoS
13388.395855369523,40175.458402924014,504,1910,8887393923.147047,DDoS
8.030362712261496,25.7068445390718,547,2152,251.31576160524818,DDoS
73.42706944504273,239.37754472907517,551,2146,13452.776396913081,DDoS
373.3940020192905,1136.7150770459755,535,2096,4855677.706313825,DDoS
41.4649956831777,124.77173385579005,528,2068,11923.182952064051,DDoS
61.412307193624066,199.80086981512142,560,2188,11060.225443420546,DDoS
56.83504512084706,182.2160515596371,554,2158,10659.123631586657,DDoS
13.757295394512813,44.27268886907914,547,2152,2866.9916601676337,DDoS
80.84172925917443,248.50845160308333,521,1954,12178.92277336669,DDoS
28.85980888643698,87.58404851874327,531,2086,4087.331801633917,DDoS
82.1906362799859,267.2761628057825,530,2032,9109.756819685326,DDoS
9.922700086824973,30.92804471877188,560,2188,335.0613372415665,DDoS
50.108279972760485,175.11524882195707,420,1562,3874.67756478002,DDoS
90.18801429092554,295.37842467621493,330,1342,7624.3980033234975,DDoS
6.4162616170213065,21.573235379686835,320,1298,116.39531755256586,DDoS
51.352849862496285,176.07866119979207,325,1334,4234.299575717312,DDoS
27.79361247652689,93.33750271475192,323,1292,2971.800301355936,DDoS
34.41487220672222,105.77599493518673,326,1318,3423.48065235313,DDoS
2134.2877758322616,8598.841214180013,350,1244,122625657.75687423,DDoS
19.336570327400114,66.46569997519387,337,1340,2036.3787896714991,DDoS
2090.305504008969,6317.8524506897165,321,1284,180732901.92028478,DDoS
269.60516683109637,1141.1930200305726,335,1288,2310968.367061472,DDoS
72.20339783348457,249.83823089223816,329,1334,20119.948845374038,DDoS
158.45719252729185,569.4495636211329,350,1318,20642.782825474453,DDoS
60.08057123506292,189.51525842045027,323,1352,3931.2794736627607,DDoS
448.2205679776427,1742.2196226278995,324,1298,7353542.166458763,DDoS
20.449167862369894,64.09613218081846,320,1300,982.9059377325715,DDoS
38.93508064797973,130.61935606120073,335,1336,4060.65708411849,DDoS
40.299542529675264,129.6477793586702,326,1332,3070.7608924966885,DDoS
16.789434325906903,51.96588861629442,319,1300,2124.2373060357377,DDoS
57.19395531773986,187.7233451000723,342,1324,3967.985457381243,DDoS
66.12263645936255,214.81620618954233,312,1284,21118.560973232183,DDoS
31.77098893335048,101.80071200198023,337,1352,1270.2730026851848,DDoS
41.32663935039198,127.14712519712322,350,1306,4859.479412481001,DDoS
60.50275944629418,321.7606252390577,320,1336,5639.691313329128,DDoS
166.4688756527819,549.9451342654121,328,1340,34008.47376347083,DDoS
102.84557035233993,314.7717751324466,331,1346,20473.335443346543,DDoS
31.77523436476219,102.56187854024722,312,1322,3329.194211319912,DDoS
86.40465409798722,268.8486614116926,326,1352,16737.097221141823,DDoS
56.88716298694381,188.49122626932498,332,1372,10839.504235503886,DDoS
55.057031511452344,178.07807560635752,327,1348,8101.432066975962,DDoS
69.76698124651044,232.86390136321478,315,1330,9957.565007716177,DDoS
40.17914841193526,128.69570867868978,327,1358,4897.207247030143,DDoS
79.9473897413262,266.2372848654341,324,1318,12042.611034489719,DDoS
146.88119464393515,478.6243402442488,329,1334,31914.76076518165,DDoS
25.857392267900945,84.52231372456015,310,1278,2607.9239045871464,DDoS
71.89834804652043,247.33886578881018,322,1336,12632.232878272605,DDoS
80.22424897292808,370.731383504067,317,1294,5551.436816627364,DDoS
142.39780572383165,458.62606798331547,333,1314,22034.10874402405,DDoS
30.489766694762395,103.25037389458679,310,1304,3484.7601202532064,DDoS
50.11422787858179,160.10016146845294,328,1300,2576.432864688115,DDoS
37.358260170784256,129.5225409021789,332,1290,4423.846039620976,DDoS
62.22194888618683,207.35834469206645,334,1296,3446.937812372751,DDoS
22.30086455692676,69.32840603997393,314,1266,1483.785977355198,DDoS
39.00338443818884,125.10347482516401,345,1326,2772.2978532023217,DDoS
31.653582023485633,103.9535144771749,321,1350,1544.2925526825372,DDoS
808.1868012925792,3091.8678787290883,335,1274,21145579.350957934,DDoS
25.84029134675066,89.31423133215316,328,1332,1204.0264258967134,DDoS
66.98653709773357,264.06054560800067,315,1296,9757.61846322669,DDoS
85.3930869578872,265.03678204135736,343,1338,13851.444860952877,DDoS
139.6759234488064,447.1477778873258,322,1358,31557.739760074433,DDoS
8.936375993245527,28.580153640671178,324,1352,344.28051632698816,DDoS
59.67251715992705,190.72113329467592,332,1326,9913.479871137573,DDoS
20.433569279101516,67.12475734323739,326,1344,653.0812032035058,DDoS
67.20098468594621,201.90108705497235,328,1310,11708.491010246584,DDoS
38.863733712798094,117.15919853010784,344,1346,4135.0205601333755,DDoS
71.3476286810002,209.45451520209085,337,1322,23968.52670658194,DDoS
82.17448126509986,256.66617183313076,337,1324,19330.476756836462,DDoS
72.16925483153874,224.51562481417128,344,1330,8263.080526666423,DDoS
19.552717034175444,66.89218438352361,318,1316,755.3134630386121,DDoS
103575.11248517514,621366.2578590822,317,1178,166493144039.08188,DDoS
9386.54790264932,44588.29478017368,845,55810,926357133.6860633,BENIGN
7581.158597020983,173428.6942130908,401,11432,101634490.53218414,BENIGN
6516.994533731493,132772.82987647582,260,6080,89010683.4167169,BENIGN
96948.74279645398,12894971.895818792,820,117212,158929776032.3411,BENIGN
1613.4313379226703,9782.496903645739,636,29598,19519837.9514757,BENIGN
1842.7699052098483,11363.864910409984,836,66194,25930847.71972241,BENIGN
2229.4762209727805,22630.55038977483,679,70225,22892364.105282765,BENIGN
40.94700455202849,1061.45658724361,114,2989,626.422971712207,BENIGN
131.29478231395905,56249.3343230089,461,430355,346719.13657474914,BENIGN
0.550095646956664,194.76074580296,460,220880,0.45517724854323993,BENIGN
1.3095784023691273,948.0504761042906,374,153226,1.5239919152074577,BENIGN
18.74513405744089,27374.17245158243,607,481543,1901.3025831833552,BENIGN
4.076594514194287,5245.684380551943,470,288379,196.89757563944795,BENIGN
27.35956309776108,38806.172204881994,407,186642,5215.594439206036,BENIGN
36.73024447930839,47457.464199888425,561,520321,6911.366020127711,BENIGN
11.972237480353622,6434.217779895643,425,246022,1694.7685813267444,BENIGN
57.5232489115173,83110.4271720339,484,419959,13450.369451026907,BENIGN
9.601859600298122,595.707422890668,458,217451,408.2333122075055,BENIGN
29.633311940148978,28979.192692638757,399,237159,1283.7188808882936,BENIGN
19.83231003311858,26941.733197003832,427,220695,1512.1470069467334,BENIGN
9.219446780346225,12584.867169022986,485,285629,509.12173366647676,BENIGN
51.00291373654556,69539.01497224547,435,268486,12923.620652753714,BENIGN
19.239586356033083,29169.569577485512,432,295783,1579.5163197101667,BENIGN
46.54078619910737,62674.606621606385,451,417876,7844.071193314363,BENIGN
78.79456019135351,110559.43131049324,482,372925,22394.604127526956,BENIGN
37.855507658127515,39634.74944138972,425,409031,4001.5038882922095,BENIGN
73.71496072545004,101225.15117268723,441,357859,11178.851770081186,BENIGN
90.00158887392092,116487.86888817277,435,357913,24351.64839429743,BENIGN
37.277352484247814,53574.231256524276,459,354484,6898.581734665421,BENIGN
1.742115810665124,1864.6387548878567,361,189314,3.1461923291701233,BENIGN
0.7609096093451042,66.59603548463141,389,109584,0.11339352222979326,BENIGN
9.151573015772083,13514.75109667766,556,441912,880.1050244879029,BENIGN
6.234453108700634,7885.683151980263,367,213165,783.9051632609438,BENIGN
1.1498224569009663,166.71543423424967,531,291099,1.537604410258999,BENIGN
78.52254435659935,111385.5806516281,603,510750,20021.860702153084,BENIGN
39.18839398282423,56338.751859976335,354,302580,4767.728212088043,BENIGN
36.859287295617115,51349.71552785116,426,282122,6446.250201673056,BENIGN
24.432825496239058,31485.999315163866,474,265165,10726.682972005718,BENIGN
49.32373625084818,68897.5679838181,468,439102,9732.882554703172,BENIGN
17.9771908218154,22968.761264920162,479,327235,1909.009846284349,BENIGN
22.667971061122756,30442.041426207685,448,363311,832.9673015549249,BENIGN
20.425635969160002,13428.830082246799,479,306824,3412.4389307712026,BENIGN
5957.585840114131,20868.710253043377,442,289712,590285660.9914556,BENIGN
102528.1978957134,2296793.098409336,522,33625,55495123159.96606,BENIGN
355483.33691369504,2558972.2820457895,104,1180,322269285577.32184,BENIGN
267650.8588154123,4597410.298244133,108,4638,255886832542.71475,BENIGN
84066.82822306702,594892.333865069,215,1730,101914906530.64438,DDoS
0.7318265241258278,4.390959144754968,237,1422,0.013867397831277807,DDoS
1.1309245516310584,6.7855473097863515,226,1356,0.11839162660288725,DDoS
8.794231570507122,52.76538942304273,225,1350,218.12339289851698,DDoS
3.6821961738495492,22.093177043097295,223,1338,170.94234646276638,DDoS
0.5172420035926897,3.1034520215561385,217,1302,0.005274722893822669,DDoS
0.7625638750573949,4.57538325034437,228,1368,0.019516386978313132,DDoS
790.642853257808,3164.873594992767,216,1284,31161551.270933963,DDoS
10.26979828453551,61.618789707213054,213,1278,1513.2540801224936,DDoS
1600.941211525719,7205.647269154316,210,1254,127996928.11434205,DDoS
1.0083767181250107,4.665146671596271,223,1294,5.8095620721727315,DDoS
0.7552393050236816,4.531435830142089,230,1380,0.01846726299927835,DDoS
1.9026652526404326,10.269341066089432,229,1346,6.707686223444437,DDoS
11.842452819594142,71.05471691756486,227,1362,681.8983190713305,DDoS
0.487861693043447,2.927170158260682,224,1344,0.003789240601880443,DDoS
0.6852054583459902,4.111232750075941,229,1374,0.021228164717236306,DDoS
1.1903205598402857,7.141923359041715,224,1344,0.1274410079894605,DDoS
3.944034383708052,23.664206302248306,219,1314,3.8834238234271194,DDoS
1857.7417226171424,8262.039995374087,213,1242,56377121.21078044,DDoS
0.5865119103916372,3.5190714623498236,225,1350,0.01052882617255917,DDoS
0.8955163235988561,5.373097941593137,220,1320,0.03242117190865091,DDoS
1.9457735312137987,11.674641187282795,221,1326,0.47795241109738196,DDoS
24.209345034808877,145.2560702088532,228,1368,1988.8067778619013,DDoS
0.43180078385276,2.5908047031165604,218,1308,0.003140197010364539,DDoS
0.5835166955393403,3.488601301530189,255,1468,0.015494270385975365,DDoS
10.415769526288592,34.59525774474987,602,2506,481.0707480461897,DDoS
8.043324408751142,25.804297941992385,534,2062,85.64515442084131,DDoS
6.0374505836122765,19.191677548875152,544,2134,45.72613632200306,DDoS
4.903292672390469,15.172501367455858,552,2110,39.98462776703396,DDoS
6.949444906995123,22.468290408458873,526,2014,57.1794957450692,DDoS
7.632175115251113,23.816405581643718,559,2236,118.43420183241548,DDoS
6.000282723476841,19.506597142326356,524,2098,49.68010611182923,DDoS
14.31452191581913,47.59351517904523,564,2248,693.9005762257939,DDoS
19.555870699086142,61.27163346817948,524,1972,794.604107710495,DDoS
8.080140126796566,25.262301625613603,542,2122,184.4975501755723,DDoS
99.82962559109711,324.037282246082,537,2050,17417.434017777916,DDoS
22.637806803091777,71.91339434310785,520,1978,4616.289202756157,DDoS
15.726703151670284,53.74995988880524,540,2098,2717.9468550000242,DDoS
84.44922829154218,271.0797222364844,560,2224,24631.45965095869,DDoS
16.480736285732675,56.739462081456644,515,1948,2850.3495238007818,DDoS
45.16743743072996,141.9773965510715,516,1996,11219.826077539197,DDoS
1184.1465282271124,3553.8867284659646,554,2156,69185890.29018235,DDoS
860.5449176090603,4121.602569878824,531,2048,36515560.68915329,DDoS
5.292147331534072,17.067723309935182,515,1978,23.042674715493916,DDoS
17.399085988811397,56.3740943560893,520,2038,320.7640345886295,DDoS
3.6549255828320453,11.24557128344652,594,2398,43.735865547874674,DDoS
8.44958650800766,27.466770796978082,498,1978,101.48397853157468,DDoS
10.268177759834415,33.46855693553457,497,1882,100.23705273032344,DDoS
7.8054668445947515,25.867096186921703,563,2224,168.99336064868115,DDoS
12.839412815004946,38.20070347372482,551,2086,288.93107161992003,DDoS
29.68882128535881,96.95106082177446,536,2068,4655.856324123522,DDoS
8.001716131112735,25.330841509707124,528,1996,133.53477126891542,DDoS
12.671945377449022,41.34270102996707,510,1930,126.22875209232721,DDoS
5.79573216503549,18.719621237856405,533,2014,53.50898035902974,DDoS
8.953658927661502,30.05902939844939,526,2026,111.79268308880806,DDoS
9.44280394089944,31.06675805303399,506,1906,75.81266104319708,DDoS
7.0106786108646535,22.07955017009669,538,2050,76.43005728408312,DDoS
6.875677258014417,22.26614856210423,559,2158,69.79587388454046,DDoS
22.964796079581205,73.33175825995121,479,1768,517.3233446826653,DDoS
5.284364828873471,17.49032700278423,548,2134,50.98886972938792,DDoS
7.0802487881798815,22.561514738933674,515,1978,44.2563520981848,DDoS
4.026253804192441,13.115146026256939,542,2116,19.106507621539617,DDoS
6.424031529639389,20.68108741888968,534,2050,42.15453796123238,DDoS
12.483848519209662,39.260723706167646,480,1810,1108.7612666475002,DDoS
4.161377752105345,13.546185052531795,548,2158,26.054945492776916,DDoS
6.606685289724905,22.21179933200636,507,1996,38.098455134890315,DDoS
66.88147147269588,216.15249467959754,537,2176,21058.138306802706,DDoS
27.683306078772993,94.23366923335362,514,2044,2176.655444478821,DDoS
2585.956040982001,11630.527694476874,514,2000,332958529.1595712,DDoS
34.27955387112127,116.48101449518072,485,1756,2884.5262381277616,DDoS
703.9912899251545,2119.956273685178,521,2036,22948396.89620933,DDoS
7.58856326862939,23.225983422202034,533,1996,96.88455364558705,DDoS
5.9952714428606315,19.767976028680998,307,1324,43.17331553474145,DDoS
26.64544987344366,82.74045818275467,356,1316,874.2224942230754,DDoS
6.026584821162234,19.30819675457786,336,1368,44.71497031205705,DDoS
11.473568751028967,37.41053870651523,342,1308,91.60924625285564,DDoS
6.330937190837504,21.90733562481413,308,1310,70.51113283766358,DDoS
9.993946923597909,33.464398068231866,328,1290,82.54243097935176,DDoS
6.61967859779444,22.324819121798622,325,1336,44.43952733480579,DDoS
8.515283801855546,29.488389362827057,334,1338,48.12244769000278,DDoS
26.620211417929994,87.78702345845933,329,1318,1087.7855163612371,DDoS
9.7923648194242,41.062931457053594,335,1300,50.37425816473194,DDoS
33.02916207661615,114.35836839666736,347,1320,1199.4615387072251,DDoS
4.761059233916569,15.88389246346629,310,1286,39.68480738877178,DDoS
61.75826549023297,200.44879202331208,346,1322,7388.974284383933,DDoS
5.1629202599492,17.63710330731856,310,1304,47.88098892957319,DDoS
93.38754755610248,301.07471993209657,327,1330,18324.870207656797,DDoS
6.114741248983019,20.636523926139446,319,1306,141.86503338349647,DDoS
53.983699940329664,172.01755434537162,331,1342,9398.608561874742,DDoS
15.457480787841773,48.865755901079694,329,1292,852.219773149604,DDoS
49.780996820831454,159.16078874148073,324,1334,9628.966525936883,DDoS
495.6733354475873,1491.3993064537242,319,1260,11889877.283548487,DDoS
12.729808897183357,42.93642249482774,331,1314,231.63279512947483,DDoS
12.282549066107727,38.42532209484397,338,1318,221.2112494483943,DDoS
6.5441695160048425,21.244498352597372,335,1298,45.736195820855876,DDoS
17.045298656746766,52.80617289831034,341,1296,240.55569625611486,DDoS
5.179237960635556,17.758060250266613,318,1312,28.78962329457063,DDoS
12.760171399626023,43.313474530142194,331,1316,145.947317383184,DDoS
5.376493889997204,19.491269310612225,316,1320,26.373239005236112,DDoS
11.224371578036363,38.392481347874075,340,1314,137.8059573783777,DDoS
14.871234671965244,64.84875773458559,331,1310,215.06771720332978,DDoS
14.214641927660761,46.18634068985303,321,1334,308.4028178206018,DDoS
14.751508215346917,49.4118703935636,331,1316,334.7271474548118,DDoS
8.626401328689948,28.086373783357562,326,1310,122.5351170838392,DDoS
38.72416761577643,128.57102913221934,328,1308,5488.801951186924,DDoS
11.300088645524914,36.75386756726745,326,1316,159.3821491073258,DDoS
6.606220917951724,21.9571112588066,320,1314,50.392519025688244,DDoS
7.335016158225872,24.75807197719923,337,1344,42.08131647974788,DDoS
6.454339795842845,22.183445783778765,321,1348,35.946931028871184,DDoS
7.449506250888251,26.166613454296716,330,1352,81.35911120633124,DDoS
9.63205853680109,34.35193983447557,322,1314,47.25129514132405,DDoS
29.171807428822436,154.85988202294052,335,1344,3977.2528111724237,DDoS
54.83586488190741,270.0291703622471,322,1320,8953.08387589787,DDoS
18.246931187846084,57.624865592488675,344,1314,640.9968366146925,DDoS
5.901544087144543,19.624947566765208,328,1340,38.17459828628896,DDoS
12.382700387224558,40.30349540906633,333,1314,490.969040476817,DDoS
18.898469818566493,58.878710812985446,314,1278,2720.1892091468867,DDoS
15.032436112281701,45.26843074692042,337,1336,1516.2406933294853,DDoS
5.3556730198459555,18.033531592753548,325,1328,22.91405580309991,DDoS
13.751645268919509,44.29835135260808,313,1334,1257.7135085177588,DDoS
6.412365507727462,23.44936435708928,321,1324,19.92542878682738,DDoS
10.087388483033093,40.43191201504594,334,1330,10.068560530933205,DDoS
74.75661897528524,289.7395057923888,319,1316,22465.000397623022,DDoS
46.40843870285997,150.5624828226335,333,1300,4907.880122704229,DDoS
5.783698124222407,18.435309606114462,343,1326,24.77544296515595,DDoS
24.796165749961478,76.74423877804928,356,1304,2554.7988710441364,DDoS
38.388032056445944,124.71619113600633,362,1332,3388.066741599276,DDoS
9.769822052483834,31.93667755698047,329,1316,125.14937684175511,DDoS
23198.868678990882,95162.92064333835,212,3233,4991582170.200066,BENIGN
197347.37854266277,3986489.2405397175,335,20958,240276772193.54596,BENIGN
17901.483356192595,733698.8055860709,274,21237,8404856053.637759,BENIGN
14113.248088744143,237184.49425831813,200,3344,61026701.93328247,BENIGN
18112.337458115977,294499.2710022537,200,3248,4588898.1405387875,BENIGN
17605.688105106146,285808.8137010204,204,3310,11132745.990316214,BENIGN
18721.947075441432,303004.45317822596,200,3234,7162550.640809504,BENIGN
17737.363234869117,287854.19226750685,204,3300,15345195.742189702,BENIGN
17581.747567611674,282582.9421088548,200,3212,8275023.147794914,BENIGN
18597.374653474275,304104.85578675725,200,3300,22155855.773959536,BENIGN
20698.810647373157,338717.22835335764,200,3284,51090019.66503394,BENIGN
14558.632804594867,243643.7575323425,200,3360,41617195.123864196,BENIGN
7757.7351741246775,107930.90649861355,850,108573,80793702.27741352,BENIGN
3369.7342508169363,655.5169392833003,228,15841,15996495.185808107,BENIGN
2651.754477147615,756.2074250255646,700,68468,12421278.667463437,BENIGN
41.21509086818225,1275.954570893961,1406,74502,3610.7492082271415,BENIGN
7065.056777140166,148406.60416514668,529,27621,92336540.80814202,BENIGN
13436.671951731374,275496.954360102,232,5112,117713519.71671551,BENIGN
16178.310779988067,343458.7205421406,216,4738,324944941.1391983,BENIGN
11024.16018952558,234258.61594258473,236,5204,96460070.81920388,BENIGN
6481.215943606967,122764.80210593111,1280,41590,80819013.99328125,BENIGN
471.1236788809883,3513.304909139523,1430,55311,3143245.1966540017,BENIGN
705.7795550378428,7808.462927133628,854,50942,7444989.227244658,BENIGN
6841.654125229296,168116.8997735312,368,16270,78674705.05593006,BENIGN
20001.8052177149,60108.494155822555,484,28816,19999926317.836384,BENIGN
96308.83839139873,624540.5840719149,740,56641,111494867086.4831,BENIGN
95072.36530657386,545554.6732996051,1794,64549,159997313389.55225,BENIGN
179367.15700719465,1780406.2261110255,1770,47430,253724184582.40094,BENIGN
5380.568849927161,106101.17310904783,200,3794,55826643.59844905,BENIGN
7156.381625165709,134333.87506927288,200,3926,69494972.72406007,BENIGN
3501.9711707556294,60235.913494084336,200,3818,58934257.96796643,BENIGN
3228.0683893048868,59702.541368716586,200,3708,43012840.32256145,BENIGN
133407.17371743443,801053.2526738702,2070,32072,235807585741.66797,BENIGN
173791.166894849,1035137.8616475555,538,35012,246536796446.7503,BENIGN
244734.02501054318,1450129.446084884,581,31787,170727896325.14084,BENIGN
17248.76861716526,311264.2195543413,6246,78214,9013795053.337576,BENIGN
1102.7824405964006,5239.716760075594,2358,116664,11779086.682260703,BENIGN
2699.1689715874145,49567.45483306356,416,6063,41642434.76137725,BENIGN
7519.165179270926,135230.93092922156,200,3598,112909594.94431889,BENIGN
4999.830839598714,101962.5015171464,200,3730,61503433.232404605,BENIGN
6850.41178186896,127744.29503772741,200,3570,82951905.51427929,BENIGN
5906.602704260244,103235.00174745351,782,18776,69135412.1818393,BENIGN
26858.40229312172,160060.94835930128,1236,39095,17406293407.77508,BENIGN
33999.8264063297,620326.3862146615,1119,109523,18102329540.197582,BENIGN
109708.93649533296,13617721.421386454,452,31025,167514665617.15094,BENIGN
663.0332987804197,19745.986803726006,116,2990,2178236.436985718,BENIGN
367.0450975365127,10190.177698755188,130,3237,959271.4685785109,BENIGN
462.9352653130411,13317.139357307624,118,3029,1403767.3452183842,BENIGN
300.62070937428115,8138.893612000572,120,3106,890051.6034146809,BENIGN
540.5792468102212,19255.040411411283,120,3338,1707158.0298089324,BENIGN
660.5055225482284,20052.543708983892,116,3153,2325015.420002475,BENIGN
362.850184502433,11071.56718571276,110,2977,1269289.1868859078,BENIGN
47.51390124237923,1209.5447494273667,147,4625,1170.3585279323017,BENIGN
7.893057548108559,10526.327472911766,469,371490,89.24125007112069,BENIGN
7.463893748456033,10645.476374434484,409,375579,61.54130801955872,BENIGN
2.8688508402472275,3579.9735627832188,520,366752,26.046682773554945,BENIGN
6.222362379784115,7964.983604389164,396,280117,63.552332049750774,BENIGN
12.775130161614506,17957.600553328273,463,394722,388.3146599265948,BENIGN
24.9714446529168,34705.35831935152,400,336693,1022.3229000215941,BENIGN
3.9277194508687256,84.00356371067637,627,401645,99.25461915090496,BENIGN
13.818551001185945,9799.722008585311,344,111542,1861.2190014875032,BENIGN
12.32537403601677,17300.07475447995,478,342247,722.1786828019257,BENIGN
22.497950090904336,31695.467792558495,379,254885,1728.1087923645368,BENIGN
10.330008679931579,12914.408886714831,523,414579,386.8145132355701,BENIGN
9.763288560497472,13287.986327566201,516,462316,184.9671183080492,BENIGN
1.2607459939889258,1340.332638921839,484,261016,11.397754016709078,BENIGN
6.391644418094321,9090.640044084284,392,298521,138.39244824187872,BENIGN
6.692180335903617,9229.887103113568,410,317568,64.11411364125327,BENIGN
4.304617063282061,5434.376963722025,486,325140,47.02313308612174,BENIGN
6.237294737798436,7431.072587691009,489,388651,57.8365793719739,BENIGN
4.548035780931702,4023.177344771806,527,365473,58.15425957123864,BENIGN
23.873301468909133,28132.871859463252,445,313054,2908.5048077360457,BENIGN
7.834664852208134,10396.895637007425,345,149071,243.63785786411285,BENIGN
0.9495276179754778,781.170630839646,564,325188,15.174258769848324,BENIGN
3.18367648745411,4271.1070546489345,508,362759,29.015303654318576,BENIGN
2.104539729808633,2261.9187079349044,480,313503,7.614542948611263,BENIGN
4.207184838061529,5277.439848349142,477,325122,35.39464596344743,BENIGN
3.0952806379670728,3328.2911452097037,526,406293,8.729797281520684,BENIGN
6.045599567617478,6332.5839919173795,525,349741,136.62198291345487,BENIGN
10.58836027558007,8071.827582029579,493,342181,147.08008477463954,BENIGN
3.6474695208875634,4864.942930377361,399,211243,41.140310688583675,BENIGN
15.563781725937652,18782.91614806469,505,406311,2608.078453316361,BENIGN
7.591363790196522,10010.503415334231,506,328628,1029.6456880654157,BENIGN
2.9901733310624237,3514.9993343518295,530,356592,23.42299290741127,BENIGN
5.475930628784254,7364.887038295938,468,426132,26.228723669387833,BENIGN
4.030934606453815,1156.181999817994,475,219499,14.858715360772084,BENIGN
26.815050589191266,37581.9684248204,444,251486,3868.12711594418,BENIGN
0.6327996267606376,245.7164798398333,523,258356,1.0631263215016666,BENIGN
9.642565536856603,12743.225722861469,520,375681,733.6705473638528,BENIGN
59223.85908880731,2332351.7019441943,297,62239,34195373525.574066,BENIGN
57002.971169163946,1019538.7123547965,458,12451,52146110173.81279,BENIGN
182467.03107681294,6371403.662433015,113,1743,182424894209.6355,BENIGN
203006.284950382,1817836.7925132066,159,46092,143878261720.45248,BENIGN
375475.16101168585,6199992.807409115,112,1424,409086922317.8437,BENIGN
120776.30222309494,949751.0448704904,107,3105,97214445357.27116,BENIGN
97992.19449132046,744841.9525381865,412,898,42317180881.40781,BENIGN
13.3752104123233,44.322077156568795,326,1440,456.6350177776097,DDoS
44.711612520498555,148.76631101166905,292,1468,12511.263690015714,DDoS
17.213017050190714,59.77790543341287,333,1466,2876.215655747857,DDoS
29.001095741652144,102.23014290168841,325,1408,1265.0955309181509,DDoS
96.44155945510035,462.71863019749276,321,1480,7112.245767086464,DDoS
89.51284006909745,291.24472715123716,342,1390,22777.24675704125,DDoS
30.305148620921855,104.30646124951552,338,1454,3393.969143838484,DDoS
1.3095302082400864,6.334080801960539,249,1358,1.474291248766403,DDoS
1.5563156693489493,9.337894016093696,218,1308,0.18202873172380998,DDoS
18.254013224876374,109.52407934925826,221,1326,542.50972950518,DDoS
20.48672856359131,122.92037138154785,223,1338,4126.747773869192,DDoS
0.5866332538111756,3.519799522867054,237,1422,0.007289489207332859,DDoS
0.8226126877314638,4.935676126388784,223,1338,0.02274403004461325,DDoS
2.0012996532299154,12.007797919379492,235,1410,0.64655634403618,DDoS
44.725188980301326,268.3511338818079,218,1308,10053.219480557238,DDoS
0.5500743194384394,3.300445916630638,234,1404,0.00770815108351112,DDoS
0.7288463860143043,4.373078316085826,224,1344,0.019104548063006484,DDoS
1.2869092044040875,7.721455226424523,223,1338,0.10200181263509656,DDoS
4.052222944977342,24.31333766986405,229,1374,24.907631803016447,DDoS
2069.406755951207,8278.509501224484,235,1404,214029052.50925526,DDoS
269.0319385001823,808.8074504354896,221,1314,3603125.9723523394,DDoS
0.9732132398508074,5.8392794391048435,234,1404,0.04092824423940305,DDoS
2.4106452386303845,14.463871431782303,230,1380,1.1540277739096614,DDoS
19.711936264464484,118.2716175867869,227,1362,1939.7229056617468,DDoS
0.5050562353524214,3.030337412114528,231,1386,0.007342454339328999,DDoS
0.6434241959737037,3.8605451758422227,223,1338,0.010723049793152445,DDoS
0.9636364059825907,5.781818435895546,222,1332,0.02898192773338764,DDoS
1.7107530500571613,10.264518300342967,226,1356,0.2460580674296151,DDoS
26.57502037807473,159.45012226844838,221,1326,1608.8214918026765,DDoS
0.5676100778928181,3.168646078361487,232,1376,0.44793577170612187,DDoS
0.6432580110909997,3.8595480665459987,226,1356,0.014216004745810697,DDoS
5.645409179792713,20.111278778450256,423,1904,99.2729675845336,DDoS
5.002958631905073,16.48688304707282,535,2128,56.23451535063513,DDoS
11.602980805918657,38.08451033615167,495,1852,108.26994206139406,DDoS
9.657356255311772,31.17127583562417,519,1960,436.94154464170276,DDoS
57.45372286899696,183.9763408688965,537,2062,15876.096550667122,DDoS
10.284853353143985,32.682415595804805,530,2056,510.4503693093704,DDoS
105.34581296588968,332.4123092585247,514,1894,20675.113764340877,DDoS
39.995248817081276,129.92885870364802,549,2146,5850.646934675756,DDoS
47.60944126659237,154.84088146046506,504,1870,7783.169399821582,DDoS
7.625324230723415,25.22341850244889,536,2110,118.76620501820982,DDoS
6.679956396495812,20.825757871349357,536,1966,60.349599691911834,DDoS
7.771185218746548,25.747904957062733,558,2230,159.48792811777238,DDoS
5.673666588352202,18.49264804563392,510,1966,26.601668077756376,DDoS
11.499644486237175,36.56278063263685,540,2086,479.5053789206244,DDoS
61.36591083014689,193.3033911890142,552,2140,13060.169850504311,DDoS
59.52171354097998,203.2967534730523,536,2116,8606.024478915786,DDoS
22.38715494243831,61.660775827048155,577,2296,10435.743542384658,DDoS
80.66934799159803,262.83203150866944,528,1984,12052.082440079785,DDoS
58.06730378470231,187.01431321160052,511,1876,18790.82399200907,DDoS
118.82088147149086,383.4806942627301,526,2044,34356.163351461466,DDoS
61.10698436472442,210.34774805463366,510,2002,12677.123560422324,DDoS
29.352093044557883,97.97523734710131,503,1846,5525.195314251841,DDoS
87.09924920865714,286.76229748508877,559,2158,26389.806026959326,DDoS
15.107326139128638,50.67904090094709,529,2086,1154.7476172291672,DDoS
36.1754126581447,112.9384170192528,488,1876,6873.576998552726,DDoS
4.425013118444489,14.2306861040286,556,2176,27.274856879408873,DDoS
43.30537195160462,144.3205786526862,517,2020,9517.641598390395,DDoS
47.80782762797603,146.4206271579468,504,1894,13278.730994150103,DDoS
10.769912837832791,37.330066267672784,553,2152,2282.3866801510726,DDoS
50.18958502028976,165.2655386037217,500,1882,22529.14803727902,DDoS
46.557730610017636,151.1152774577684,504,2052,8091.2862209069235,DDoS
392.05107403593297,1562.271037894032,338,1384,7390675.943688662,DDoS
38.25410834073538,125.70194724869471,320,1436,5701.515814392085,DDoS
158.25676881296417,520.3358565637782,344,1372,85351.7885182959,DDoS
4.539913820831964,18.028110123055523,316,1450,11.193109162279423,DDoS
83.95075572939224,296.13035285411536,323,1424,16841.568980628716,DDoS
64.0627912216581,321.64134388113155,341,1406,5464.290416844092,DDoS
108.63740219955517,330.93054069226326,322,1406,28173.911026979964,DDoS
25.744878230060593,86.26201133225354,336,1462,2398.48562270566,DDoS
16.483181180382136,51.5529325770098,317,1416,2231.96325151211,DDoS
70.1237812208961,220.05518355563686,329,1466,9000.048973438339,DDoS
7.5554922429258236,26.018666655633975,307,1410,196.0911743866236,DDoS
11.342113329207404,39.6059125673776,307,1358,214.69047777801939,DDoS
5.77342292791101,20.812055139109507,323,1310,21.619314421516524,DDoS
13.096600522306256,47.48528174069459,316,1336,214.7744262153664,DDoS
39.91936840461669,205.2521353706496,330,1334,2527.0505653417868,DDoS
86.50100079457553,260.173948669222,326,1320,32885.972719631194,DDoS
19.5722516129679,64.57459664359413,327,1306,2633.1884045923825,DDoS
146.51041863053365,474.5790556558371,346,1336,35141.027214790294,DDoS
14.520668661662285,47.33262840263696,324,1302,695.8023210507066,DDoS
29.685271108302214,95.79657544560725,331,1294,2752.8137028462857,DDoS
6.649283351153075,22.042973687062812,337,1310,23.11858234029493,DDoS
6.767564971825734,23.12744032508718,328,1318,83.12996366836656,DDoS
11.527287294893103,37.458794640574645,319,1282,168.5917871833445,DDoS
6.659165618432468,24.0064772312333,347,1356,14.08921861682189,DDoS
23.91170450116796,108.3888050260398,327,1310,638.0974554701656,DDoS
85.46382478050923,298.2042193963462,349,1328,13741.397946121147,DDoS
4.609230264833258,15.14880784004776,317,1332,21.818633226225526,DDoS
93.05910289053483,308.1121288742582,331,1342,13792.605740232184,DDoS
4.731525177459677,15.185265402163827,338,1300,17.367907067368012,DDoS
56.55564695368038,185.3062367512898,330,1290,15049.372955653624,DDoS
47.181046709182574,148.0845550764156,330,1306,9640.320738390308,DDoS
83.04292110629882,282.2658964413881,325,1346,26141.855221942827,DDoS
107.1613948049446,330.7593019810132,356,1322,30298.71586692572,DDoS
10.92062998674964,36.73813696492697,328,1322,739.6844495756974,DDoS
84.58111003153108,275.613757907792,319,1296,12259.878516329314,DDoS
8.54453224267747,31.57351591819721,348,1324,31.39338340289304,DDoS
12.596860162184337,41.443321166480956,316,1298,886.3771145959331,DDoS
35.48632816859441,116.70537415333995,352,1342,4936.264439155428,DDoS
5.338801803337904,18.31862586551438,329,1322,16.951031570184657,DDoS
29.868438343756647,90.70039832802148,323,1344,5740.904624045591,DDoS
29.5216025593523,94.79887401255591,340,1328,4844.680667860169,DDoS
52.95013150920172,168.16794512833158,319,1316,15882.676742208696,DDoS
88.10954811422984,295.72739318520667,345,1360,21497.615268271864,DDoS
13.692594871742983,46.82504742435967,326,1300,3304.012101735369,DDoS
47.276394467211404,150.08743322671125,342,1332,11951.67046769246,DDoS
13.02006417773132,46.51569457611881,353,1296,46.82041787741857,DDoS
6.246751354535124,20.766874682609387,338,1346,23.448249368476425,DDoS
11.223975559070979,38.642423538597825,333,1314,978.4067021052764,DDoS
64.49648337317468,220.44409195346145,312,1322,11114.590647072222,DDoS
39.53034448807493,121.36760216311704,352,1344,9436.41698142154,DDoS
17.443460220825777,56.93078000331312,320,1304,1968.857386643691,DDoS
144.86862801416657,460.67907983522474,352,1350,33068.40149928411,DDoS
69.60029644478197,219.74382406427446,324,1290,18281.039338112027,DDoS
45.094607356212826,151.50327112891443,318,1308,4902.39211941754,DDoS
11.559898442317952,44.090804106463175,315,1320,963.8995862020331,DDoS
70.83919522190602,262.7320762492736,324,1312,6256.862089689748,DDoS
16.83839919684757,55.170589748458305,331,1320,397.1162651149843,DDoS
12.846726474927046,43.13560497460319,309,1304,512.9013771764727,DDoS
10.589556513934156,34.95675897886799,325,1312,245.42643903485887,DDoS
68.58453591874272,215.3455156400774,344,1312,5912.138508538876,DDoS
10.60796552696172,36.868613673426324,311,1316,319.67466259104606,DDoS
89.99855681527367,286.3117402936091,330,1318,14866.531034838232,DDoS
4.042603085837996,14.342312555217982,314,1316,13.18925425101939,DDoS
70.1960055418393,233.13356769966657,320,1318,6189.866994576719,DDoS
34.16128834553605,119.20333276160923,307,1310,6465.661689994378,DDoS
56.545419097027995,191.61635694588063,342,1300,4819.518057700425,DDoS
125366.1149744444,858608.1747823602,239,1038,56893598427.92659,BENIGN
29518.709987383954,725814.0014272673,280,15105,9667643377.876455,BENIGN
10498.072870269714,217370.56601691677,230,5436,115152289.72157496,BENIGN
9962.857219817874,165885.78529928296,343,9567,111772511.32893805,BENIGN
4201.178820043988,34158.83484887815,553,24917,106223384.51122676,BENIGN
1071.3629495461494,30453.212328320267,396,28218,16865069.892223537,BENIGN
937.3332649096056,55364.83978391152,485,53992,18013984.652472004,BENIGN
41961.866235473106,12346614.76804888,196,4326,79923386358.84856,BENIGN
46.00443429097391,1225.9306657951006,118,3079,1036.8856613236658,BENIGN
3160.798529523518,21520.887355886396,448,19003,205014561.00945386,BENIGN
1420.902064449927,10754.269293810155,1605,72863,37328101.71669127,BENIGN
8207.226798232077,173240.78797465988,317,10634,106210321.2669263,BENIGN
10457.79305663745,218952.18549389165,248,5906,118558695.24261782,BENIGN
12687.472458490236,251994.70932616413,222,4816,118487250.61402963,BENIGN
11927.381883031652,244636.31286127132,230,4900,119012299.22979125,BENIGN
14446.873508610988,222313.52214642093,366,10420,997277398.3540334,BENIGN
587.2000300888129,4726.80091478205,2250,192666,5309907.720250884,BENIGN
5612.748816064591,21317.034665881638,571,24992,1001289362.3055255,BENIGN
1000.794863452154,8894.271807802194,580,296864,29114896.954953276,BENIGN
5.499377104314005,6295.518346350803,481,296491,101.54161622390292,BENIGN
47.48758309325187,20361.33394101187,481,387960,11382.630278781235,BENIGN
24.26497408168814,399.2913591089231,442,194243,3014.9936788560576,BENIGN
0.7392033429113296,473.1828996318637,537,306093,1.364732889627934,BENIGN
4.810637820036845,5990.243538902874,455,246725,103.58897607408048,BENIGN
3.2065787476667045,3210.6242569559486,404,243969,18.43456281900966,BENIGN
9.876364033313003,5014.082765977657,416,304598,644.1755908083087,BENIGN
25.892112059347532,7415.0012412133065,345,179130,2376.0140262135646,BENIGN
21.92665434605017,29343.129359805247,494,430233,2505.1065463136374,BENIGN
9.181280287824997,9540.47810755506,385,132048,1077.1573583258112,BENIGN
17.512724379613445,24570.06936441245,534,343592,3740.5598798080327,BENIGN
45.145577899306275,62430.86089241805,502,407692,12770.751911971589,BENIGN
22.053354193170197,33633.633869788566,465,371460,3508.2892066093314,BENIGN
2.052532491492729,70.24349151388752,489,231743,3.9713066121627625,BENIGN
13.543895295292122,18015.65316346826,440,307414,1669.2190604250547,BENIGN
4.5009840255309745,6315.500588193389,398,290283,32.984567860407175,BENIGN
75.0376675202474,103917.67233327948,484,267177,46977.53992767801,BENIGN
82.29580472606065,117037.5221579852,485,273403,88820.86480865486,BENIGN
105.10733988619683,152251.8472651708,554,455585,70606.19708210502,BENIGN
91.47814943613095,126736.7092832638,456,339473,45875.23929857723,BENIGN
8.078455869047676,8225.009673917699,376,196850,850.2996478413326,BENIGN
1.145548092349518,40.71340565085813,340,8514,0.6456057070657186,BENIGN
56.309278332368564,70557.77383307186,368,315490,14909.661285255852,BENIGN
7.988656109648739,1049.840786805487,345,95917,1353.9022698852662,BENIGN
26.77186150867854,36097.155872803225,352,145666,5687.847804467387,BENIGN
85.61753046222269,83295.71320988041,340,118363,17862.89252260764,BENIGN
28.021641138005045,31877.65306643945,375,282783,3768.471759375051,BENIGN
16.839251735188096,17659.27290279032,364,294360,304.67407926803526,BENIGN
7.035810736276063,9193.298305780914,362,163428,146.86850092670207,BENIGN
67.40619327354717,97634.39757766567,364,293015,18850.729614458472,BENIGN
16.593065060401077,24146.4458646326,344,223433,876.1202877647919,BENIGN
64.45737750158234,80468.8648525473,377,245278,10357.087504803318,BENIGN
23.617243267283776,17375.869753728413,330,73346,2154.5361847602903,BENIGN
15011.797824554147,15185.476831363098,331,84233,11249639955.85752,BENIGN
119502.95549080175,21413975.775794905,366,42296,68408144786.3961,BENIGN
251273.21148389942,1861440.2135495401,103,664,255457599331.30447,BENIGN
130308.78118666328,1147101.9159552106,105,701,57512967491.07639,BENIGN
234921.34198499256,2617836.8837596853,111,1420,195776456359.47592,BENIGN
119185.23350398136,1752363.174073534,192,1342,110896242673.31955,DDoS
247.95656093536664,1005.8116547688265,225,1344,2899896.4215369876,DDoS
1391.410660776505,5237.352853547918,223,1326,43943316.30514606,DDoS
1509.8594538071782,6795.005779446842,214,1278,113918233.61317661,DDoS
0.6251666635005312,3.7509999810031864,221,1326,0.012770397257624574,DDoS
1.115813742026115,6.6948824521566905,231,1386,0.09273282349443614,DDoS
9.09403305737914,54.564198344274836,226,1356,197.14603107719907,DDoS
16.750236820290258,100.50142092174151,227,1362,2550.4401104352346,DDoS
0.518856326776829,3.1131379606609744,241,1446,0.004306633685313781,DDoS
0.6331183436298289,3.7987100617789737,220,1320,0.013107328356160162,DDoS
0.9623227398231957,5.773936438939175,224,1344,0.021654127220669117,DDoS
2.7700110184575637,16.62006611074538,231,1386,2.7606227577167712,DDoS
10.164863844551785,60.9891830673107,227,1362,1100.35868453207,DDoS
0.4882814901818314,2.9296889410909888,225,1350,0.0046158194632582245,DDoS
0.7817688943788661,4.690613366273197,236,1416,0.021765525038334434,DDoS
1380.951121229911,6216.7148097341615,216,1284,95120233.11951828,DDoS
8.912945780913107,53.47767468547864,224,1344,546.5453398023467,DDoS
0.4595879219807765,2.7575275318846586,223,1338,0.003820810736859402,DDoS
0.61172843385637,3.67037060313822,222,1332,0.008655157464331136,DDoS
0.99580259863487,5.974815591809222,222,1332,0.05953924761214628,DDoS
2.8764729582487267,17.25883774949236,229,1374,2.997614677302429,DDoS
20.629762483420492,123.77857490052294,225,1350,3103.516725120787,DDoS
0.48266509481284436,2.895990568877067,223,1338,0.00535723503530722,DDoS
6.862903930922233,23.68563612168154,268,1448,389.9239977144598,DDoS
85.74655352000099,266.4217456436976,326,1402,18267.71516652405,DDoS
65.40039623499275,212.87598372571293,321,1412,15855.664373306567,DDoS
50.13147068234034,156.37292554833647,328,1408,11359.681344427046,DDoS
91.75413904798077,312.4232144471986,316,1420,15649.938727896784,DDoS
67.42143601457062,212.34441173805783,312,1418,19510.24006047481,DDoS
3750.3411194050464,14988.49437356988,309,1418,416161530.8964926,DDoS
96.56136253659263,387.02733586160036,334,1414,15215.920955479643,DDoS
53.336788171794204,190.28122418083382,305,1410,13145.379806421968,DDoS
61.40800972688112,205.38239964785814,312,1408,8569.911721731347,DDoS
5.795867499736739,18.75368198621283,358,1416,28.794611733894985,DDoS
922.3135059061563,2777.434476170475,351,1368,39448313.57647598,DDoS
12.438839663957333,41.479967325388934,326,1470,636.6606773985485,DDoS
9.060420112351906,29.962110240145112,362,1378,216.82361062399653,DDoS
150.2244964736918,466.66792454933005,330,1404,39384.127150685184,DDoS
22.72148037458387,79.41875604666528,313,1506,7674.981133221979,DDoS
24.724233488997783,84.96778119941499,314,1418,4684.877608854928,DDoS
14.59612500367961,46.15170010966969,335,1452,716.7487784849176,DDoS
3.866034644342765,13.230283892276736,330,1510,18.73281013988243,DDoS
25.20057828191193,78.38656408122992,343,1432,2822.5481280691847,DDoS
31.3184076258517,104.6069593197634,329,1476,4813.228483976608,DDoS
8.198794031893357,28.609581876244246,315,1498,214.7593780905959,DDoS
32.70824858337451,115.49783793201108,356,1428,2822.7371878509566,DDoS
28.687612905324762,92.13579262783117,344,1422,3644.3370724510346,DDoS
29.367206577458866,98.95920974157315,331,1430,4021.2920267592403,DDoS
18.958580538834482,58.60078820070525,354,1380,1835.647593563222,DDoS
6.00283833813357,20.517835468963746,324,1428,41.7326161632052,DDoS
4.992156664777362,16.985727056880485,332,1436,29.0423945205147,DDoS
6.815879191102914,23.43870482272756,318,1442,53.074847920964906,DDoS
27.255688122498906,89.3087089483544,314,1416,4765.564214516791,DDoS
28.411271731892466,95.82463875335208,343,1386,4125.741004349785,DDoS
4.934177975031855,17.744446631768767,337,1454,17.42642705581497,DDoS
29.82642805726051,99.22538034408295,321,1384,4621.854119837375,DDoS
43.5816241426236,141.0278884997449,333,1428,7728.860531128706,DDoS
8.907325883241466,35.93163161252626,335,1406,19.473438577448125,DDoS
84.6368455919457,353.53944254435874,339,1376,16002.140905675407,DDoS
4.528994886606748,15.11893677824528,320,1478,32.999570823898075,DDoS
44.43676153343221,146.9511136388473,330,1392,10969.861801117855,DDoS
55.16350522550827,176.08450098633818,319,1402,13352.145223729756,DDoS
47.40700886593784,150.60624767480496,335,1420,11294.773941481013,DDoS
44.47802541453271,153.7837398292288,322,1400,8014.641940414662,DDoS
77.00597135608626,250.23220463125148,336,1392,15293.105929624855,DDoS
25.2667470598307,80.13180040060425,325,1414,2722.555480130326,DDoS
38.74739725883184,139.10266503037874,336,1416,5421.6513821021,DDoS
25.8787781052309,96.11634016195167,334,1424,1496.5718387881175,DDoS
6.196579498775998,20.617354161114772,340,1504,62.03257930324322,DDoS
10.211321428683814,34.2916091730444,339,1376,132.19759771258833,DDoS
114.42464633331585,472.6926783215645,312,1340,18152.334926376963,DDoS
69.98134628418015,232.41964724390448,333,1344,11917.14667199463,DDoS
67.8529571784895,214.78447607045774,317,1324,9719.488399767006,DDoS
24.54810702742527,77.65010852029825,330,1302,4573.34043601973,DDoS
121.08096434770317,388.9115727973398,360,1350,14009.599753132368,DDoS
3665.694699290783,16462.9006848805,309,1280,660947912.8846515,DDoS
57.3253094202167,188.40502949372348,323,1304,7321.747607723607,DDoS
22.210423012480174,70.65068941475923,328,1342,3988.22945752152,DDoS
130.59929363644594,434.5141872862475,326,1324,24689.85067945514,DDoS
47.50968077723439,166.66536190632863,319,1340,13710.259241979622,DDoS
112.78965253901217,377.65547132886803,331,1320,17508.26533101648,DDoS
5.199826435388184,16.686375352450565,332,1340,29.246722206825204,DDoS
23.712241746841052,79.3852392803024,315,1298,1236.743720811266,DDoS
10.411032172151991,32.409000825754774,341,1324,393.7285564970832,DDoS
16.960466677920987,56.66051686822081,328,1322,813.4482786321424,DDoS
40.44010416094465,133.74434251912666,317,1314,6465.708303727555,DDoS
82.04540546446223,261.30483005473843,315,1306,26826.631431184855,DDoS
46.28733033745041,140.68348385770997,332,1332,9334.980669824263,DDoS
29.96633076412874,90.17226968530298,335,1318,5482.806338164498,DDoS
6.395794922052241,22.95284852879934,309,1338,40.59920245636425,DDoS
9.515451040968797,33.06619974646669,349,1326,81.70956176661697,DDoS
27.868639513135832,113.03149249310661,330,1372,1338.3765759055946,DDoS
26.30966067099275,84.88196002846408,326,1332,1988.9035305355367,DDoS
4.604940800025725,16.148055145132954,307,1300,44.93268418347235,DDoS
45.73982274935079,151.4702972000298,331,1302,3682.009133375925,DDoS
4.291701968750396,14.733185994036823,319,1348,15.399216377766908,DDoS
23.83890750137185,78.96487232042368,330,1364,1568.7930639458227,DDoS
46.889143906558175,153.33302274528927,344,1358,15554.562956516244,DDoS
46.328588054860575,154.3406171146902,333,1306,11682.44060037727,DDoS
9.446330249263019,31.835797139044903,331,1320,57.46115485885288,DDoS
6.4251288258065165,22.873191509028217,322,1326,30.207896474499243,DDoS
8.507467698826316,30.789871554995855,322,1306,35.62154994020092,DDoS
18.580207065555104,95.51319421480449,327,1324,1296.2799926747964,DDoS
111.28142330580977,438.7193746248329,317,1294,22223.268176887195,DDoS
15.88367779384405,52.310017950778914,324,1340,3045.416571020472,DDoS
9.544920651598042,31.14758950038565,325,1320,429.19970392369197,DDoS
6.929010146335938,23.72034492262468,324,1314,37.24807821261563,DDoS
13.860221542199957,47.450713526927466,324,1354,976.6907667320056,DDoS
52.962209608276225,166.14756602345275,341,1328,7243.862237226258,DDoS
6.3620756941798655,22.158365273478825,321,1306,32.00827929944019,DDoS
10.265071362990609,34.22301707541421,317,1306,453.31695287941176,DDoS
94.77901161004246,306.7606525773126,331,1320,20563.74640848051,DDoS
6.9950042383753965,24.949521771328737,321,1294,28.158691416063768,DDoS
63.83075319027506,222.43608769849908,325,1320,14510.480156228708,DDoS
60.38096389411164,192.7086172798623,345,1306,9451.101423199558,DDoS
4.82882926289974,16.336134039087064,323,1306,20.80966808407888,DDoS
75.03259784466978,247.8272290068684,324,1340,11473.05096327123,DDoS
30.027902271070214,94.97020417203865,333,1324,5606.852805615631,DDoS
44.56510393905822,150.83697984359773,310,1322,7676.856106715202,DDoS
59.00103317439409,185.13339145853092,344,1352,15110.823872126566,DDoS
9.677998015970488,30.114264154369813,311,1334,773.7530837982296,DDoS
38.51241431292533,129.46969087629998,325,1342,6305.215672429585,DDoS
29.470787285216197,97.96340314879008,324,1308,1929.990388316426,DDoS
5.939021941511093,22.406337089058507,312,1334,23.503977296434414,DDoS
13.15378476901676,50.47746867742182,331,1312,103.1628124100959,DDoS
18848.83111383355,18781.7468136382,240,680,730878450.0377915,BENIGN
35480.450815275624,122314.12966395228,874,131849,13830841503.679132,BENIGN
14882.642203693926,250080.6503691174,200,3384,70808492.71289386,BENIGN
18299.527111774347,297242.3527297674,200,3244,9570361.952335287,BENIGN
17944.049152878324,288622.13407685,200,3216,10660210.76464472,BENIGN
18006.0672855729,291203.3883820654,200,3230,6032376.893722478,BENIGN
18497.159664273422,301269.8408488558,204,3320,10709728.67871262,BENIGN
18050.214376055148,290633.9490265167,200,3218,4824150.158989212,BENIGN
18614.332031562935,303191.53644665936,200,3250,13445846.141687926,BENIGN
19132.497484321942,314092.514600499,200,3310,29540822.86059408,BENIGN
31536.52716655518,930898.9693239258,243,13122,11302696955.885895,BENIGN
3798.729758192479,659.622138558914,283,16196,23893101.30643878,BENIGN
16630.18893243505,251831.67725248626,274,24115,8819349095.094912,BENIGN
275875.86782349553,1950195.6030685154,590,27737,266933094273.45276,BENIGN
111063.6682990088,1408459.599841321,287,9118,109572293837.00227,BENIGN
11245.089963374701,98088.3886089704,190,8123,573375042.2217635,BENIGN
2696.3198489122797,75775.05355931351,439,294754,83496425.19072482,BENIGN
43.32016258565123,60928.62037680569,355,203671,9780.35948452559,BENIGN
90.75438258263551,123383.9328471272,364,230914,27686.770260552166,BENIGN
75.43354606182338,104343.73889551433,363,303955,12064.064267382275,BENIGN
40.6658928384591,57828.16947452329,365,275277,7795.970391119043,BENIGN
64.0513108116747,84865.41205406454,342,136791,18623.102881910025,BENIGN
6.133421096696484,7810.555911923339,329,57638,381.76107740441967,BENIGN
3.069274626090244,3364.690377401737,344,106054,20.36233121060901,BENIGN
21.793555542163695,32089.51970046177,353,125839,2341.5300050103597,BENIGN
15.89745282836575,18763.260363477737,361,119018,2776.0481828518,BENIGN
48.9138539677694,33840.789418884815,352,209808,9755.177280135369,BENIGN
50.87060215287586,71008.8109666429,369,282717,13904.08821296455,BENIGN
10.55506503132056,13383.214022549171,369,263700,302.2217462214448,BENIGN
28.694074548669235,30539.839994224574,362,204308,3065.7395004800333,BENIGN
25.288055943402334,27092.183605444778,378,278700,1740.8702687214482,BENIGN
4.389072857771005,2614.2864805713884,346,38555,74.0677712028498,BENIGN
15.587976300565726,19995.402664589026,354,164779,4240.504029782625,BENIGN
5.1245957732394505,5235.280296750247,346,107423,53.014805385745845,BENIGN
6.3403002887373665,3354.6592627378186,350,132684,39.2743815660546,BENIGN
4.5657627255304565,3123.829877097632,356,141595,27.739622364843367,BENIGN
4.4566300831330725,5333.841854630247,355,164779,32.74029411261246,BENIGN
3.7333131856933663,4253.414211878708,345,192677,15.359950996752135,BENIGN
2.8436691589808962,3038.915715712954,339,106119,21.390721305872063,BENIGN
1.7579183589979024,678.3959291596611,339,55638,2.3752630424900985,BENIGN
13.503823642116702,10118.549413134619,340,187957,1106.0754607069152,BENIGN
29.627487110553993,25262.76391639078,359,206433,3594.959233571244,BENIGN
70.13439072061573,98245.85715469,363,154499,20037.768114179104,BENIGN
22.659026089642545,18397.801810913534,353,194195,4775.447296909495,BENIGN
12.764697595452931,16985.146872486584,348,151101,2116.971233003136,BENIGN
51.73566196931036,75273.27305841418,358,241807,8444.460990035746,BENIGN
20.645689843674052,29224.940920421093,358,292342,3279.0520403827363,BENIGN
1.2960325627305362,295.50846589816354,341,35823,0.6206875843002624,BENIGN
18.061382854614706,25421.153594725252,346,166755,2637.072714587833,BENIGN
2.8036245202280226,2328.4347339217534,334,67858,18.14081958968923,BENIGN
5.63116732757773,4271.713423646025,366,178386,25.28191996187365,BENIGN
17.020704265041044,20552.135537372633,367,220052,733.999899925099,BENIGN
4.045352085785279,3470.5230100818076,347,128595,45.54166538167265,BENIGN
38674.01782813404,3470318.960886216,341,88525,14855753096.499447,BENIGN
114431.8839866424,708589.1691729738,107,2167,33300824892.397293,BENIGN
54839.27544898389,1428666.323863644,363,14780,30385234367.848995,DDoS
2.930933974390187,10.610481332960434,317,1434,9.04581760314131,DDoS
52.63233259781455,166.6299868101788,349,1402,9015.05271128464,DDoS
7.732611386497817,26.787213627831694,325,1464,126.64459985301002,DDoS
8.38950686711606,30.126977376367744,324,1390,132.64977321831384,DDoS
116.4582264554912,360.8913382872655,360,1382,11504.755130038331,DDoS
17.68652181833571,80.04903669875415,313,1456,234.53489889973542,DDoS
69.20507246673266,277.8584287338723,328,1436,1921.4618810133668,DDoS
0.9330734607231556,5.598440764338933,222,1332,0.038425326069062266,DDoS
2.5967007685557686,15.58020461133461,228,1368,2.8832392229533115,DDoS
11.99126003061716,71.94756018370296,219,1314,835.8930215826535,DDoS
2.656748329090894,15.940489974545363,226,1356,0.10754737369948268,DDoS
110.22918054556807,661.3750832734083,189,1134,30674.667458428674,DDoS
46.26582853545259,277.59497121271556,222,1332,2329.5268693542503,DDoS
2.5675367942669953,15.405220765601973,218,1308,0.07922607606214961,DDoS
2.6939830626158816,16.163898375695293,220,1320,0.14052253723118238,DDoS
285.5871996804244,1662.016441190574,214,1228,443176.61523591535,DDoS
30.000526878305877,93.39970873753693,319,1348,4173.745700765237,DDoS
32.564442270206904,95.10461574328467,339,1330,4670.051126911527,DDoS
16.896017683090044,55.61525335427736,321,1328,1572.7595744128837,DDoS
53.92704771773125,169.25188428626984,342,1306,8334.237252354329,DDoS
4.728732088409581,16.56159760120314,321,1336,21.671992092556714,DDoS
70.93912108890602,229.71006776097255,333,1322,6351.66479780611,DDoS
6.234864825867515,22.734147925610678,319,1322,99.8304291537725,DDoS
57.543958260012715,188.50817766576387,352,1328,2565.804375915465,DDoS
114.38683951443493,342.21252614105816,334,1320,56506.110099485435,DDoS
748.3949555643298,2374.5077448512766,338,1336,2479399.4386494737,DDoS
51796.8040446076,181120.23777854495,193,910,17891063481.46981,BENIGN
70672.94020594792,3018156.58636762,408,15900,35617839159.46488,BENIGN
12.007203371414453,335.752702199393,1882,85014,438.65935499168705,BENIGN
5609.8026633469235,991736.2496486196,1491,31942,891208046.1344666,BENIGN
9233.971344630276,184074.57986752767,200,3770,79189775.96844135,BENIGN
14035.82778927533,90042.05441041937,358,7304,5212207087.17698,BENIGN
61656.13212984123,1252670.9074041701,305,14944,88184250038.64264,BENIGN
118.7492541299634,3282.4487733339865,108,2866,250921.1213846499,BENIGN
54.35330941396715,1457.5535126539207,106,2742,825.5778305319191,BENIGN
579.1991390459559,16885.001862296944,114,2656,2113175.558760684,BENIGN
15420.759513609803,85220.32864025387,333,194665,5703108812.764238,BENIGN
4.4681884073759734,5497.099870762393,342,119738,92.77036599655858,BENIGN
7.1962438883444255,9523.635792579687,363,240480,74.95473082373363,BENIGN
5.373578709841367,3395.313409075607,351,153833,171.89308694778458,BENIGN
24.414280563770994,96.64371744467425,336,12621,1301.3076337845089,BENIGN
19.4356171043027,7653.895388378264,345,54912,806.0850202404729,BENIGN
32015.813185706917,1644826.1634923846,396,42680,13341040440.942034,BENIGN
2654.991711703138,30931.3318284577,1130,49529,48782179.90248652,BENIGN
9614.162972436423,203831.56271139652,355,11627,116244921.77059454,BENIGN
12701.098123773807,234681.1142585401,200,3682,133597616.01792407,BENIGN
10376.898199307094,219196.8378270444,200,4280,122045650.70663026,BENIGN
7991.207991150179,170857.30485370618,200,4056,100403744.3862238,BENIGN
10839.667185338436,229641.93523762186,200,4164,98970797.00953108,BENIGN
12271.19782610664,231608.77646242137,200,3866,114086803.40724318,BENIGN
12677.566591500527,90897.05149345906,788,59363,2464263048.478823,BENIGN
465.6222852089039,3772.5118823840457,2324,49860,4588043.718240215,BENIGN
39.60778186296165,854.8834730814042,752,36202,6542.097899121291,BENIGN
115806.38131066466,668405.8044835728,2437,58629,167631197501.34048,BENIGN
198157.5594891293,2892961.027394744,114,1028,72809634639.55403,BENIGN
364158.39664667926,3349088.6105902176,169,3060,263619978999.30707,BENIGN
6271.082762078273,114726.96719219816,778,47898,67667748.1678354,BENIGN
27038.210466552322,82852.65919059972,183,4330,19985140922.765106,BENIGN
12217.188722987867,173207.90103823555,963,15416,976918570.1807939,BENIGN
5889.205872966553,111742.50425202679,818,24178,96132918.50941779,BENIGN
114582.11794176917,1774155.2717573633,282,1275,50398427537.93629,BENIGN
28832.276223530458,647941.6233432534,945,15392,6646539460.092735,BENIGN
10035.447168534574,157728.77254288862,254,4658,127493547.11205001,BENIGN
9587.563707925485,296150.77526901034,294,5334,959344771.225263,BENIGN
12487.752181735836,622015.9877942139,1741,28156,7661987822.636024,BENIGN
484.10647123410547,4630.0096898088705,537,22217,4288355.959245824,BENIGN
24234.07816873168,20781266.713690296,2435,48064,19933790341.17208,BENIGN
189484.47930814902,2539451.282876264,445,39041,190522040265.09296,BENIGN
200864.82693275274,1091188.9741427465,125,777,239678297624.3211,BENIGN
113024.28146703992,426035.63081309065,168,1535,107220585525.61691,BENIGN
128437.03661620029,542276.2264031342,744,35772,68510615423.2074,BENIGN
31.34076936786819,542.278291895124,1889,43271,2217.691866128734,BENIGN
266.0401531850055,327.32102580066834,636,17351,2928235.981732852,BENIGN
3875.1428557413055,69789.77808876873,204,3766,52033588.95017895,BENIGN
42334.032425414545,12386835.128265498,1045,44926,79962200465.76335,BENIGN
768.133554956552,14593.941701193167,1082,35272,9147850.525427543,BENIGN
9129.217347774573,278397.5674768097,656,34931,79099207.66184127,BENIGN
22194.243733756426,712471.409000044,234,6756,6800162597.050095,BENIGN
823.3394975337181,24219.727247096776,104,2622,2759909.5542038875,BENIGN
1453.098404311528,20526.36470141925,265,8268,22341335.797189962,BENIGN
18858.380877604926,176503.9871579964,691,18148,8825047036.906475,BENIGN
43962.096973902786,936827.9122931384,581,68712,19156729870.981472,BENIGN
90794.3295710947,34900341.709093936,480,47107,49279800908.62965,BENIGN
91207.58750782277,964224.0788419519,286,2711,66351638537.84653,BENIGN
128364.98012124594,627256.5234618819,138,1497,111143732881.87212,BENIGN
52547.21408343548,20844825.17092454,1075,55557,30313821628.01377,BENIGN
1037.4786631493207,6999.369988883078,7317,127979,23862537.087804157,BENIGN
7102.0722677539925,142842.06530684323,293,10620,109259650.63959539,BENIGN
11713.26095624862,241234.30169857747,242,5518,121918184.7349662,BENIGN
10809.538541767339,213018.84572156842,254,5574,127453658.60937819,BENIGN
13803.594810325767,274311.87699157814,240,4916,99888118.73721388,BENIGN
14687.876275629073,281201.2076246063,232,4862,102044709.68380712,BENIGN
9500.73995508848,196950.85422163978,264,5858,125978981.17117457,BENIGN
5228.705408766297,90262.4605959029,820,36800,85188608.84670895,BENIGN
380.215811647915,2772.306369484009,1107,36360,5201474.966942264,BENIGN
-35633.764687774594,-102081.22978125069,698,134873,81021536994.8601,BENIGN
29227.738426411994,3019282.867341717,815,29616,13948666913.93641,BENIGN
269.95061741116245,6436.579187051598,106,2743,776814.5721384367,BENIGN
533.3260881948906,14713.871515306604,100,2615,1759737.1574222299,BENIGN
184880.8203572216,1252564.0257212752,268,13466,311628086139.8848,BENIGN
278637.1906839203,6116581.763438181,152,1594,230091819980.96167,BENIGN
131004.26026842362,856122.0340180431,313,7960,63234038433.30323,BENIGN
61545.644374886055,12364381.976498656,563,47551,87051272596.8022,BENIGN
57299.72133028255,7759305.962755587,487,35255,35067514307.10979,BENIGN
8552.532986037644,1579492.5545187169,1053,49716,2604694087.107645,BENIGN
1216.7777120723551,21667.210455105014,3017,152260,14958183.986785017,BENIGN
7652.422977355795,930825.6895377839,271,10399,1300161808.528544,BENIGN
127575.66620189493,2030546.0293418772,484,16472,135148663545.31303,BENIGN
216118.58858279508,2178242.003413614,208,3218,287840372783.70715,BENIGN
5681.5901541189905,106700.84358191384,956,73660,100815538.4137345,BENIGN
12041.632180390461,221910.5797288417,252,5402,140776684.64649796,BENIGN
2004.970419617646,37545.78363499296,3266,51542,46704891.024537824,BENIGN
12177.886480023068,62018.955942516324,527,13419,5009533389.481012,BENIGN
4542.678650735706,72304.65562662388,232,3894,73814179.07888563,BENIGN
8286.893966046982,131286.00517719495,227,3867,66137624.72310954,BENIGN
14204.398239724645,95753.84999896698,1063,18499,8899846226.916962,BENIGN
11306.923989070756,2546160.6278717746,963,31126,5862811056.985776,BENIGN
73274.40269807445,756848.7104636474,310,9118,40041346638.22158,BENIGN
220.60469004778076,5585.677234343965,112,2639,891406.417303678,BENIGN
15882.797578303584,649441.8768084564,129,2650,5033436770.42109,BENIGN
122655.30722757278,1522753.3394311669,308,15345,116112973311.81041,BENIGN
401866.70480723865,4566055.210915695,116,724,500013959709.70905,BENIGN
341744.64570307144,2934256.294531516,115,3691,203021870754.07092,BENIGN
69831.19876494187,784527.3588761151,1005,44020,96010606400.84299,BENIGN
14008.129291284298,285981.9159485565,256,5354,164430797.37298992,BENIGN
11263.972218700104,210879.69560732692,258,5280,158005079.71713552,BENIGN
10989.64497296477,199864.66294734323,246,5032,112420302.44273727,BENIGN
9128.743389792862,167633.43780616688,503,17483,125093174.62908272,BENIGN
45569.91408658882,159711.4172504347,694,35856,79834611515.5429,BENIGN
27123.195837440653,719216.1185582811,512,43828,16160918555.757502,BENIGN
26677.429537115637,730608.7140993667,168,4930,16200825364.72627,BENIGN
266.85886478580585,6633.003444451589,114,2912,757896.3938602691,BENIGN
227.46957950115015,6117.6515360825,108,3024,860544.113913859,BENIGN
147.31590038410945,4401.904899475451,104,2606,503756.91781932657,BENIGN
215.91900661198397,4996.291895098672,106,2733,686745.2529093012,BENIGN
5907.213704991983,133545.52855094254,641,23228,111728496.21354951,BENIGN
17384.975024256975,370914.44947011984,226,5038,152323456.7071002,BENIGN
7438.298987587339,173209.9271299496,258,7020,130685658.61524749,BENIGN
7783.510519770115,138772.44025700298,1809,53944,176766726.1369452,BENIGN
25070.301191908446,1214805.2551999437,486,32264,8753699427.095095,BENIGN
3701.516471923161,62855.63226465881,829,52930,154617621.7442686,BENIGN
25035.123777161563,216197.96911301912,1119,64811,15942089525.417751,BENIGN
9717.032940443676,177094.733809214,369,13774,145642946.4318885,BENIGN
17034.754154281938,333493.22336353135,204,3920,122221937.34562881,BENIGN
18528.411859030097,348302.7494130364,200,3774,121654105.94519036,BENIGN
15331.525001005355,290651.2296719891,204,3752,152789200.37885153,BENIGN
11770.040840151074,243845.44494145838,200,4034,149726124.5296445,BENIGN
13433.371464148257,266278.05968712014,200,3940,134940260.32830864,BENIGN
14762.600680450927,282713.1620350571,200,3896,143418116.62483108,BENIGN
5652.574600728795,122842.1512289248,739,28433,102587834.5022098,BENIGN
314.06416796907223,1923.7303921363803,4332,85179,4881817.574365634,BENIGN
135924.41287236623,2135667.0834658653,564,51449,81715221012.2284,BENIGN
201285.65422639827,4331816.369824319,111,2033,81149215041.06268,BENIGN
184469.34348525607,14304133.313850839,392,24917,191043501051.45456,BENIGN
61678.115671284,379098.156447418,675,48363,87304172992.9578,BENIGN
47417.983728795276,74718.40589828885,189,3329,19006624887.45434,BENIGN
122248.8621390829,1429135.223641529,141,1170,66863941638.95632,BENIGN
224116.37760128573,2254345.857817089,138,1339,149052567936.10965,BENIGN
57501.0145675794,378853.00854428986,389,36956,87405868036.80217,BENIGN
42594.97999929374,280015.2807672918,1126,16854,79823080056.60622,BENIGN
66060.3250981798,944431.9521452354,1376,32812,94073249130.64694,BENIGN
79095.3647751307,1268979.7643601433,448,24848,86678336289.33182,BENIGN
66551.8099202035,1452218.1125717706,414,24804,33070878100.891174,BENIGN
182867.3695852984,43909584.27549106,435,35150,138074642830.51556,BENIGN
259238.03473272812,2229654.001964149,305,667,191672731551.79224,BENIGN
303584.42820597184,2271939.8950031344,333,7936,150804182463.99734,BENIGN
16262.559582130772,677407.410074975,959,18384,8436499008.03375,BENIGN
41791.694883623975,12396879.06115938,382,29297,79893632757.0406,BENIGN
67072.57746149939,1592701.1269879881,312,7086,33790631986.77075,BENIGN
66560.55787652411,705800.3270005868,184,2617,30932353993.183434,BENIGN
17941.716398779932,129726.04152410828,400,32503,5048720874.336007,BENIGN
1266.2993487272622,28078.665649850125,5989,119353,22636656.10199978,BENIGN
13204.185880449457,242870.04762280156,289,6515,156661904.05147874,BENIGN
130844.31581407248,19334578.451609455,1083,80807,178761323355.65063,BENIGN
538.539120464223,14429.85492875901,104,2599,2297499.1047677975,BENIGN
139.2735443167865,3400.674306591684,116,3048,412548.94343402586,BENIGN
199.12029918892637,5773.716454600237,564,19327,666566.1201143577,BENIGN
8657.468078878626,177744.20486252796,369,13340,130328812.55632865,BENIGN
10621.360231818642,217865.4993006828,206,4130,136522830.89728603,BENIGN
13604.986175669423,312013.0445461725,206,4496,113598039.31051262,BENIGN
5179.513551100377,114796.5949926941,892,35092,71999128.01656862,BENIGN
42416.38833155796,2837415.163345972,1117,56477,26488444729.958206,BENIGN
84161.87784315374,1101917.554197577,406,4482,94534471962.68059,BENIGN
38880.35023002815,3145635.143788674,466,21230,12244424258.650612,BENIGN
102155.30457754474,17170503.831776068,1292,53200,109960701743.80013,BENIGN
9474.285929150254,113136.30597215962,213,7882,159223173.31324732,BENIGN
182883.2654726762,3249258.9798632096,201,5136,224676894298.84,BENIGN
164081.346044276,1622099.9257930398,104,545,71483829095.50822,BENIGN
79029.16632134603,21184515.988679618,388,34154,42318777259.707726,BENIGN
227.93373518651342,1521.1265543010945,808,47525,2333638.6602118555,BENIGN
9.688446223082522,325.5151299301647,2421,99743,188.8016170130816,BENIGN
22.2163361093714,1195.853997692672,256,19795,793.6990411232358,BENIGN
582.7005696612589,3929.3740977474185,630,34245,8122327.096491575,BENIGN
6633.975543242949,124325.36124878183,350,12921,90145784.18288134,BENIGN
7281.869730899223,130934.10035760082,250,4750,114761703.21468484,BENIGN
9197.651221043187,179688.1022838518,266,5892,126492401.65410542,BENIGN
6048.475213443994,112502.050204604,246,5108,88582558.02198708,BENIGN
9243.7317086656,176406.61737825457,258,5586,112658717.4736613,BENIGN
6469.986122831104,118386.5542547862,254,5232,90647429.72847258,BENIGN
5559.066490958186,92983.0942679802,266,5090,97310433.88979098,BENIGN
8201.91363285407,138553.0455709659,250,4680,97729245.47272587,BENIGN
7926.905158780872,145595.37305528,254,5086,99028926.63758636,BENIGN
10035.39689139746,168666.89835329514,238,5266,111111436.22010873,BENIGN
16058.904879724689,117359.80375555439,957,20862,3901191828.342741,BENIGN
138.1696887632115,1202.0884644185037,525,46065,835625.7714235863,BENIGN
260.7080078629705,1957.044956250346,1649,50890,2304722.775427356,BENIGN
1243.7327683007306,7649.036248725384,999,60509,30541274.07240435,BENIGN
2.6538681565236533,116.79967784054477,1239,50530,44.21223261675662,BENIGN
828.2145417256796,5276.366894375891,1013,46890,33300155.72156342,BENIGN
1108.8209442930054,5049.907045519205,830,58449,21219224.828625686,BENIGN
303.8081229037987,1275.8738027627007,905,65889,4022345.1183778234,BENIGN
698.4141807144508,4515.364644668213,728,71137,7653950.891564126,BENIGN
418.53563682403905,2697.148608113152,1158,43067,1944291.510679422,BENIGN
55.08017355192165,781.5517511197282,927,17647,5421.590563475619,BENIGN
1174.8817821798793,700.2394966137842,715,27501,21606404.959596425,BENIGN
258.24468834548287,7499.058990738451,118,2900,826159.3810920916,BENIGN
310.50825644284583,8620.007714139794,110,2730,1093614.9092040937,BENIGN
128.45101826266918,3656.513286737319,106,2672,315630.46479680657,BENIGN
41.100739692262074,942.377140447568,110,2522,762.0400602179251,BENIGN
132.41333416673822,3356.9817771848657,104,2471,322937.55137074384,BENIGN
16133.784884756546,79288.86630353259,116,2453,7300602605.653564,BENIGN
159633.98001999914,752930.6976148426,288,7112,168629311425.491,BENIGN
186137.40211764633,1574779.8954372176,113,663,134940957655.91528,BENIGN
115254.60180204989,2289577.863684493,227,1785,101929111974.33136,BENIGN
351073.4369741813,2851512.457463558,112,978,152804432828.60358,BENIGN
27016.78998480025,154044.2152918199,766,29042,13596010127.69953,BENIGN
9333.2968170404,41044.24834402253,1076,74034,1278112302.3588533,BENIGN
8461.43666785334,179526.87886729784,246,5700,107533952.12591167,BENIGN
10237.971002405044,177217.14735176176,288,25568,157876209.04454058,BENIGN
2312.682447969532,14137.38366990159,784,23756,47849216.452928245,BENIGN
2720.2791935670484,17110.16786379338,646,113809,68604329.3904556,BENIGN
6451.014059262054,73866.66270539646,535,31233,50487687.70767076,BENIGN
459.1506721417762,9178.922222768875,120,3032,4362834.495734048,BENIGN
24103.249676117928,132460.3618255878,578,57867,14917338956.760391,BENIGN
260334.12417947478,5433101.693357162,115,1276,170531023166.32462,BENIGN
126112.21834463306,509059.45390935836,156,2778,57493903469.140236,BENIGN
21681.35881059535,157072.91705135338,356,10077,9245210756.498924,BENIGN
99232.30801856625,1869988.1461056084,1031,15500,105291475377.16908,BENIGN
150.92130326617553,3411.8133985779855,185,5173,391104.7389189489,BENIGN
48.24741106085227,1268.636681621875,100,2618,654.0944938206013,BENIGN
376.8196328514989,10230.51562295692,102,2407,1414190.5883752506,BENIGN
72642.02097993331,22274537.14064847,355,25891,37477357846.17016,BENIGN
5002.416561703819,30412.964252113885,1037,52140,252868089.89210206,BENIGN
4751.439916469433,87384.76219241036,280,15668,90751749.46162955,BENIGN
10303.260147561848,210294.11858546603,212,4120,132956220.07802066,BENIGN
11360.47458436936,224880.27128124813,208,4104,148272524.94838256,BENIGN
10147.30914433554,214373.26191471025,200,4074,136150529.81897664,BENIGN
9964.67174126618,186554.12803073242,200,3874,123317524.96698652,BENIGN
8171.52717186987,148589.2961877561,200,3436,122546197.50903732,BENIGN
1906.8817876305575,32242.3986680013,640,24800,41942625.70682766,BENIGN
3048.811237962103,18961.34431628733,1076,49643,45844164.05562645,BENIGN
13230.707530482412,45173.756720728816,1826,61866,3655107010.4109473,BENIGN
3067.887596999665,19010.040035116457,605,46276,60920839.14843981,BENIGN
43856.0518927831,152591.65603181694,536,26732,79744098490.86876,BENIGN
74800.19073428109,3911250.9056729446,367,16443,36154797780.398926,BENIGN
124600.19178742335,1234725.924572167,103,523,51015842933.57006,BENIGN
223151.97662332476,2150225.385053273,281,16300,135677262471.36024,BENIGN
152130.59913746273,1119525.489373939,354,7444,185141280905.82614,BENIGN
22781.134593048766,2980819.717333428,225,13084,12394693833.64265,BENIGN
6874.539340092841,144423.35927332714,971,23400,106532008.36212572,BENIGN
8253.982693793741,168392.5536876483,2390,32179,108745502.17794675,BENIGN
23002.600409628027,889384.2572899021,5450,33411,8823804760.923378,BENIGN
122246.65841244502,1317942.0989287097,129,1528,56063382816.97957,BENIGN
284792.8125254364,1886167.886939868,149,2344,208870439305.17023,BENIGN
30234.72852384874,314199.9114759291,2785,49590,16363140377.667898,BENIGN
7633.236788682656,142571.5702152067,200,3754,64541145.08114315,BENIGN
73786.12969931493,12666192.418820925,680,42849,94367743437.75963,BENIGN
41724.245824439844,5001714.526163395,194,10599,19424909300.21452,BENIGN
129258.03522191002,2028155.8938985998,417,25077,78083083922.00516,BENIGN
227383.44425455827,16919572.577953503,314,23619,251794312587.89233,BENIGN
58551.77865280048,1440656.9569464582,344,8328,23542199257.95365,BENIGN
274170.7401147049,4037757.313406433,143,2042,283213395755.6285,BENIGN
189305.54129048367,1074902.6764487957,372,35727,184810142788.75217,BENIGN
293.142335559801,7917.919196308116,110,2845,1105741.8078491366,BENIGN
141.55006692756996,3697.478824415022,102,2644,372570.9227957663,BENIGN
2416.5958295817436,12508.569996035647,210,7638,94845010.97681347,BENIGN
2405.0772936292938,7990.704202569542,3375,76470,276606644.24290836,BENIGN
107.69195834414315,1791.6277722487416,1298,45267,122775.6509944821,BENIGN
9186.614950024546,200384.45059654446,212,4426,135816772.5343989,BENIGN
11575.891059949798,247078.94859783284,200,4032,152950112.8558746,BENIGN
8237.120186140937,177156.02495458207,200,4108,131649332.45989819,BENIGN
8416.747897642756,158890.81576758527,200,3856,143306128.69415057,BENIGN
8105.181327650195,120429.05297387176,471,18167,194398342.11687326,BENIGN
22362.2650501507,67326.0722810138,751,25851,8353693088.042473,BENIGN
166397.38661470672,2007055.395781305,387,15875,180813421416.7083,BENIGN
227876.8061771128,11072203.308901964,515,11785,207659535315.952,BENIGN
19511.69840597394,590439.4329662201,930,28972,3385393914.9218,BENIGN
595.3800392748278,12319.674726749798,139,3640,5242220.377012633,BENIGN
18598.70784187941,875833.7578744751,523,16831,8867981291.233017,BENIGN
6698.397771211989,41213.17980795487,1071,26746,294905844.0161354,BENIGN
4828.557198837871,97942.88147209192,1351,41995,89258863.13358976,BENIGN
9811.79676149123,179850.20022853508,200,3732,163964681.8555551,BENIGN
5685.6887038889,112337.46996653632,810,15789,105571061.15923995,BENIGN
167116.45073279395,577778.2038977544,110,399,173393293386.42212,BENIGN
143748.57732634374,25883211.00779397,404,47034,174038726077.2341,BENIGN
72886.53971309809,1801283.6103167948,251,8476,22110343799.06761,BENIGN
183525.28273806747,1595613.509965657,220,2181,183457670582.77365,BENIGN
81255.02576142288,1375889.522015094,414,34014,88655956493.4032,BENIGN
39584.54362665702,2033261.088534258,278,8110,16602017213.358583,BENIGN
76392.67618372035,21126568.33527265,239,24289,43867615307.25571,BENIGN
38075.430083532745,2861314.4234890086,462,40251,16853394043.033787,BENIGN
106696.10055676078,1231225.1658365903,373,8847,62233980117.41195,BENIGN
32259.372172798707,2780430.9101727577,611,22842,15154139768.371595,BENIGN
30135.531341582537,202848.39049837255,688,63976,17342749889.734997,BENIGN
7979.411124941262,143870.71428992113,828,52814,146551621.0169535,BENIGN
16725.520160145938,332289.5505746583,234,5094,168396378.17490104,BENIGN
14367.30709606686,299002.7585448392,673,19376,160656240.83057964,BENIGN
532.9929684111621,3568.4201391545053,5164,84483,7725971.996064802,BENIGN
21.119245318689423,714.0213221145463,3128,116131,1650.689479928167,BENIGN
8407.635910804709,167426.74712953152,354,20287,123002502.9371121,BENIGN
13321.112982775523,272655.9939459741,248,5380,138827804.2523992,BENIGN
14070.493064135124,259875.75908466335,246,4818,137527017.7352866,BENIGN
9507.458390139662,206319.29143529537,274,6054,135099271.84068027,BENIGN
13215.616353055286,270883.59828439925,256,5968,120017824.7419251,BENIGN
15857.02814998171,284169.1716369114,228,4300,109961529.83147742,BENIGN
14032.947961179167,269508.6144584168,238,4898,124232935.77205525,BENIGN
6537.00652972291,116046.75246660666,1208,49417,122826026.97738624,BENIGN
73.35115041731598,540.500523658884,5810,70354,62786.431224710796,BENIGN
52.159155364528104,2096.1208261947563,710,113300,2779.3428124772054,BENIGN
33310.94153697848,3644976.2865636414,668,22332,18242002744.68017,BENIGN
408.1625150237305,10862.380434469442,120,3114,1296900.0401493206,BENIGN
309.81848173096677,7534.528171686984,124,3345,1143068.9506471697,BENIGN
202.3138280454928,4712.593325884895,114,2889,633997.2178026893,BENIGN
88.37201067129998,2150.9492519827786,124,3126,108825.49476376791,BENIGN
112054.4099235409,1869767.7007352142,284,11164,161052916311.88135,BENIGN
162876.71354871304,2591812.056540396,244,13048,122868534178.43637,BENIGN
255669.93257234764,3444759.60644474,218,4188,265093896483.51996,BENIGN
33232.39950098635,305172.90984112554,368,9589,19638806208.501972,BENIGN
5895.810564340536,35512.47618270556,886,37079,128981067.40746325,BENIGN
12769.602207730759,219824.8711497981,258,7575,122411038.71081123,BENIGN
13389.798424192033,265173.1300816574,252,5056,122911647.19228363,BENIGN
6150.862085779193,84998.1783364491,769,26579,88135521.44004063,BENIGN
9036.868883408937,48396.801463588105,660,22658,909387588.6901596,BENIGN
195.08864505419967,4606.750428183547,122,3124,549329.2937508161,BENIGN
182.22181235092572,4746.6743829131365,114,2994,454682.42521573254,BENIGN
530.3733585944738,7582.426446427375,624,19872,5861494.7054392565,BENIGN
1258.8336718400326,9202.414413404473,1098,36665,29155010.692157257,BENIGN
12634.839257014635,249800.0272011589,317,7548,161373578.4621359,BENIGN
14025.117328952834,280216.3601293075,240,5154,141039757.51545572,BENIGN
12006.458355806875,242422.63487567432,234,4812,153376525.93507928,BENIGN
15869.154545105834,321812.49263875117,238,4758,154214505.94625366,BENIGN
16449.58380788613,317913.55526896287,232,4750,132166059.65294778,BENIGN
7332.788523888268,147545.56637553137,1478,51037,122007554.97170976,BENIGN
14769.079951050331,41194.35166970782,906,28884,7192665302.754798,BENIGN
5779.868603724566,38808.99380939831,647,65275,343849851.1892851,BENIGN
29916.81690066837,193864.84080851925,599,21729,12592877995.357023,BENIGN
386942.45242760365,6362772.838275144,125,2197,331606310643.14575,BENIGN
155263.4805004944,2192989.459827266,109,1296,63717211916.19294,BENIGN
86047.47008833819,765210.7237484247,262,1570,40621654606.1434,BENIGN
121475.43696436494,1717734.7881032908,383,30156,65528770489.41477,BENIGN
19085.845754905095,342640.9298929705,294,7856,457533754.66004455,BENIGN
17658.35953651108,574527.0670350672,425,14416,5845300688.081257,BENIGN
3242.043883733811,56823.4800935157,200,3438,53836756.4856574,BENIGN
2632.1763769392182,33947.93579792159,2924,51996,46472378.143238075,BENIGN
1316.3025387299567,7431.351945360289,521,15654,19534832.115501203,BENIGN
341.36278349121244,8280.379121726264,104,2636,1186681.5269492227,BENIGN
35435.3209306893,242228.44380532418,137,3234,44773735406.97677,BENIGN
34623.745951742356,742377.6238040644,580,22688,24388920964.226395,BENIGN
10279.460376358336,192194.46053990407,335,7631,108970264.19655204,BENIGN
12656.749321171788,252438.39479766932,202,3836,131569073.7711002,BENIGN
6091.811783860034,123389.00273415553,522,9461,96526096.10196725,BENIGN
3797.413685868976,23432.565289093767,3696,64779,88293682.40573916,BENIGN
200517.28603070806,1437042.2897269314,2203,17400,206131737330.50458,BENIGN
52565.033493173185,277236.47922565707,140,1086,10035774007.043869,BENIGN
237233.93785999506,1114145.2485848241,113,1204,212167852608.12628,BENIGN
209595.73847902566,1731336.4692082298,352,23221,197471530449.37283,BENIGN
36501.71526127562,531762.5184723545,452,18322,19422450819.513103,BENIGN
12670.908119161631,267250.0909834409,240,5442,129933620.21784057,BENIGN
10420.332904625551,210442.60764536756,266,5936,139383253.77155295,BENIGN
14362.260136689532,355928.10706570843,728,34883,331569010.52376276,BENIGN
10.006024815794136,446.20798614539643,1666,72404,107.36533916487171,BENIGN
45663.4867904764,1914030.8365418685,428,22266,21787554694.710423,BENIGN
72.17249685190356,2002.2542160269002,183,5244,28302.774804700533,BENIGN
56763.15596873452,349600.1392923655,284,7650,81906084363.94278,BENIGN
211312.42711110416,4622017.648574017,229,4050,246920130053.34335,BENIGN
350919.90695890784,3052268.816284082,421,20339,260636709222.2893,BENIGN
20395.283305944362,560647.3591814238,202,11038,99072853.41878317,BENIGN
96286.52917689347,3007969.6312812455,230,8507,108129679999.88736,BENIGN
148501.40690475726,1912401.011466035,246,4845,123981227351.00061,BENIGN
216292.98027205697,3578291.6592873307,112,1673,183887614816.4767,BENIGN
40738.4484374725,235781.06825901777,326,7528,17116683646.451662,BENIGN
21149.57881930833,233655.09046504262,1193,31079,8798472002.506277,BENIGN
8099.020820990334,160021.63200330286,3338,33290,122284757.55274175,BENIGN
465.84869095337666,3118.5830436665474,1042,30593,8873482.260500869,BENIGN
3090.927901894908,59447.88471566176,223,4266,43367141.02053974,BENIGN
3934.118143480666,72756.84814650397,200,3520,54536690.53578968,BENIGN
2540.680483729009,57168.92075943564,207,8143,35972435.42724475,BENIGN
1427.1090153352427,8220.602874226548,3853,125153,73701942.81555992,BENIGN
33548.77795666532,2154475.631986999,524,51666,17433729360.88038,BENIGN
693.2586577422196,18555.62581884327,102,2632,2113632.4305079193,BENIGN
521.6922919884436,14871.858430109225,100,2573,1378577.8467831202,BENIGN
575.6746510775449,15319.867021019856,108,2692,1817796.0005443804,BENIGN
11885.438630500757,2285572.2069971412,314,12087,6383903040.502926,BENIGN
13087.792859608664,257966.4480977603,299,31413,209279680.07299584,BENIGN
23492.56042652198,20846137.90539247,1545,63728,19969087736.308857,BENIGN
24824.37556284305,576903.6869419886,203,10996,235575125.94153166,BENIGN
208583.19578251074,1669134.4846504508,203,3787,141918070549.92242,BENIGN
206261.0311102014,12716896.506383471,387,22895,248512580144.54834,BENIGN
108440.62231993159,15479663.998938913,460,42823,164169991244.54883,BENIGN
77066.78670463849,6855912.839389571,443,64133,103307274405.76648,BENIGN
48291.94548617076,222241.06521592577,432,18985,26184183460.09896,BENIGN
153317.00526360198,3269717.37671448,294,12777,179727476352.5448,BENIGN
89282.96847358823,493341.7735455668,300,6078,33763746668.69395,BENIGN
28134.363010883728,1003039.2733071216,322,22142,6127566323.830285,BENIGN
148.0330591940687,4115.522402401464,104,2615,525401.2572534193,BENIGN
22238.9700522962,902731.685787923,781,25033,8941234123.789545,BENIGN
5900.9423368546,74983.078834413,462,14197,145616271.27979293,BENIGN
11866.435522563173,240100.42728503046,200,3970,170323880.52907687,BENIGN
14184.23362672634,269251.8882875637,200,3766,151473111.6059573,BENIGN
13433.476727447023,200301.1162104745,796,201001,168257420.11281556,BENIGN
5933.4893753041215,18252.4924146642,3527,36363,789315900.5631297,BENIGN
72182.00284536034,1508499.6384054115,224,5704,26902629142.72686,BENIGN
148624.31697989895,752033.0227451589,108,378,67191057548.91763,BENIGN
152460.94178253115,1109481.8178268143,969,42129,115408356964.80945,BENIGN
13094.8974486898,262845.9791033854,248,5218,136833409.0052588,BENIGN
7944.8631676348205,100030.76172061486,1942,45289,217744507.76531902,BENIGN
80102.51400641384,7081819.234914715,274,24648,105123655736.24573,BENIGN
10474.559935597668,628438.73448068,162,4829,4996837470.837311,BENIGN
22935.286495074382,1003886.6032876438,1156,28798,8848530277.287016,BENIGN
87952.06764419442,930231.2985019297,493,10387,41844464189.363556,BENIGN
65703.61186494995,520123.96582538506,443,8350,28584770382.94611,BENIGN
36404.78174066393,1531688.73189089,1894,41399,15140972814.249601,BENIGN
216086.85287229693,2116753.2980613606,153,1874,120970590720.10162,BENIGN
14465.675302652326,212063.49930724635,1796,39420,5182125879.508367,BENIGN
6964.573248636694,139578.7664238736,344,9514,114465368.2127765,BENIGN
11899.984751466322,257409.02647418118,246,6372,140792404.12478277,BENIGN
4200.978990432171,75870.98846514146,6792,75890,82630055.48373625,BENIGN
42160.85010771147,267508.0844277127,785,25228,79861271646.56148,BENIGN
6658.7525364574485,169629.46727453847,829,33251,100022768.60317983,BENIGN
4279.960153014683,62616.641656056236,6951,93475,80385607.9372967,BENIGN
1942.6257761953523,656.4115300900334,259,14929,14155474.396433705,BENIGN
2642.0921706482886,6192.271953953392,214,12946,10118421.461701093,BENIGN
290.8603264132379,6664.961233219323,104,2640,1070458.691626012,BENIGN
295.55866584465383,9481.323648597116,170,4951,1159674.185650501,BENIGN
7264.362241897028,151191.00222952265,359,10951,125179869.79480164,BENIGN
3734.607652377839,163805.66045723652,691,18159,79122419.27927403,BENIGN
133922.13004800546,1813653.1945958298,143,3851,57177778836.935776,BENIGN
140670.41904321333,709231.2816339284,463,5196,121288826885.74881,BENIGN
5625.338008096218,95356.89995691011,200,3436,60361849.922447436,BENIGN
48801.522214750505,121516.59729709849,331,6181,79354999811.79645,BENIGN
82250.08997596503,473.530644629411,1034,8694,156412571993.2162,BENIGN
43821.18839182378,288415.77167371154,858,22147,25334920504.219517,BENIGN
13804.402760145595,560888.9926215226,133,2547,5908573306.510949,BENIGN
77637.98028857552,1101249.9283703582,152,7981,39770853185.541,BENIGN
155947.74413661397,818317.8952438572,107,269,114141440385.21275,BENIGN
15600.946076998252,2594816.615124541,891,26127,5856587914.850992,BENIGN
6975.339877260383,123797.67155564678,425,13427,100515273.32307214,BENIGN
34240.22240573128,3058451.8466146304,1694,68792,17983399167.71138,BENIGN
7944.052147209342,141514.49748152666,200,3508,80220524.71213168,BENIGN
25786.6524049687,165730.01342199682,2442,96084,13540830209.611086,BENIGN
13179.938205601673,629164.3377443936,2171,129943,7657343568.081038,BENIGN
1520.2253901080528,663.296415536636,307,15074,5257797.014114626,BENIGN
2834.2605737636763,768.7866112908964,244,16287,9248769.003729317,BENIGN
535.155282380791,15885.650280239008,106,2736,1959254.3270707538,BENIGN
44763.559213171335,4228163.589183063,165,8657,22506957809.984913,BENIGN
56375.11038055729,660247.6592045835,276,3918,21070395962.94477,BENIGN
193110.70729070116,5237670.969028187,189,4917,103130597525.5163,BENIGN
15569.90858562596,93727.61947601449,1118,54048,9074878895.109018,BENIGN
5511.486466495853,91308.21300795533,327,16105,181516706.23405403,BENIGN
11077.35360198221,227591.3544518697,244,5226,138964322.28522703,BENIGN
7513.744091945947,151255.96593713705,264,5476,132578271.52969807,BENIGN
6060.620910222473,133487.3649718277,258,5698,88073083.91016403,BENIGN
6999.376154631516,122852.37288106534,387,31856,104664723.50966649,BENIGN
1284.0206268948941,10422.297558170278,1235,47606,28031412.526045065,BENIGN
28.071560558753486,875.7248447034018,1261,36563,4880.674197299604,BENIGN
1588.2168863053223,10724.315592511331,720,68528,41164066.2424694,BENIGN
4336.529854864283,185435.01486501313,1023,107365,654522284.8728819,BENIGN
21002.872370793586,715071.2870498869,128,3729,8486146400.631503,BENIGN
330.04145630062527,8463.371154826898,114,2955,1344465.2502657576,BENIGN
103.73592247333117,2775.73195680349,104,2732,81978.00827415597,BENIGN
705.4726442976239,16484.64926131664,108,2658,2910316.752178512,BENIGN
71004.23889073073,1979136.3788024217,827,28363,94909855446.14998,BENIGN
14051.895851026904,260989.7585148789,1957,40692,159311660.46881494,BENIGN
3000.9109311645916,39480.86288360547,1183,48102,66035605.029014565,BENIGN
10612.47326635021,218090.81166089894,201,5278,141239293.13256693,BENIGN
13739.067316031547,288194.71540313936,204,4370,216842648.9648064,BENIGN
13977.004486376825,304908.12907005224,200,4318,157869358.33931902,BENIGN
16371.421478429698,149555.29596394152,578,14965,3672452339.4291525,BENIGN
21513.501369970003,69158.97250852681,2219,64283,19968097140.562595,BENIGN
131768.14167289232,1054424.1116492918,645,22748,65178231535.49617,BENIGN
129268.46280393204,1458815.215019738,117,1080,49635179254.86296,BENIGN
190818.9942615371,1639642.486181306,105,914,129520727470.07602,BENIGN
48220.05042943099,592378.4020818649,219,3415,22587410172.53545,BENIGN
1263.2033561298185,6978.204337358013,1491,130156,13990451.727572931,BENIGN
1210.5244355896893,9369.800776358168,591,20557,10881307.516920319,BENIGN
2530.331924632191,722.5126040610328,248,15288,8762736.169115921,BENIGN
8241.825647679516,28473.777217407267,260,9830,2214393504.3599973,BENIGN
38975.29181539935,502627.80529244244,601,11773,19381440932.32697,BENIGN
283542.16253727674,14905328.27908658,261,10182,163916715409.2209,BENIGN
155409.08492650042,10928843.453699742,377,52517,88249602866.42947,BENIGN
44024.185584552266,12413934.72932608,998,35803,79789860623.90015,BENIGN
2961.5338157469146,47331.640743833894,690,16540,54219828.31519544,BENIGN
36674.877477797054,220279.34261976558,1724,99818,44842452946.96049,BENIGN
18725.17824605957,139490.4937471116,747,14234,11190992169.60051,BENIGN
3936.832574978558,79721.85645557915,200,3966,69784585.12303586,BENIGN
6039.9646252731545,110075.89372175113,200,3646,101575461.86504975,BENIGN
47274.05384932155,331133.1736418164,433,13126,28141781136.942726,BENIGN
32018.0435627089,181913.67093799036,747,40512,17242591414.969738,BENIGN
14852.07151935074,209761.11891285115,2847,130306,5035180474.053059,BENIGN
24972.745122510336,1984684.5702304193,216,7374,13991865532.59895,BENIGN
446.9202018388468,13984.177394486709,108,2921,1700330.440765407,BENIGN
518.6097490496389,15725.659748681583,110,2832,1834886.7047843414,BENIGN
684.6859193039203,8610.102224446457,198,6974,16110005.777995713,BENIGN
504.3590030474282,1945.5269869667602,1627,21691,6174430.926884009,BENIGN
6995.757083720818,148184.53540207958,480,15993,123857948.03076452,BENIGN
6138.828303902394,112063.63328169494,906,21322,123479481.77627225,BENIGN
49110.38947950153,1021938.4222086805,424,9391,21635689707.93326,BENIGN
70162.92170084419,1282315.0347088592,149,3032,26736690610.03152,BENIGN
294097.6747333571,2009644.566528528,113,1077,263270460808.35864,BENIGN
326093.9143481705,2128055.063067396,146,1884,159346080222.11273,BENIGN
26233.979504091996,304788.9897734015,816,30929,13534577211.779816,BENIGN
32463.754083471227,3141959.927766406,476,17378,11827856908.43746,BENIGN
5194.315245091363,32643.279956046885,438,26806,91555723.35154946,BENIGN
1240.3675441693315,9839.240706773402,1437,122893,17628219.690075833,BENIGN
1902.7752641106008,744.4181676919334,255,15735,6240239.016594629,BENIGN
2394.165955250597,9828.116432576891,204,12526,7365131.0540979495,BENIGN
114279.56473132595,1328823.2348615404,255,24584,164631591733.93927,BENIGN
87991.70179696547,663135.9866470807,249,5775,94442739450.17804,BENIGN
113931.69860864073,3148445.164254329,233,2965,70105585471.53813,BENIGN
84901.72628149047,555177.3122325465,254,32455,39160095258.64985,BENIGN
132206.09372855685,3991322.816225411,358,46117,67298614472.94035,BENIGN
201.81506285207547,4934.6512625077385,118,2932,701562.9115283575,BENIGN
31736.6528500555,2964238.6965104686,6022,94942,12136515132.837843,BENIGN
5217.985380548725,95643.39230014085,769,22709,99703634.8101617,BENIGN
12238.813614558394,242954.3592896641,204,3878,149444117.9843663,BENIGN
9152.474282565441,167459.9749535415,2473,66348,151766611.488741,BENIGN
47.816656584914156,805.5648569265364,961,30081,22894.470742395726,BENIGN
156707.12284324435,1980170.618226417,168,28210,121039854345.14323,BENIGN
299784.1016823883,4392820.0275372835,144,2389,319031659923.8481,BENIGN
66302.3300865644,1617580.3560958432,1904,42151,90247273848.02754,BENIGN
2450.334960858152,47906.62457130903,954,54742,43916288.50463565,BENIGN
9833.970804365665,212342.8906763195,242,5610,160667051.8136259,BENIGN
6887.653915028683,168995.9876397833,268,6540,112323632.73805791,BENIGN
10766.295639221158,228224.44868757992,238,5186,150528336.39815283,BENIGN
1961.6682715526028,35410.1824799002,1312,30415,44871203.94349759,BENIGN
32.013161604822805,539.0222326528647,2051,47942,14546.328971837429,BENIGN
796.7870095298764,14473.88632825356,1177,65876,14497238.524728242,BENIGN
20210.23839649181,2659146.8832682096,879,22939,5675773331.230628,BENIGN
58657.96428842813,520913.43445643305,496,35019,87443057486.6334,BENIGN
23936.235147889936,1166466.9942029659,1619,125940,13075399639.090836,BENIGN
1620.6323990122796,732.2861886951246,257,15451,5169770.731513585,BENIGN
2538.487722503101,757.385520441634,237,15505,6940830.865484723,BENIGN
246.99890770294917,6458.922113111792,106,2825,752205.5131384253,BENIGN
147.1862996058675,4040.075957629587,106,2678,567056.1489675186,BENIGN
66554.64115380099,20997201.462137643,228,24954,99010728388.72421,BENIGN
107988.72237093764,4023633.2883587377,2509,29834,113699246453.77669,BENIGN
11404.582075331899,217229.82818224552,837,15016,153572873.98394537,BENIGN
215323.8009560785,2506367.7679233043,295,3542,139029218139.7624,BENIGN
168794.26774932732,1521247.367775292,296,10753,124105783160.12782,BENIGN
1210.1276757853204,8369.88130339131,1091,95149,24830911.66348259,BENIGN
10492.983301304153,211624.5582335533,230,4942,147292282.86186942,BENIGN
10761.890699416597,206901.93355106527,238,4880,142825922.562561,BENIGN
4371.7738048538195,76555.96712815238,910,134614,80761761.1543717,BENIGN
11667.781869299843,42517.146888930154,931,107494,4992968723.294053,BENIGN
8952.505497281381,133186.57123896183,460,26624,134044771.14326298,BENIGN
2904.3790110088617,23950.895276523872,477,14246,80630792.28339386,BENIGN
582.8426683696524,11037.909556546723,174,5023,10661267.8962492,BENIGN
180031.8674300121,3447340.458517705,154,2997,306007446930.5643,BENIGN
264038.10823084717,3330133.4570634686,106,781,145241717714.20746,BENIGN
207625.27742777287,4580950.71229488,122,1224,101344612456.43025,BENIGN
112541.8929900316,1045787.8046294549,205,10152,58552182153.01653,BENIGN
2092.7123416889067,31294.724333331225,1042,45595,35503657.929187834,BENIGN
6002.662781568792,132352.89701239954,337,12854,94882424.79378466,BENIGN
8097.569995534965,170408.89738788453,246,5550,116463179.38091043,BENIGN
11812.574689264535,244956.21132493668,232,4938,142381823.72956917,BENIGN
10789.049080076296,213997.75319694728,236,4956,136009863.01024604,BENIGN
9074.103414220393,261185.4080792596,658,55708,118113344.80619366,BENIGN
3008.0125754506053,17838.160826933894,481,26510,99442951.73429687,BENIGN
906.2657456850371,6002.344650162659,2189,88178,12539082.911932092,BENIGN
17356.695351096874,137574.2613248767,1587,122553,8832685698.689688,BENIGN
7658.040029732201,43384.33003590588,2893,43440,275625906.6945316,BENIGN
14286.912899750661,104633.05182683993,1516,129189,5003045130.504301,BENIGN
3503.2325702208414,59909.46578239038,344,20996,54200172.22647607,BENIGN
2732.5145099805613,729.456443020576,248,15956,8474865.524026742,BENIGN
680.9701766130188,1947.4780295254425,154,7722,2924396.7614052715,BENIGN
149.49633433562985,3943.3666464507505,102,2643,466399.34366785584,BENIGN
209.61114815560083,5813.582603137051,102,2776,638484.6791758464,BENIGN
76359.04546506249,920131.9138942605,445,42490,89991855049.87532,BENIGN
19012.218567205666,294300.9337645025,321,8585,330271292.3366787,BENIGN
167035.96408438298,1480154.036813128,368,28639,145362379572.38654,BENIGN
37850.29765771599,266162.13658001774,146,1194,2779362464.3357577,BENIGN
400911.63963469886,1372722.937359298,261,509,300441299293.6341,BENIGN
112400.76527027859,644541.8032415431,443,32351,110604539103.47943,BENIGN
50018.14831461476,1124487.8719531463,238,9597,21604170404.065945,BENIGN
15402.925660174265,202110.60344462495,287,13694,409060045.2526945,BENIGN
230170.2633958078,2526841.490306783,527,40928,301652026625.6403,BENIGN
44086.31693376298,553575.9457731815,354,33433,13730161697.33852,BENIGN
90099.164938936,706290.1292953785,164,2693,40853624564.635666,BENIGN
23610.507379254046,695341.1877618878,402,15841,7644789415.197948,BENIGN
89946.88843093335,838227.3089696274,213,8217,93283658794.19492,BENIGN
